ID,Possession Status,Availability Starts From,Floor No,Commercial,Developer,Approved Authority Name,Units Available,Price,Price (English),Flooring Type,Electricity Status,Maintenance Type,Maintenance Charges,Booking Amount,Landmark,Covered Area,Project Name,sqft Price ,Carpet Area,Area Name,Property Uniqueness,Unit of Carpet Area,Society,Ownership Type,furnished Type,Bathroom,Parking,Facing,Amenities Facing,Transaction Type,Floor Data,Type of Property,City,bedroom,Data Referred From,floors,Water Status,Luxury Flat,Covered Area,Carpet Area Unit,isPrimeLocationProperty,Tenants Preference,Location,Property,covArea Unit,isLuxuryServiceProvided,Property Lifespan,balconies,Rera,Power Back Up,Lift,Rain Water Harvesting,Club House,Swimming Pool,Gymnasium,Park,Parking,Security,Water Storage,Private Terrace/Garden,Vaastu Compliant,Service/Goods Lift,Air Conditioned,Visitor Parking,Intercom Facility,Maintenance Staff,Waste Disposal,Laundry Service,Internet/Wi-Fi Connectivity,DTH Television Facility,RO Water System,Banquet Hall,Bar/Lounge,Cafeteria/Food Court,Conference Room,Piped Gas,Jogging and Strolling Track,Outdoor Tennis Courts,Mansion,Downtown,Skyline View,Wrap Around Balcony,Island Kitchen Layout,Full Glass Wall,House help accommodation,Concierge Services,Garden View,Marble flooring,Well Furnished,Modular Kitchen,Helipad,Private pool ,Private Jaccuzi,Mini Cinema Theatre,Golf Course,Infinity Swimming Pool,Pool with temperature control ,Sea facing,Skydeck,Earth quake resistant,Theme based Architectures,Health club with Steam / Jaccuzi,Large Clubhouse ,Large Open space,Fingerprint Access,Grand Entrance lobby,Private Garage,Fireplace,Wine Cellar,Sky Villa,Water Front,Hilltop,Smart Home,Barbeque space,Kids play area,Library,Puja Room,Study,Servant Room,Store,Aerobics Room,Canopy Walk,Coffee Lounge & Restaurants,Dance Studio,Event Space & Amphitheatre,Flower Gardens,Guest Accommodation,Indoor Squash & Badminton Courts,Kids Play Area,Kids Play Pool With Water Slides,Library And Business Centre,Meditation Area,Multipurpose Courts,Recreational Pool,Rentable CommuniPfty Space,Retail Boulevard (Retail Shops),Cycling & Jogging Track,Fire Fighting Equipment,Aesthetically designed landscape garden,Possession By,NRI Pref,Land Area / Covered Area,Land Area Unit,Pantry Type
12685,Under Construction,Dec '25,5,N,NA,KDMC,1,3150000,31.5 Lac,Vitrified,No/Rare Powercut,Per sq. Unit Monthly,3,100000,Kalyan West Bapgaon,635,NA,4960,375,Kalyan West,NA,Sq-ft,Y,Freehold,Unfurnished,2,1 Covered,East,"Garden/Park, Pool",New Property,5 of 14 Floor,Apartment,Thane,1,Agent,14,Water Availability 24 Hours Available,F,635,Sq-ft,Y,Bachelors/Family,"Kalyan West, Thane",1 BHK Flat,Sq-ft,0,NA,2,NA,1,1,1,1,1,1,1,1,1,1,1,1,1,1,1,1,1,1,1,1,1,1,1,1,1,1,1,1,1,1,1,1,1,1,1,1,1,1,1,1,1,1,1,1,1,1,1,1,1,1,1,1,1,1,1,1,1,1,1,1,1,1,1,1,1,1,1,1,1,1,1,1,1,1,1,1,1,1,1,1,1,1,1,1,1,1,1,1,1,1,NA,NA,NA,NA,NA
12684,Ready to Move,NA,20,Y,TATA Housing Development Company Ltd.,TMC,10,6300000,63 Lac,Vitrified,No/Rare Powercut,Per sq. Unit Monthly,3,100000,Rajoli naka,579,Tata Amantra,10880,579,Kalyan West,NA,Sq-ft,Y,Freehold,Unfurnished,2,1 Covered,East,Main Road,New Property,20 of 34 Floor,Apartment,Thane,2,Agent,34,Water Availability 24 Hours Available,F,579,Sq-ft,Y,Bachelors/Family,"Kalyan West, Thane",2 BHK Flat,Sq-ft,0,New Construction,NA,Y,1,1,1,1,1,1,1,1,1,1,1,1,1,1,1,1,1,1,1,1,1,1,1,1,1,1,1,1,1,1,1,1,1,1,1,1,1,1,1,1,1,1,1,1,1,1,1,1,1,1,1,1,1,1,1,1,1,1,1,1,1,1,1,1,1,1,1,1,1,1,1,1,1,1,1,1,1,1,1,1,1,1,1,1,1,1,1,1,1,1,NA,NA,NA,NA,NA
12683,Ready to Move,NA,18,N,Sai Satyam Developers,KDMC,0,5400000,54 Lac,Vitrified,No/Rare Powercut,Monthly,1200,100000,This property has reputed scholl ints vicinity.,850,Sai Satyam Homes,6352,585,Kalyan West,East Facing Property,Sq-ft,Y,Freehold,Unfurnished,2,1 Open,East,"Garden/Park, Main Road",New Property,18 of 18 Floor,Apartment,Thane,2,Agent,18,Water Availability 24 Hours Available,F,850,Sq-ft,Y,Bachelors/Family,"Kalyan West, Thane",2 BHK Flat,Sq-ft,0,New Construction,NA,NA,1,1,1,1,1,1,1,1,1,1,1,1,1,1,1,1,1,1,1,1,1,1,1,1,1,1,1,1,1,1,1,1,1,1,1,1,1,1,1,1,1,1,1,1,1,1,1,1,1,1,1,1,1,1,1,1,1,1,1,1,1,1,1,1,1,1,1,1,1,1,1,1,1,1,1,1,1,1,1,1,1,1,1,1,1,1,1,1,1,1,NA,Y,NA,NA,NA
12682,Under Construction,Dec '25,5,N,Birla Estates,KDMC,70,9000000,90 Lac,Vitrified,No/Rare Powercut,Monthly,3200,100000,Shahad is one of the attractive locations to own a home,1050,Birla Vanya,8571,815,Kalyan West,NA,Sq-ft,Y,Freehold,Unfurnished,2,"1 Covered, 1 Open",East,"Pool, Garden/Park, Main Road",New Property,5 of 27 Floor,Apartment,Thane,2,Agent,27,Water Availability 24 Hours Available,F,1050,Sq-ft,Y,Bachelors/Family,"Kalyan West, Thane",2 BHK Flat,Sq-ft,0,NA,3,Y,1,1,1,1,1,1,1,1,1,1,1,1,1,1,1,1,1,1,1,1,1,1,1,1,1,1,1,1,1,1,1,1,1,1,1,1,1,1,1,1,1,1,1,1,1,1,1,1,1,1,1,1,1,1,1,1,1,1,1,1,1,1,1,1,1,1,1,1,1,1,1,1,1,1,1,1,1,1,1,1,1,1,1,1,1,1,1,1,1,1,NA,NA,NA,NA,NA
12681,Under Construction,Dec '24,8,Y,Godrej Properties,NA,NA,4950000,49.5 Lac,NA,NA,NA,NA,500000,majiwada metro station,561,Godrej Nirvaan,8824,419,Kalyan West,NA,Sq-ft,Y,Freehold,Semi-Furnished,2,NA,East,Garden/Park,New Property,8 of 26 Floor,Apartment,Thane,1,Agent,26,NA,F,561,Sq-ft,Y,Bachelors/Family,"Kalyan West, Thane",1 BHK Flat,Sq-ft,0,NA,NA,Y,1,1,1,1,1,1,1,1,1,1,1,1,1,1,1,1,1,1,1,1,1,1,1,1,1,1,1,1,1,1,1,1,1,1,1,1,1,1,1,1,1,1,1,1,1,1,1,1,1,1,1,1,1,1,1,1,1,1,1,1,1,1,1,1,1,1,1,1,0,1,1,1,1,1,1,1,1,1,1,1,1,1,1,1,1,1,1,1,1,1,NA,NA,NA,NA,NA
12680,Under Construction,Mar '23,16,N,Tycoons Group,ABAAut,2,6570000,65.7 Lac,Vitrified,No/Rare Powercut,Monthly,2,50000,"Close to tree house school, Dmart, KDMC garden, Spring time Club.",1067,Tycoons Solitaire Sapphire,6157,667,Kalyan West,NA,Sq-ft,Y,Freehold,Unfurnished,2,1 Covered,North - East,"Garden/Park, Main Road",New Property,16 of 18 Floor,Apartment,Thane,2,Agent,18,Water Availability 24 Hours Available,F,1067,Sq-ft,Y,Bachelors/Family,"Kalyan West, Thane",2 BHK Flat,Sq-ft,0,NA,1,Y,1,1,1,1,1,1,1,1,1,1,1,1,1,1,1,1,1,1,1,1,1,1,1,1,1,1,1,1,1,1,1,1,1,1,1,1,1,1,1,1,1,1,1,1,1,1,1,1,1,1,1,1,1,1,1,1,1,1,1,1,1,1,1,1,1,1,1,1,1,1,1,1,1,1,1,1,1,1,1,1,1,1,1,1,1,1,1,1,1,1,NA,NA,NA,NA,NA
12679,Ready to Move,NA,1,N,NA,KDMC,4,5500000,55 Lac,Vitrified,No/Rare Powercut,Monthly,2000,51000,Tilak Chowck,725,NA,7586,550,Kalyan West,NA,Sq-ft,N,Co-operative Society,Unfurnished,2,NA,East,"Garden/Park, Main Road",Resale,1 of 7 Floor,Apartment,Thane,2,Agent,7,Water Availability 24 Hours Available,F,725,Sq-ft,Y,Bachelors/Family,"Kalyan West, Thane",2 BHK Flat,Sq-ft,0,15 to 20 years,2,NA,1,1,1,1,1,1,1,1,1,1,1,1,1,1,1,1,1,1,1,1,1,1,1,1,1,1,1,1,1,1,1,1,1,1,1,1,1,1,1,1,1,1,1,1,1,1,1,1,1,1,1,1,1,1,1,1,1,1,1,1,1,1,1,1,1,1,1,1,1,1,1,1,1,1,1,1,1,1,1,1,1,1,1,1,1,1,1,1,1,1,NA,NA,NA,NA,NA
12678,Ready to Move,NA,4,N,NA,TMC,1,4200000,42 Lac,Vitrified,No/Rare Powercut,Monthly,1500,51000,Agra Road,650,NA,6462,585,Kalyan West,NA,Sq-ft,N,Freehold,Semi-Furnished,1,NA,East,Main Road,Resale,4 of 8 Floor,Apartment,Thane,1,Agent,8,Water Availability 24 Hours Available,F,650,Sq-ft,Y,Bachelors/Family,"Kalyan West, Thane",1 BHK Flat,Sq-ft,0,5 to 10 years,2,Y,1,1,1,1,1,1,1,1,1,1,1,1,1,1,1,1,1,1,1,1,1,1,1,1,1,1,1,1,1,1,1,1,1,1,1,1,1,1,1,1,1,1,1,1,1,1,1,1,1,1,1,1,1,1,1,1,1,1,1,1,1,1,1,1,1,1,1,1,1,1,1,1,1,1,1,1,1,1,1,1,1,1,1,1,1,1,1,1,1,1,NA,NA,NA,NA,NA
12677,Under Construction,Dec '25,16,N,Godrej Properties,ABAAut,15,3449000,34.5 Lac,Vitrified,No/Rare Powercut,Monthly,3,50000,Within 4 mins from 2 stations Shahad and Ambivali Within 12 mins,592,Godrej Riviera,5826,370,Kalyan West,NA,Sq-ft,Y,Freehold,Unfurnished,1,NA,North - East,"Garden/Park, Main Road",New Property,16 of 22 Floor,Apartment,Thane,1,Agent,22,Water Availability 24 Hours Available,F,592,Sq-ft,Y,Bachelors/Family,"Kalyan West, Thane",1 BHK Flat,Sq-ft,0,NA,1,Y,1,1,1,1,1,1,1,1,1,1,1,1,1,1,1,1,1,1,1,1,1,1,1,1,1,1,1,1,1,1,1,1,1,1,1,1,1,1,1,1,1,1,1,1,1,1,1,1,1,1,1,1,1,1,1,1,1,1,1,1,1,1,1,1,1,1,1,1,1,1,1,1,1,1,1,1,1,1,1,1,1,1,1,1,1,1,1,1,1,1,NA,NA,NA,NA,NA
12676,Ready to Move,NA,5,N,NA,NA,NA,5000000,50 Lac,NA,NA,NA,NA,100000,NA,644,NA,7764,430,Kalyan West,NA,Sq-ft,N,NA,Unfurnished,1,NA,West,NA,Resale,5 of 7 Floor,Apartment,Thane,1,Agent,7,NA,F,644,Sq-ft,Y,Bachelors/Family,"Kalyan West, Thane",1 BHK Flat,Sq-ft,0,10 to 15 years,1,NA,1,1,0,1,1,1,1,1,1,0,0,1,1,0,0,1,1,0,0,1,1,0,0,0,0,0,0,1,1,0,0,0,0,0,0,0,0,0,0,0,0,0,0,0,0,0,0,0,0,0,0,0,0,0,0,0,0,0,0,0,0,0,0,0,0,0,0,0,0,0,0,0,0,0,0,0,0,0,0,0,0,0,0,0,0,0,0,0,0,0,NA,NA,NA,NA,NA
12675,Under Construction,Dec '24,10,N,NA,KDMC,25,2990000,29.9 Lac,Vitrified,No/Rare Powercut,Monthly,1200,27000,near don bosco school,550,NA,5436,370,Kalyan West,NA,Sq-ft,Y,Freehold,Furnished,2,1 Open,East,"Garden/Park, Main Road, Pool",New Property,10 of 30 Floor,Apartment,Thane,1,Agent,30,Water Availability 24 Hours Available,F,550,Sq-ft,Y,Bachelors/Family,"Kalyan West, Thane",1 BHK Flat,Sq-ft,0,NA,3,NA,1,1,1,1,1,1,1,1,1,1,1,1,1,1,1,1,1,1,1,1,1,1,1,1,1,1,1,1,1,1,1,1,1,1,1,1,1,1,1,1,1,1,1,1,1,1,1,1,1,1,1,1,1,1,1,1,1,1,1,1,1,1,1,1,1,1,1,1,1,1,1,1,1,1,1,1,1,1,1,1,1,1,1,1,1,1,1,1,1,1,NA,NA,NA,NA,NA
12674,Under Construction,Dec '24,10,N,NA,KDMC,25,4190000,41.9 Lac,Vitrified,No/Rare Powercut,Monthly,1500,27000,near don bosco school,850,NA,7618,570,Kalyan West,NA,Sq-ft,Y,Freehold,Semi-Furnished,2,1 Covered,East,"Garden/Park, Main Road",New Property,10 of 30 Floor,Apartment,Thane,2,Agent,30,Water Availability 24 Hours Available,F,850,Sq-ft,Y,Bachelors/Family,"Kalyan West, Thane",2 BHK Flat,Sq-ft,0,NA,3,Y,1,1,1,1,1,1,1,1,1,1,1,1,1,1,1,1,1,1,1,1,1,1,1,1,1,1,1,1,1,1,1,1,1,1,1,1,1,1,1,1,1,1,1,1,1,1,1,1,1,1,1,1,1,1,1,1,1,1,1,1,1,1,1,1,1,1,1,1,1,1,1,1,1,1,1,1,1,1,1,1,1,1,1,1,1,1,1,1,1,1,NA,NA,NA,NA,NA
12673,Ready to Move,NA,9,Y,Tharwani Infrastructures,NA,NA,4900000,49 Lac,Vitrified,NA,NA,NA,NA,kalyan west,595,Rosalie,8235,NA,Kalyan West,NA,Sq-ft,N,Co-operative Society,Unfurnished,1,NA,North - East,Main Road,New Property,9 of 19 Floor,Apartment,Thane,1,Agent,19,NA,F,595,NA,Y,Bachelors/Family,"Kalyan West, Thane",1 BHK Flat,Sq-ft,0,New Construction,NA,NA,1,1,1,1,1,1,1,1,1,1,1,1,1,1,1,1,1,1,1,1,1,1,1,1,1,1,1,1,1,1,1,1,1,1,1,1,1,1,1,1,1,1,1,1,1,1,1,1,1,1,1,1,1,1,1,1,1,1,1,1,1,1,1,1,1,1,1,0,1,1,1,1,1,1,1,1,1,1,1,1,1,1,1,1,1,1,1,1,1,1,NA,NA,NA,NA,NA
12672,Ready to Move,NA,2,N,NA,ABAMNC,1,2187500,21.9 Lac,Vitrified,No/Rare Powercut,Monthly,1000,51000,Yash Hotel,595,NA,3676,450,Kalyan West,NA,Sq-ft,Y,Freehold,Unfurnished,1,1 Covered,North - East,Garden/Park,New Property,2 of 3 Floor,Apartment,Thane,1,Agent,3,Water Availability 24 Hours Available,F,595,Sq-ft,Y,Bachelors/Family,"Kalyan West, Thane",1 BHK Flat,Sq-ft,0,New Construction,1,NA,1,1,0,0,0,0,1,1,1,0,0,1,0,0,1,0,0,0,0,0,0,0,0,0,0,0,0,0,0,0,0,0,0,0,0,0,0,0,0,0,0,0,0,0,0,0,0,0,0,0,0,0,0,0,0,0,0,0,0,0,0,0,0,0,0,0,0,0,0,0,0,0,0,0,0,0,0,0,0,0,0,0,0,0,0,0,0,0,0,0,NA,NA,NA,NA,NA
12671,Ready to Move,NA,16,N,Gurukrupa Group,NA,0,4700000,47 Lac,Vitrified,NA,Per sq. Unit Monthly,3,100000,Near Yogi Dam,695,Guru Atman,6763,462,Kalyan West,NA,Sq-ft,N,Co-operative Society,Unfurnished,1,NA,North - West,Main Road,Resale,16 of 18 Floor,Apartment,Thane,1,Agent,18,NA,F,695,Sq-ft,Y,Bachelors/Family,"Kalyan West, Thane",1 BHK Flat,Sq-ft,0,Less than 5 years,1,NA,1,1,1,1,1,1,1,1,1,1,1,1,1,1,1,1,1,1,1,1,1,1,1,1,1,1,1,1,1,1,1,1,1,1,1,1,1,1,1,1,1,1,1,1,1,1,1,1,1,1,1,1,1,1,1,1,1,1,1,1,1,1,1,1,1,1,1,0,1,1,1,1,1,1,1,1,1,1,1,1,1,1,1,1,1,1,1,1,1,1,NA,NA,NA,NA,NA
12670,Under Construction,Jan '26,9,N,NA,ABADev,10,10450000,1.04 Cr,Vitrified,No/Rare Powercut,Monthly,1600,51000,Godrej Hill near Dmart Opposite Tycoons ValleyKhadakpada Kalyan West,NA,NA,10674,980,Kalyan West,NA,NA,Y,Freehold,Unfurnished,2,"1 Covered, 1 Open",North - East,Garden/Park,New Property,9 of 26 Floor,Apartment,Thane,3,Agent,26,Water Availability 24 Hours Available,F,NA,Sq-ft,Y,Bachelors/Family,"Kalyan West, Thane",3 BHK Flat,NA,0,NA,3,NA,1,1,1,1,1,1,1,1,1,1,1,1,1,1,1,1,1,1,1,1,1,1,1,1,1,1,1,1,1,1,1,1,1,1,1,1,1,1,1,1,1,1,1,1,1,1,1,1,1,1,1,1,1,1,1,1,1,1,1,1,1,1,1,1,1,1,1,1,1,1,1,1,1,1,1,1,1,1,1,1,1,1,1,1,1,1,1,1,1,1,NA,NA,NA,NA,NA
12669,Under Construction,Nov '25,18,N,NA,KDMC,NA,12000000,1.20 Cr,Vitrified,No/Rare Powercut,Monthly,2500,100000,khadhakpada vasant park near by D mart,1350,NA,8889,927,Kalyan West,East Facing Property,Sq-ft,N,Power Of Attorney,Unfurnished,3,1 Open,East,"Garden/Park, Pool, Main Road",New Property,18 of 36 Floor,Apartment,Thane,3,Agent,36,Water Availability 24 Hours Available,F,1350,Sq-ft,Y,Bachelors/Family,"Kalyan West, Thane",3 BHK Flat,Sq-ft,0,NA,3,NA,1,1,1,1,1,1,1,1,1,1,1,1,1,1,1,1,1,1,1,1,1,1,1,1,1,1,1,1,1,1,1,1,1,1,1,1,1,1,1,1,1,1,1,1,1,1,1,1,1,1,1,1,1,1,1,1,1,1,1,1,1,1,1,1,1,1,1,1,1,1,1,1,1,1,1,1,1,1,1,1,1,1,1,1,1,1,1,1,1,1,NA,NA,NA,NA,NA
12668,Under Construction,Mar '23,9,N,Gurukrupa Group,KDMC,3,7000000,70 Lac,Vitrified,No/Rare Powercut,Monthly,2500,51000,Atm 500mdmart 500mbank    500m school 500m.,960,Guru Atman,7608,650,Kalyan West,NA,Sq-ft,N,Freehold,Unfurnished,2,1 Open,North - East,"Garden/Park, Pool",Resale,9 of 23 Floor,Apartment,Thane,2,Agent,23,Water Availability 24 Hours Available,F,960,Sq-ft,Y,Bachelors/Family,"Kalyan West, Thane",2 BHK Flat,Sq-ft,0,NA,2,NA,1,1,1,1,1,1,1,1,1,1,1,1,1,1,1,1,1,1,1,1,1,1,1,1,1,1,1,1,1,1,1,1,1,1,1,1,1,1,1,1,1,1,1,1,1,1,1,1,1,1,1,1,1,1,1,1,1,1,1,1,1,1,1,1,1,1,1,1,1,1,0,1,1,1,1,1,1,1,1,1,1,1,1,1,1,1,1,1,1,1,NA,NA,NA,NA,NA
12667,Under Construction,Dec '23,9,N,Rutu Group,KDMC,7,7000000,70 Lac,Vitrified,No/Rare Powercut,Monthly,0,100000,agrawal college,1010,Riverview Classic,6930,761,Kalyan West,NA,Sq-ft,Y,Freehold,Unfurnished,2,1 Open,North - East,"Garden/Park, Pool, Main Road",New Property,9 of 15 Floor,Apartment,Thane,2,Agent,15,Water Availability 24 Hours Available,F,1010,Sq-ft,Y,Bachelors/Family,"Kalyan West, Thane",2 BHK Flat,Sq-ft,0,NA,2,Y,1,1,1,1,1,1,1,1,1,1,1,1,1,1,1,1,1,1,1,1,1,1,1,1,1,1,1,1,1,1,1,1,1,1,1,1,1,1,1,1,1,1,1,1,1,1,1,1,1,1,1,1,1,1,1,1,1,1,1,1,1,1,1,1,1,1,1,1,1,1,1,1,1,1,1,1,1,1,1,1,1,1,1,1,1,1,1,1,1,1,NA,NA,NA,NA,NA
12666,Ready to Move,NA,4,N,Ajmera Realty & Infra India Ltd.,KDMC,1,4800000,48 Lac,Vitrified,No/Rare Powercut,Per sq. Unit Monthly,4,51000,Yogidham Road kalyan station 2.5km,711,Ajmera New Era,6751,460,Kalyan West,NA,Sq-ft,N,Freehold,Unfurnished,2,NA,North - East,Main Road,Resale,4 of 21 Floor,Apartment,Thane,1,Agent,21,Water Availability 2 Hours Available,F,711,Sq-ft,Y,Bachelors/Family,"Kalyan West, Thane",1 BHK Flat,Sq-ft,0,Less than 5 years,1,NA,1,1,1,1,1,1,1,1,1,1,1,1,1,1,1,1,1,1,1,1,1,1,1,1,1,1,1,1,1,1,1,1,1,1,1,1,1,1,1,1,1,1,1,1,1,1,1,1,1,1,1,1,1,1,1,1,1,1,1,1,1,1,1,1,1,1,1,0,1,1,1,1,1,1,1,1,1,1,1,1,1,1,1,1,1,1,1,1,1,1,NA,NA,NA,NA,NA
12665,Under Construction,Aug '25,20,N,Birla Estates,KDMC,50,9500000,95 Lac,"Ceramic Tiles,Granite,Marble,Marbonite,Mosaic,Vitrified,Wooden",No/Rare Powercut,Monthly,4500,100000,near by shahad station  birla college,1000,Birla Vanya,9500,661,Kalyan West,NA,Sq-ft,Y,Freehold,Semi-Furnished,2,1 Covered,North - West,"Garden/Park, Pool, Main Road",New Property,20 of 38 Floor,Apartment,Thane,2,Agent,38,Water Availability 24 Hours Available,F,1000,Sq-ft,Y,Bachelors/Family,"Kalyan West, Thane",2 BHK Flat,Sq-ft,0,NA,1,Y,1,1,1,1,1,1,1,1,1,1,1,1,1,1,1,1,1,1,1,1,1,1,1,1,1,1,1,1,1,1,1,1,1,1,1,1,1,1,1,1,1,1,1,1,1,1,1,1,1,1,1,1,1,1,1,1,1,1,1,1,1,1,1,1,1,1,1,1,1,1,1,1,1,1,1,1,1,1,1,1,1,1,1,1,1,1,1,1,1,1,NA,NA,NA,NA,NA
12664,Under Construction,Dec '24,18,N,Ajmera Realty & Infra India Ltd.,KDMC,10,7499000,75 Lac,"Ceramic Tiles,Granite,Marble,Vitrified",No/Rare Powercut,Monthly,0,45000,"KalyanMurbad Rd, opp. KDMC Bus Depo, Yogidham, Kalyan West, Kalyan,",709,One Kalyan,12415,709,Kalyan West,NA,Sq-ft,Y,Freehold,Unfurnished,2,1 Covered,North - East,"Garden/Park, Pool, Main Road",New Property,18 of 27 Floor,Apartment,Thane,2,Agent,27,Water Availability 24 Hours Available,F,709,Sq-ft,Y,Bachelors/Family,"Kalyan West, Thane",2 BHK Flat,Sq-ft,0,NA,2,Y,1,1,1,1,1,1,1,1,1,1,1,1,1,1,1,1,1,1,1,1,1,1,1,1,1,1,1,1,1,1,1,1,1,1,1,1,1,1,1,1,1,1,1,1,1,1,1,1,1,1,1,1,1,1,1,1,1,1,1,1,1,1,1,1,1,1,1,1,1,1,1,1,1,1,1,1,1,1,1,1,1,1,1,1,1,1,1,1,1,1,NA,NA,NA,NA,NA
12663,Ready to Move,Dec '22,5,N,Ajmera Realty & Infra India Ltd.,KDMC,2,4500000,45 Lac,Vitrified,No/Rare Powercut,Monthly,2200,51000,"Yogidham Area,Gholap Nagar,Kalyan West",675,Ajmera Bliss,6666,450,Kalyan West,East Facing Property,Sq-ft,Y,Freehold,Unfurnished,2,1 Open,East,"Garden/Park, Pool, Main Road",New Property,5 of 21 Floor,Apartment,Thane,1,Agent,21,Water Availability 24 Hours Available,F,675,Sq-ft,Y,Bachelors/Family,"Kalyan West, Thane",1 BHK Flat,Sq-ft,0,NA,3,NA,1,1,1,1,1,1,1,1,1,1,1,1,1,1,1,1,1,1,1,1,1,1,1,1,1,1,1,1,1,1,1,1,1,1,1,1,1,1,1,1,1,1,1,1,1,1,1,1,1,1,1,1,1,1,1,1,1,1,1,1,1,1,1,1,1,1,1,0,1,1,1,1,1,1,1,1,1,1,1,1,1,1,1,1,1,1,1,1,1,1,NA,NA,NA,NA,NA
12662,Under Construction,Jun '25,18,N,Godrej Properties,TMC,23,4300000,43 Lac,Vitrified,No/Rare Powercut,Yearly,0,50000,"Bhumi World - Industrial Park, Off, Mumbai - Nashik Expy, Maharashtra 421308",590,Godrej Upavan,7288,367,Kalyan West,East Facing Property,Sq-ft,N,Freehold,Unfurnished,2,1 Covered,East,"Garden/Park, Pool, Main Road",New Property,18 of 33 Floor,Apartment,Thane,1,Agent,33,Water Availability 24 Hours Available,F,590,Sq-ft,Y,Bachelors/Family,"Kalyan West, Thane",1 BHK Flat,Sq-ft,0,NA,NA,Y,1,1,1,1,1,1,1,1,1,1,1,1,1,1,1,1,1,1,1,1,1,1,1,1,1,1,1,1,1,1,1,1,1,1,1,1,1,1,1,1,1,1,1,1,1,1,1,1,1,1,1,1,1,1,1,1,1,1,1,1,1,1,1,1,1,1,1,1,1,1,1,1,1,1,1,1,1,1,1,1,1,1,1,1,1,1,1,1,1,1,NA,NA,NA,NA,NA
12661,Under Construction,Jan '24,11,N,Tycoons Group,ABADev,NA,3950000,39.5 Lac,Vitrified,No/Rare Powercut,Monthly,1200,51000,"Tycoons Square, near Birla School, Kalyan, Maharashtra 421301",NA,Tycoons Square,NA,390,Kalyan West,East Facing Property,NA,Y,Freehold,Furnished,2,"1 Covered, 1 Open",East,Garden/Park,New Property,11 of 29 Floor,Apartment,Thane,1,Agent,29,Water Availability 24 Hours Available,F,NA,Sq-ft,Y,Bachelors/Family,"Kalyan West, Thane",1 BHK Flat,NA,0,NA,1,NA,0,1,1,1,0,1,1,1,0,0,0,1,0,0,1,0,0,0,0,0,0,0,1,0,0,0,0,0,1,0,0,0,0,0,0,0,0,0,0,0,0,0,0,0,0,0,0,0,0,0,0,0,0,0,0,0,0,0,0,0,0,0,0,0,0,0,0,0,0,0,0,0,0,0,0,0,0,0,0,0,0,0,0,0,0,0,0,0,0,0,NA,NA,NA,NA,NA
12660,Ready to Move,Jan '23,21,N,Raunak Group,KDMC,NA,3600000,36 Lac,Vitrified,No/Rare Powercut,Monthly,NA,45000,Near Don Bosco School,645,Raunak Urban Centre,5581,467,Kalyan West,Near Don Bosco School,Sq-ft,Y,Freehold,Semi-Furnished,2,1 Open,North - East,"Garden/Park, Pool, Main Road",New Property,21 of 30 Floor,Apartment,Thane,1,Agent,30,Water Availability 24 Hours Available,F,645,Sq-ft,Y,Bachelors/Family,"Kalyan West, Thane",1 BHK Flat,Sq-ft,0,NA,2,NA,1,1,1,1,1,1,1,1,1,1,1,1,1,1,1,1,1,1,1,1,1,1,1,1,1,1,1,1,1,1,1,1,1,1,1,1,1,1,1,1,1,1,1,1,1,1,1,1,1,1,1,1,1,1,1,1,1,1,1,1,1,1,1,1,1,1,1,1,1,1,1,1,1,1,1,1,1,1,1,1,1,1,1,1,1,1,1,1,1,1,NA,Y,NA,NA,NA
12659,Ready to Move,NA,5,N,Vaishnavi Developers,ABAMNC,NA,3580000,35.8 Lac,Vitrified,NA,Monthly,1000,100000,Pari Hospital,650,Vaibhavi City,5508,460,Kalyan West,East Facing Property,Sq-ft,N,Freehold,Unfurnished,1,NA,East,"Garden/Park, Main Road",Resale,5 of 7 Floor,Apartment,Thane,1,Agent,7,NA,F,650,Sq-ft,Y,Bachelors/Family,"Kalyan West, Thane",1 BHK Flat,Sq-ft,0,New Construction,2,NA,1,1,1,1,1,1,1,1,1,1,1,1,1,1,1,1,1,1,1,1,1,1,1,1,1,1,1,1,1,1,1,1,1,1,1,1,1,1,1,1,1,1,1,1,1,1,1,1,1,1,1,1,1,1,1,1,1,1,1,1,1,1,1,1,1,1,1,0,1,1,1,1,1,1,1,1,1,1,1,1,1,1,1,1,1,1,1,1,1,1,NA,Y,NA,NA,NA
12658,Under Construction,Dec '24,7,N,NA,ABAMNC,2,14796000,1.47 Cr,"Granite,Marbonite,Wooden",No/Rare Powercut,Monthly,7000,100000,"Kalyan West,Kalyan Murbad Road",2160,NA,6850,1385,Kalyan West,East Facing Property,Sq-ft,Y,Freehold,Unfurnished,3,2 Covered,East,"Garden/Park, Pool, Main Road",New Property,7 of 36 Floor,Apartment,Thane,3,Agent,36,Water Availability 24 Hours Available,F,2160,Sq-ft,Y,Bachelors/Family,"Kalyan West, Thane",3 BHK Flat,Sq-ft,0,NA,4,Y,1,1,1,1,1,1,1,1,1,1,1,1,1,1,1,1,1,1,1,1,1,1,1,1,1,1,1,1,1,1,1,1,1,1,1,1,1,1,1,1,1,1,1,1,1,1,1,1,1,1,1,1,1,1,1,1,1,1,1,1,1,1,1,1,1,1,1,0,1,1,1,1,1,1,1,1,1,1,1,1,1,1,1,1,1,1,1,1,1,1,NA,NA,NA,NA,NA
12657,Under Construction,Dec '25,3,Y,NA,KDMC,12,4300000,43 Lac,Vitrified,No/Rare Powercut,Per sq. Unit Monthly,3,100000,Kalyan West Bapgaon.,854,NA,5035,505,Kalyan West,NA,Sq-ft,Y,Freehold,Unfurnished,2,1 Covered,East,"Garden/Park, Pool",New Property,3 of 14 Floor,Apartment,Thane,2,Agent,14,Water Availability 24 Hours Available,F,854,Sq-ft,Y,Bachelors/Family,"Kalyan West, Thane",2 BHK Flat,Sq-ft,0,NA,2,NA,1,1,1,1,1,1,1,1,1,1,1,1,1,1,1,1,1,1,1,1,1,1,1,1,1,1,1,1,1,1,1,1,1,1,1,1,1,1,1,1,1,1,1,1,1,1,1,1,1,1,1,1,1,1,1,1,1,1,1,1,1,1,1,1,1,1,1,1,1,1,1,1,1,1,1,1,1,1,1,1,1,1,1,1,1,1,1,1,1,1,NA,NA,NA,NA,NA
12656,Under Construction,Mar '26,10,N,NA,KDMC,12,4185500,41.9 Lac,Vitrified,No/Rare Powercut,Per sq. Unit Monthly,3,100000,Kalyan Station,384,NA,10899,384,Kalyan West,NA,Sq-ft,Y,Freehold,Unfurnished,2,1 Covered,East,"Garden/Park, Pool",New Property,10 of 23 Floor,Apartment,Thane,1,Agent,23,Water Availability 24 Hours Available,F,384,Sq-ft,Y,Bachelors/Family,"Kalyan West, Thane",1 BHK Flat,Sq-ft,0,NA,2,NA,1,1,1,1,1,1,1,1,1,1,1,1,1,1,1,1,1,1,1,1,1,1,1,1,1,1,1,1,1,1,1,1,1,1,1,1,1,1,1,1,1,1,1,1,1,1,1,1,1,1,1,1,1,1,1,1,1,1,1,1,1,1,1,1,1,1,1,1,1,1,1,1,1,1,1,1,1,1,1,1,1,1,1,1,1,1,1,1,1,1,NA,NA,NA,NA,NA
12655,Under Construction,Mar '23,16,N,Tycoons Group,ABAAut,2,6570000,65.7 Lac,Vitrified,No/Rare Powercut,Monthly,2,50000,"Close to tree house school, Dmart, KDMC garden, Spring time Club.",1067,Tycoons Solitaire Sapphire,6157,667,Kalyan West,NA,Sq-ft,Y,Freehold,Unfurnished,2,1 Covered,North - East,"Garden/Park, Main Road",New Property,16 of 18 Floor,Apartment,Thane,2,Agent,18,Water Availability 24 Hours Available,F,1067,Sq-ft,Y,Bachelors/Family,"Kalyan West, Thane",2 BHK Flat,Sq-ft,0,NA,1,Y,1,1,1,1,1,1,1,1,1,1,1,1,1,1,1,1,1,1,1,1,1,1,1,1,1,1,1,1,1,1,1,1,1,1,1,1,1,1,1,1,1,1,1,1,1,1,1,1,1,1,1,1,1,1,1,1,1,1,1,1,1,1,1,1,1,1,1,1,1,1,1,1,1,1,1,1,1,1,1,1,1,1,1,1,1,1,1,1,1,1,NA,NA,NA,NA,NA
12654,Ready to Move,NA,1,N,NA,KDMC,4,5500000,55 Lac,Vitrified,No/Rare Powercut,Monthly,2000,51000,Tilak Chowck,725,NA,7586,550,Kalyan West,NA,Sq-ft,N,Co-operative Society,Unfurnished,2,NA,East,"Garden/Park, Main Road",Resale,1 of 7 Floor,Apartment,Thane,2,Agent,7,Water Availability 24 Hours Available,F,725,Sq-ft,Y,Bachelors/Family,"Kalyan West, Thane",2 BHK Flat,Sq-ft,0,15 to 20 years,2,NA,1,1,1,1,1,1,1,1,1,1,1,1,1,1,1,1,1,1,1,1,1,1,1,1,1,1,1,1,1,1,1,1,1,1,1,1,1,1,1,1,1,1,1,1,1,1,1,1,1,1,1,1,1,1,1,1,1,1,1,1,1,1,1,1,1,1,1,1,1,1,1,1,1,1,1,1,1,1,1,1,1,1,1,1,1,1,1,1,1,1,NA,NA,NA,NA,NA
12653,Ready to Move,NA,4,N,NA,TMC,1,4200000,42 Lac,Vitrified,No/Rare Powercut,Monthly,1500,51000,Agra Road,650,NA,6462,585,Kalyan West,NA,Sq-ft,N,Freehold,Semi-Furnished,1,NA,East,Main Road,Resale,4 of 8 Floor,Apartment,Thane,1,Agent,8,Water Availability 24 Hours Available,F,650,Sq-ft,Y,Bachelors/Family,"Kalyan West, Thane",1 BHK Flat,Sq-ft,0,5 to 10 years,2,Y,1,1,1,1,1,1,1,1,1,1,1,1,1,1,1,1,1,1,1,1,1,1,1,1,1,1,1,1,1,1,1,1,1,1,1,1,1,1,1,1,1,1,1,1,1,1,1,1,1,1,1,1,1,1,1,1,1,1,1,1,1,1,1,1,1,1,1,1,1,1,1,1,1,1,1,1,1,1,1,1,1,1,1,1,1,1,1,1,1,1,NA,NA,NA,NA,NA
12652,Under Construction,Dec '25,16,N,Godrej Properties,ABAAut,15,3449000,34.5 Lac,Vitrified,No/Rare Powercut,Monthly,3,50000,Within 4 mins from 2 stations Shahad and Ambivali Within 12 mins,592,Godrej Riviera,5826,370,Kalyan West,NA,Sq-ft,Y,Freehold,Unfurnished,1,NA,North - East,"Garden/Park, Main Road",New Property,16 of 22 Floor,Apartment,Thane,1,Agent,22,Water Availability 24 Hours Available,F,592,Sq-ft,Y,Bachelors/Family,"Kalyan West, Thane",1 BHK Flat,Sq-ft,0,NA,1,Y,1,1,1,1,1,1,1,1,1,1,1,1,1,1,1,1,1,1,1,1,1,1,1,1,1,1,1,1,1,1,1,1,1,1,1,1,1,1,1,1,1,1,1,1,1,1,1,1,1,1,1,1,1,1,1,1,1,1,1,1,1,1,1,1,1,1,1,1,1,1,1,1,1,1,1,1,1,1,1,1,1,1,1,1,1,1,1,1,1,1,NA,NA,NA,NA,NA
12651,Ready to Move,NA,5,N,NA,NA,NA,5000000,50 Lac,NA,NA,NA,NA,100000,NA,644,NA,7764,430,Kalyan West,NA,Sq-ft,N,NA,Unfurnished,1,NA,West,NA,Resale,5 of 7 Floor,Apartment,Thane,1,Agent,7,NA,F,644,Sq-ft,Y,Bachelors/Family,"Kalyan West, Thane",1 BHK Flat,Sq-ft,0,10 to 15 years,1,NA,1,1,0,1,1,1,1,1,1,0,0,1,1,0,0,1,1,0,0,1,1,0,0,0,0,0,0,1,1,0,0,0,0,0,0,0,0,0,0,0,0,0,0,0,0,0,0,0,0,0,0,0,0,0,0,0,0,0,0,0,0,0,0,0,0,0,0,0,0,0,0,0,0,0,0,0,0,0,0,0,0,0,0,0,0,0,0,0,0,0,NA,NA,NA,NA,NA
12650,Under Construction,Dec '24,10,N,NA,KDMC,25,2990000,29.9 Lac,Vitrified,No/Rare Powercut,Monthly,1200,27000,near don bosco school,550,NA,5436,370,Kalyan West,NA,Sq-ft,Y,Freehold,Furnished,2,1 Open,East,"Garden/Park, Main Road, Pool",New Property,10 of 30 Floor,Apartment,Thane,1,Agent,30,Water Availability 24 Hours Available,F,550,Sq-ft,Y,Bachelors/Family,"Kalyan West, Thane",1 BHK Flat,Sq-ft,0,NA,3,NA,1,1,1,1,1,1,1,1,1,1,1,1,1,1,1,1,1,1,1,1,1,1,1,1,1,1,1,1,1,1,1,1,1,1,1,1,1,1,1,1,1,1,1,1,1,1,1,1,1,1,1,1,1,1,1,1,1,1,1,1,1,1,1,1,1,1,1,1,1,1,1,1,1,1,1,1,1,1,1,1,1,1,1,1,1,1,1,1,1,1,NA,NA,NA,NA,NA
12649,Under Construction,Dec '24,10,N,NA,KDMC,25,4190000,41.9 Lac,Vitrified,No/Rare Powercut,Monthly,1500,27000,near don bosco school,850,NA,7618,570,Kalyan West,NA,Sq-ft,Y,Freehold,Semi-Furnished,2,1 Covered,East,"Garden/Park, Main Road",New Property,10 of 30 Floor,Apartment,Thane,2,Agent,30,Water Availability 24 Hours Available,F,850,Sq-ft,Y,Bachelors/Family,"Kalyan West, Thane",2 BHK Flat,Sq-ft,0,NA,3,Y,1,1,1,1,1,1,1,1,1,1,1,1,1,1,1,1,1,1,1,1,1,1,1,1,1,1,1,1,1,1,1,1,1,1,1,1,1,1,1,1,1,1,1,1,1,1,1,1,1,1,1,1,1,1,1,1,1,1,1,1,1,1,1,1,1,1,1,1,1,1,1,1,1,1,1,1,1,1,1,1,1,1,1,1,1,1,1,1,1,1,NA,NA,NA,NA,NA
12648,Ready to Move,NA,9,Y,Tharwani Infrastructures,NA,NA,4900000,49 Lac,Vitrified,NA,NA,NA,NA,kalyan west,595,Rosalie,8235,NA,Kalyan West,NA,Sq-ft,N,Co-operative Society,Unfurnished,1,NA,North - East,Main Road,New Property,9 of 19 Floor,Apartment,Thane,1,Agent,19,NA,F,595,NA,Y,Bachelors/Family,"Kalyan West, Thane",1 BHK Flat,Sq-ft,0,New Construction,NA,NA,1,1,1,1,1,1,1,1,1,1,1,1,1,1,1,1,1,1,1,1,1,1,1,1,1,1,1,1,1,1,1,1,1,1,1,1,1,1,1,1,1,1,1,1,1,1,1,1,1,1,1,1,1,1,1,1,1,1,1,1,1,1,1,1,1,1,1,0,1,1,1,1,1,1,1,1,1,1,1,1,1,1,1,1,1,1,1,1,1,1,NA,NA,NA,NA,NA
12647,Ready to Move,NA,2,N,NA,ABAMNC,1,2187500,21.9 Lac,Vitrified,No/Rare Powercut,Monthly,1000,51000,Yash Hotel,595,NA,3676,450,Kalyan West,NA,Sq-ft,Y,Freehold,Unfurnished,1,1 Covered,North - East,Garden/Park,New Property,2 of 3 Floor,Apartment,Thane,1,Agent,3,Water Availability 24 Hours Available,F,595,Sq-ft,Y,Bachelors/Family,"Kalyan West, Thane",1 BHK Flat,Sq-ft,0,New Construction,1,NA,1,1,0,0,0,0,1,1,1,0,0,1,0,0,1,0,0,0,0,0,0,0,0,0,0,0,0,0,0,0,0,0,0,0,0,0,0,0,0,0,0,0,0,0,0,0,0,0,0,0,0,0,0,0,0,0,0,0,0,0,0,0,0,0,0,0,0,0,0,0,0,0,0,0,0,0,0,0,0,0,0,0,0,0,0,0,0,0,0,0,NA,NA,NA,NA,NA
12646,Ready to Move,NA,16,N,Gurukrupa Group,NA,0,4700000,47 Lac,Vitrified,NA,Per sq. Unit Monthly,3,100000,Near Yogi Dam,695,Guru Atman,6763,462,Kalyan West,NA,Sq-ft,N,Co-operative Society,Unfurnished,1,NA,North - West,Main Road,Resale,16 of 18 Floor,Apartment,Thane,1,Agent,18,NA,F,695,Sq-ft,Y,Bachelors/Family,"Kalyan West, Thane",1 BHK Flat,Sq-ft,0,Less than 5 years,1,NA,1,1,1,1,1,1,1,1,1,1,1,1,1,1,1,1,1,1,1,1,1,1,1,1,1,1,1,1,1,1,1,1,1,1,1,1,1,1,1,1,1,1,1,1,1,1,1,1,1,1,1,1,1,1,1,1,1,1,1,1,1,1,1,1,1,1,1,0,1,1,1,1,1,1,1,1,1,1,1,1,1,1,1,1,1,1,1,1,1,1,NA,NA,NA,NA,NA
12645,Under Construction,Jan '26,9,N,NA,ABADev,10,10450000,1.04 Cr,Vitrified,No/Rare Powercut,Monthly,1600,51000,Godrej Hill near Dmart Opposite Tycoons ValleyKhadakpada Kalyan West,NA,NA,10674,980,Kalyan West,NA,NA,Y,Freehold,Unfurnished,2,"1 Covered, 1 Open",North - East,Garden/Park,New Property,9 of 26 Floor,Apartment,Thane,3,Agent,26,Water Availability 24 Hours Available,F,NA,Sq-ft,Y,Bachelors/Family,"Kalyan West, Thane",3 BHK Flat,NA,0,NA,3,NA,1,1,1,1,1,1,1,1,1,1,1,1,1,1,1,1,1,1,1,1,1,1,1,1,1,1,1,1,1,1,1,1,1,1,1,1,1,1,1,1,1,1,1,1,1,1,1,1,1,1,1,1,1,1,1,1,1,1,1,1,1,1,1,1,1,1,1,1,1,1,1,1,1,1,1,1,1,1,1,1,1,1,1,1,1,1,1,1,1,1,NA,NA,NA,NA,NA
12644,Under Construction,Nov '25,18,N,NA,KDMC,NA,12000000,1.20 Cr,Vitrified,No/Rare Powercut,Monthly,2500,100000,khadhakpada vasant park near by D mart,1350,NA,8889,927,Kalyan West,East Facing Property,Sq-ft,N,Power Of Attorney,Unfurnished,3,1 Open,East,"Garden/Park, Pool, Main Road",New Property,18 of 36 Floor,Apartment,Thane,3,Agent,36,Water Availability 24 Hours Available,F,1350,Sq-ft,Y,Bachelors/Family,"Kalyan West, Thane",3 BHK Flat,Sq-ft,0,NA,3,NA,1,1,1,1,1,1,1,1,1,1,1,1,1,1,1,1,1,1,1,1,1,1,1,1,1,1,1,1,1,1,1,1,1,1,1,1,1,1,1,1,1,1,1,1,1,1,1,1,1,1,1,1,1,1,1,1,1,1,1,1,1,1,1,1,1,1,1,1,1,1,1,1,1,1,1,1,1,1,1,1,1,1,1,1,1,1,1,1,1,1,NA,NA,NA,NA,NA
12643,Under Construction,Mar '23,9,N,Gurukrupa Group,KDMC,3,7000000,70 Lac,Vitrified,No/Rare Powercut,Monthly,2500,51000,Atm 500mdmart 500mbank    500m school 500m.,960,Guru Atman,7608,650,Kalyan West,NA,Sq-ft,N,Freehold,Unfurnished,2,1 Open,North - East,"Garden/Park, Pool",Resale,9 of 23 Floor,Apartment,Thane,2,Agent,23,Water Availability 24 Hours Available,F,960,Sq-ft,Y,Bachelors/Family,"Kalyan West, Thane",2 BHK Flat,Sq-ft,0,NA,2,NA,1,1,1,1,1,1,1,1,1,1,1,1,1,1,1,1,1,1,1,1,1,1,1,1,1,1,1,1,1,1,1,1,1,1,1,1,1,1,1,1,1,1,1,1,1,1,1,1,1,1,1,1,1,1,1,1,1,1,1,1,1,1,1,1,1,1,1,1,1,1,0,1,1,1,1,1,1,1,1,1,1,1,1,1,1,1,1,1,1,1,NA,NA,NA,NA,NA
12642,Under Construction,Dec '23,9,N,Rutu Group,KDMC,7,7000000,70 Lac,Vitrified,No/Rare Powercut,Monthly,0,100000,agrawal college,1010,Riverview Classic,6930,761,Kalyan West,NA,Sq-ft,Y,Freehold,Unfurnished,2,1 Open,North - East,"Garden/Park, Pool, Main Road",New Property,9 of 15 Floor,Apartment,Thane,2,Agent,15,Water Availability 24 Hours Available,F,1010,Sq-ft,Y,Bachelors/Family,"Kalyan West, Thane",2 BHK Flat,Sq-ft,0,NA,2,Y,1,1,1,1,1,1,1,1,1,1,1,1,1,1,1,1,1,1,1,1,1,1,1,1,1,1,1,1,1,1,1,1,1,1,1,1,1,1,1,1,1,1,1,1,1,1,1,1,1,1,1,1,1,1,1,1,1,1,1,1,1,1,1,1,1,1,1,1,1,1,1,1,1,1,1,1,1,1,1,1,1,1,1,1,1,1,1,1,1,1,NA,NA,NA,NA,NA
12641,Ready to Move,NA,4,N,Ajmera Realty & Infra India Ltd.,KDMC,1,4800000,48 Lac,Vitrified,No/Rare Powercut,Per sq. Unit Monthly,4,51000,Yogidham Road kalyan station 2.5km,711,Ajmera New Era,6751,460,Kalyan West,NA,Sq-ft,N,Freehold,Unfurnished,2,NA,North - East,Main Road,Resale,4 of 21 Floor,Apartment,Thane,1,Agent,21,Water Availability 2 Hours Available,F,711,Sq-ft,Y,Bachelors/Family,"Kalyan West, Thane",1 BHK Flat,Sq-ft,0,Less than 5 years,1,NA,1,1,1,1,1,1,1,1,1,1,1,1,1,1,1,1,1,1,1,1,1,1,1,1,1,1,1,1,1,1,1,1,1,1,1,1,1,1,1,1,1,1,1,1,1,1,1,1,1,1,1,1,1,1,1,1,1,1,1,1,1,1,1,1,1,1,1,0,1,1,1,1,1,1,1,1,1,1,1,1,1,1,1,1,1,1,1,1,1,1,NA,NA,NA,NA,NA
12640,Under Construction,Aug '25,20,N,Birla Estates,KDMC,50,9500000,95 Lac,"Ceramic Tiles,Granite,Marble,Marbonite,Mosaic,Vitrified,Wooden",No/Rare Powercut,Monthly,4500,100000,near by shahad station  birla college,1000,Birla Vanya,9500,661,Kalyan West,NA,Sq-ft,Y,Freehold,Semi-Furnished,2,1 Covered,North - West,"Garden/Park, Pool, Main Road",New Property,20 of 38 Floor,Apartment,Thane,2,Agent,38,Water Availability 24 Hours Available,F,1000,Sq-ft,Y,Bachelors/Family,"Kalyan West, Thane",2 BHK Flat,Sq-ft,0,NA,1,Y,1,1,1,1,1,1,1,1,1,1,1,1,1,1,1,1,1,1,1,1,1,1,1,1,1,1,1,1,1,1,1,1,1,1,1,1,1,1,1,1,1,1,1,1,1,1,1,1,1,1,1,1,1,1,1,1,1,1,1,1,1,1,1,1,1,1,1,1,1,1,1,1,1,1,1,1,1,1,1,1,1,1,1,1,1,1,1,1,1,1,NA,NA,NA,NA,NA
12639,Under Construction,Dec '24,18,N,Ajmera Realty & Infra India Ltd.,KDMC,10,7499000,75 Lac,"Ceramic Tiles,Granite,Marble,Vitrified",No/Rare Powercut,Monthly,0,45000,"KalyanMurbad Rd, opp. KDMC Bus Depo, Yogidham, Kalyan West, Kalyan,",709,One Kalyan,12415,709,Kalyan West,NA,Sq-ft,Y,Freehold,Unfurnished,2,1 Covered,North - East,"Garden/Park, Pool, Main Road",New Property,18 of 27 Floor,Apartment,Thane,2,Agent,27,Water Availability 24 Hours Available,F,709,Sq-ft,Y,Bachelors/Family,"Kalyan West, Thane",2 BHK Flat,Sq-ft,0,NA,2,Y,1,1,1,1,1,1,1,1,1,1,1,1,1,1,1,1,1,1,1,1,1,1,1,1,1,1,1,1,1,1,1,1,1,1,1,1,1,1,1,1,1,1,1,1,1,1,1,1,1,1,1,1,1,1,1,1,1,1,1,1,1,1,1,1,1,1,1,1,1,1,1,1,1,1,1,1,1,1,1,1,1,1,1,1,1,1,1,1,1,1,NA,NA,NA,NA,NA
12638,Ready to Move,Dec '22,5,N,Ajmera Realty & Infra India Ltd.,KDMC,2,4500000,45 Lac,Vitrified,No/Rare Powercut,Monthly,2200,51000,"Yogidham Area,Gholap Nagar,Kalyan West",675,Ajmera Bliss,6666,450,Kalyan West,East Facing Property,Sq-ft,Y,Freehold,Unfurnished,2,1 Open,East,"Garden/Park, Pool, Main Road",New Property,5 of 21 Floor,Apartment,Thane,1,Agent,21,Water Availability 24 Hours Available,F,675,Sq-ft,Y,Bachelors/Family,"Kalyan West, Thane",1 BHK Flat,Sq-ft,0,NA,3,NA,1,1,1,1,1,1,1,1,1,1,1,1,1,1,1,1,1,1,1,1,1,1,1,1,1,1,1,1,1,1,1,1,1,1,1,1,1,1,1,1,1,1,1,1,1,1,1,1,1,1,1,1,1,1,1,1,1,1,1,1,1,1,1,1,1,1,1,0,1,1,1,1,1,1,1,1,1,1,1,1,1,1,1,1,1,1,1,1,1,1,NA,NA,NA,NA,NA
12637,Under Construction,Jun '25,18,N,Godrej Properties,TMC,23,4300000,43 Lac,Vitrified,No/Rare Powercut,Yearly,0,50000,"Bhumi World - Industrial Park, Off, Mumbai - Nashik Expy, Maharashtra 421308",590,Godrej Upavan,7288,367,Kalyan West,East Facing Property,Sq-ft,N,Freehold,Unfurnished,2,1 Covered,East,"Garden/Park, Pool, Main Road",New Property,18 of 33 Floor,Apartment,Thane,1,Agent,33,Water Availability 24 Hours Available,F,590,Sq-ft,Y,Bachelors/Family,"Kalyan West, Thane",1 BHK Flat,Sq-ft,0,NA,NA,Y,1,1,1,1,1,1,1,1,1,1,1,1,1,1,1,1,1,1,1,1,1,1,1,1,1,1,1,1,1,1,1,1,1,1,1,1,1,1,1,1,1,1,1,1,1,1,1,1,1,1,1,1,1,1,1,1,1,1,1,1,1,1,1,1,1,1,1,1,1,1,1,1,1,1,1,1,1,1,1,1,1,1,1,1,1,1,1,1,1,1,NA,NA,NA,NA,NA
12636,Under Construction,Jan '24,11,N,Tycoons Group,ABADev,NA,3950000,39.5 Lac,Vitrified,No/Rare Powercut,Monthly,1200,51000,"Tycoons Square, near Birla School, Kalyan, Maharashtra 421301",NA,Tycoons Square,NA,390,Kalyan West,East Facing Property,NA,Y,Freehold,Furnished,2,"1 Covered, 1 Open",East,Garden/Park,New Property,11 of 29 Floor,Apartment,Thane,1,Agent,29,Water Availability 24 Hours Available,F,NA,Sq-ft,Y,Bachelors/Family,"Kalyan West, Thane",1 BHK Flat,NA,0,NA,1,NA,0,1,1,1,0,1,1,1,0,0,0,1,0,0,1,0,0,0,0,0,0,0,1,0,0,0,0,0,1,0,0,0,0,0,0,0,0,0,0,0,0,0,0,0,0,0,0,0,0,0,0,0,0,0,0,0,0,0,0,0,0,0,0,0,0,0,0,0,0,0,0,0,0,0,0,0,0,0,0,0,0,0,0,0,0,0,0,0,0,0,NA,NA,NA,NA,NA
12635,Ready to Move,Jan '23,21,N,Raunak Group,KDMC,NA,3600000,36 Lac,Vitrified,No/Rare Powercut,Monthly,NA,45000,Near Don Bosco School,645,Raunak Urban Centre,5581,467,Kalyan West,Near Don Bosco School,Sq-ft,Y,Freehold,Semi-Furnished,2,1 Open,North - East,"Garden/Park, Pool, Main Road",New Property,21 of 30 Floor,Apartment,Thane,1,Agent,30,Water Availability 24 Hours Available,F,645,Sq-ft,Y,Bachelors/Family,"Kalyan West, Thane",1 BHK Flat,Sq-ft,0,NA,2,NA,1,1,1,1,1,1,1,1,1,1,1,1,1,1,1,1,1,1,1,1,1,1,1,1,1,1,1,1,1,1,1,1,1,1,1,1,1,1,1,1,1,1,1,1,1,1,1,1,1,1,1,1,1,1,1,1,1,1,1,1,1,1,1,1,1,1,1,1,1,1,1,1,1,1,1,1,1,1,1,1,1,1,1,1,1,1,1,1,1,1,NA,Y,NA,NA,NA
12634,Ready to Move,NA,5,N,Vaishnavi Developers,ABAMNC,NA,3580000,35.8 Lac,Vitrified,NA,Monthly,1000,100000,Pari Hospital,650,Vaibhavi City,5508,460,Kalyan West,East Facing Property,Sq-ft,N,Freehold,Unfurnished,1,NA,East,"Garden/Park, Main Road",Resale,5 of 7 Floor,Apartment,Thane,1,Agent,7,NA,F,650,Sq-ft,Y,Bachelors/Family,"Kalyan West, Thane",1 BHK Flat,Sq-ft,0,New Construction,2,NA,1,1,1,1,1,1,1,1,1,1,1,1,1,1,1,1,1,1,1,1,1,1,1,1,1,1,1,1,1,1,1,1,1,1,1,1,1,1,1,1,1,1,1,1,1,1,1,1,1,1,1,1,1,1,1,1,1,1,1,1,1,1,1,1,1,1,1,0,1,1,1,1,1,1,1,1,1,1,1,1,1,1,1,1,1,1,1,1,1,1,NA,Y,NA,NA,NA
12633,Under Construction,Dec '24,7,N,NA,ABAMNC,2,14796000,1.47 Cr,"Granite,Marbonite,Wooden",No/Rare Powercut,Monthly,7000,100000,"Kalyan West,Kalyan Murbad Road",2160,NA,6850,1385,Kalyan West,East Facing Property,Sq-ft,Y,Freehold,Unfurnished,3,2 Covered,East,"Garden/Park, Pool, Main Road",New Property,7 of 36 Floor,Apartment,Thane,3,Agent,36,Water Availability 24 Hours Available,F,2160,Sq-ft,Y,Bachelors/Family,"Kalyan West, Thane",3 BHK Flat,Sq-ft,0,NA,4,Y,1,1,1,1,1,1,1,1,1,1,1,1,1,1,1,1,1,1,1,1,1,1,1,1,1,1,1,1,1,1,1,1,1,1,1,1,1,1,1,1,1,1,1,1,1,1,1,1,1,1,1,1,1,1,1,1,1,1,1,1,1,1,1,1,1,1,1,0,1,1,1,1,1,1,1,1,1,1,1,1,1,1,1,1,1,1,1,1,1,1,NA,NA,NA,NA,NA
12632,Under Construction,Dec '25,3,Y,NA,KDMC,12,4300000,43 Lac,Vitrified,No/Rare Powercut,Per sq. Unit Monthly,3,100000,Kalyan West Bapgaon.,854,NA,5035,505,Kalyan West,NA,Sq-ft,Y,Freehold,Unfurnished,2,1 Covered,East,"Garden/Park, Pool",New Property,3 of 14 Floor,Apartment,Thane,2,Agent,14,Water Availability 24 Hours Available,F,854,Sq-ft,Y,Bachelors/Family,"Kalyan West, Thane",2 BHK Flat,Sq-ft,0,NA,2,NA,1,1,1,1,1,1,1,1,1,1,1,1,1,1,1,1,1,1,1,1,1,1,1,1,1,1,1,1,1,1,1,1,1,1,1,1,1,1,1,1,1,1,1,1,1,1,1,1,1,1,1,1,1,1,1,1,1,1,1,1,1,1,1,1,1,1,1,1,1,1,1,1,1,1,1,1,1,1,1,1,1,1,1,1,1,1,1,1,1,1,NA,NA,NA,NA,NA
12631,Under Construction,Mar '26,10,N,NA,KDMC,12,4185500,41.9 Lac,Vitrified,No/Rare Powercut,Per sq. Unit Monthly,3,100000,Kalyan Station,384,NA,10899,384,Kalyan West,NA,Sq-ft,Y,Freehold,Unfurnished,2,1 Covered,East,"Garden/Park, Pool",New Property,10 of 23 Floor,Apartment,Thane,1,Agent,23,Water Availability 24 Hours Available,F,384,Sq-ft,Y,Bachelors/Family,"Kalyan West, Thane",1 BHK Flat,Sq-ft,0,NA,2,NA,1,1,1,1,1,1,1,1,1,1,1,1,1,1,1,1,1,1,1,1,1,1,1,1,1,1,1,1,1,1,1,1,1,1,1,1,1,1,1,1,1,1,1,1,1,1,1,1,1,1,1,1,1,1,1,1,1,1,1,1,1,1,1,1,1,1,1,1,1,1,1,1,1,1,1,1,1,1,1,1,1,1,1,1,1,1,1,1,1,1,NA,NA,NA,NA,NA
12630,Ready to Move,NA,3,N,NA,NA,NA,2400000,24 Lac,NA,NA,NA,NA,NA,NA,675,NA,3556,NA,Kalyan West,NA,Sq-ft,Y,NA,Unfurnished,2,NA,NA,NA,Resale,3 of 3 Floor,Apartment,Thane,2,Owner,3,NA,F,675,NA,Y,Bachelors/Family,"Kalyan West, Thane",2 BHK Flat,Sq-ft,0,NA,NA,NA,0,0,0,0,0,0,0,0,0,0,0,0,0,0,0,0,0,0,0,0,0,0,0,0,0,0,0,0,0,0,0,0,0,0,0,0,0,0,0,0,0,0,0,0,0,0,0,0,0,0,0,0,0,0,0,0,0,0,0,0,0,0,0,0,0,0,0,0,0,0,0,0,0,0,0,0,0,0,0,0,0,0,0,0,0,0,0,0,0,0,NA,NA,NA,NA,NA
12629,Ready to Move,NA,3,N,NA,NA,NA,2000000,20 Lac,Ceramic Tiles,NA,NA,NA,NA,Behind Aditya lodge Jay Malhar Nagar Bapgaon,605,NA,3306,NA,Kalyan West,East Facing Property,Sq-ft,Y,Freehold,Unfurnished,1,NA,East,NA,Resale,3 of 3 Floor,Apartment,Thane,1,Owner,3,NA,F,605,NA,Y,Bachelors/Family,"Kalyan West, Thane",1 BHK Flat,Sq-ft,0,Less than 5 years,3,NA,1,1,1,1,1,1,1,1,1,1,1,1,1,1,1,1,1,1,1,1,1,1,1,1,1,1,1,1,1,1,1,1,1,1,1,1,1,1,1,1,1,1,1,1,1,1,1,1,1,1,1,1,1,1,1,1,1,1,1,1,1,1,1,1,1,1,1,1,1,1,1,1,1,1,1,1,1,1,1,1,1,1,1,1,1,1,1,1,1,1,NA,NA,NA,NA,NA
12628,Ready to Move,NA,NA,N,NA,NA,NA,2500000,25 Lac,NA,NA,NA,NA,NA,NA,620,NA,4032,NA,Kalyan West,NA,Sq-ft,Y,NA,Furnished,2,NA,NA,NA,Resale,NA,Residential House,Thane,2,Owner,NA,NA,F,620,NA,Y,Bachelors/Family,NA,NA,Sq-ft,0,Less than 5 years,1,NA,0,0,0,0,0,0,0,0,0,0,0,0,0,0,0,0,0,0,0,0,0,0,0,0,0,0,0,0,0,0,0,0,0,0,0,0,0,0,0,0,0,0,0,0,0,0,0,0,0,0,0,0,0,0,0,0,0,0,0,0,0,0,0,0,0,0,0,0,0,0,0,0,0,0,0,0,0,0,0,0,0,0,0,0,0,0,0,0,0,0,NA,NA,300,12850,NA
12627,Under Construction,NA,1,N,Mutha Construction,NA,NA,4000000,40 Lac,NA,NA,NA,NA,NA,NA,785,Sai Nirvana,5096,NA,Kalyan West,NA,Sq-ft,N,NA,Unfurnished,2,NA,NA,NA,Resale,1 of 4 Floor,Apartment,Thane,1,Owner,4,NA,F,785,NA,Y,Bachelors/Family,"Kalyan West, Thane",1 BHK Flat,Sq-ft,0,NA,NA,NA,0,0,0,0,0,0,0,0,0,0,0,0,0,0,0,0,0,0,0,0,0,0,0,0,0,0,0,0,0,0,0,0,0,0,0,0,0,0,0,0,0,0,0,0,0,0,0,0,0,0,0,0,0,0,0,0,0,0,0,0,0,0,0,0,0,0,0,0,0,0,0,0,0,0,0,0,0,0,0,0,0,0,0,0,0,0,0,0,0,0,NA,NA,NA,NA,NA
12626,Ready to Move,NA,12,N,Ajmera Realty & Infra India Ltd.,NA,NA,5000000,50 Lac,NA,NA,Monthly,NA,NA,NA,711,Ajmera New Era,7032,NA,Kalyan West,NA,Sq-ft,N,NA,Semi-Furnished,2,NA,NA,NA,Resale,12 of 21 Floor,Apartment,Thane,1,Owner,21,NA,F,711,NA,Y,Bachelors/Family,"Kalyan West, Thane",1 BHK Flat,Sq-ft,0,New Construction,NA,NA,0,0,0,0,0,0,0,0,0,0,0,0,0,0,0,0,0,0,0,0,0,0,0,0,0,0,0,0,0,0,0,0,0,0,0,0,0,0,0,0,0,0,0,0,0,0,0,0,0,0,0,0,0,0,0,0,0,0,0,0,0,0,0,0,0,0,0,0,0,0,0,0,0,0,0,0,0,0,0,0,0,0,0,0,0,0,0,0,0,0,NA,NA,NA,NA,NA
12625,Under Construction,NA,9,N,Godrej Properties,NA,NA,9500000,95 Lac,NA,NA,NA,NA,NA,NA,675,Godrej Nirvaan,14074,NA,Kalyan West,NA,Sq-ft,N,NA,Semi-Furnished,2,NA,NA,NA,Resale,9 of 21 Floor,Apartment,Thane,2,Owner,21,NA,F,675,NA,N,Bachelors/Family,"Kalyan West, Thane",2 BHK Flat,Sq-ft,0,NA,NA,NA,0,0,0,0,0,0,0,0,0,0,0,0,0,0,0,0,0,0,0,0,0,0,0,0,0,0,0,0,0,0,0,0,0,0,0,0,0,0,0,0,0,0,0,0,0,0,0,0,0,0,0,0,0,0,0,0,0,0,0,0,0,0,0,0,0,0,0,0,0,0,0,0,0,0,0,0,0,0,0,0,0,0,0,0,0,0,0,0,0,0,NA,NA,NA,NA,NA
12624,Ready to Move,NA,7,N,Madhav Constructions,NA,NA,6000000,60 Lac,Marble,NA,NA,NA,NA,Near Axis Bank. Khadakpada west,870,Madhav Shristi,6897,600,Kalyan West,Near Axis Bank. Khadakpada west,Sq-ft,N,NA,Semi-Furnished,2,NA,South - East,Garden/Park,Resale,7 of 7 Floor,Apartment,Thane,2,Owner,7,NA,F,870,Sq-ft,N,Bachelors/Family,"Kalyan West, Thane",2 BHK Flat,Sq-ft,0,5 to 10 years,NA,NA,1,1,0,1,0,0,1,0,1,0,0,0,0,0,0,0,0,0,0,0,0,0,0,0,0,0,0,0,0,0,0,0,0,0,0,0,0,0,0,0,0,0,0,0,0,0,0,0,0,0,0,0,0,0,0,0,0,0,0,0,0,0,0,0,0,0,0,0,0,0,0,0,0,0,0,0,0,0,0,0,0,0,0,0,0,0,0,0,0,0,NA,NA,NA,NA,NA
12623,Ready to Move,NA,4,N,Raunak Group,NA,NA,4000000,40 Lac,NA,NA,NA,NA,NA,NA,580,Raunak City 2,6897,NA,Kalyan West,NA,Sq-ft,N,NA,Semi-Furnished,1,NA,NA,NA,Resale,4 of 15 Floor,Apartment,Thane,1,Owner,15,NA,F,580,NA,N,Bachelors/Family,"Kalyan West, Thane",1 BHK Flat,Sq-ft,0,NA,NA,NA,0,0,0,0,0,0,0,0,0,0,0,0,0,0,0,0,0,0,0,0,0,0,0,0,0,0,0,0,0,0,0,0,0,0,0,0,0,0,0,0,0,0,0,0,0,0,0,0,0,0,0,0,0,0,0,0,0,0,0,0,0,0,0,0,0,0,0,0,0,0,0,0,0,0,0,0,0,0,0,0,0,0,0,0,0,0,0,0,0,0,NA,NA,NA,NA,NA
12622,Ready to Move,NA,2,N,Shree Vasturachna Developers,NA,NA,3400000,34 Lac,NA,NA,NA,NA,NA,NA,780,Vrundavan,4359,NA,Kalyan West,NA,Sq-ft,N,NA,Unfurnished,2,NA,NA,NA,Resale,2 of 5 Floor,Apartment,Thane,2,Owner,5,NA,F,780,NA,N,Bachelors/Family,"Kalyan West, Thane",2 BHK Flat,Sq-ft,0,NA,NA,NA,0,0,0,0,0,0,0,0,0,0,0,0,0,0,0,0,0,0,0,0,0,0,0,0,0,0,0,0,0,0,0,0,0,0,0,0,0,0,0,0,0,0,0,0,0,0,0,0,0,0,0,0,0,0,0,0,0,0,0,0,0,0,0,0,0,0,0,0,0,0,0,0,0,0,0,0,0,0,0,0,0,0,0,0,0,0,0,0,0,0,NA,NA,NA,NA,NA
12621,Ready to Move,NA,6,N,NA,KDMC,0,4300000,43 Lac,Vitrified,No/Rare Powercut,NA,NA,NA,NA,615,NA,6992,NA,Kalyan West,East Facing Property,Sq-ft,N,Co-operative Society,Unfurnished,1,NA,East,Main Road,Resale,6 of 7 Floor,Apartment,Thane,1,Owner,7,Water Availability 24 Hours Available,F,615,NA,N,Bachelors/Family,"Kalyan West, Thane",1 BHK Flat,Sq-ft,0,NA,NA,NA,1,1,0,0,0,0,1,0,1,1,0,0,0,0,0,0,0,0,0,0,0,0,0,0,0,0,0,0,0,0,0,0,0,0,0,0,0,0,0,0,0,0,0,0,0,0,0,0,0,0,0,0,0,0,0,0,0,0,0,0,0,0,0,0,0,0,0,0,0,0,0,0,0,0,0,0,0,0,0,0,0,0,0,0,0,0,0,0,0,0,NA,NA,NA,NA,NA
12620,Ready to Move,NA,12,N,Osho Dhara Developers,NA,NA,7000000,70 Lac,NA,NA,NA,NA,NA,NA,1200,Osho Dhara Residency,5833,NA,Kalyan West,NA,Sq-ft,N,NA,Furnished,2,NA,NA,NA,Resale,12 of 13 Floor,Apartment,Thane,2,Owner,13,NA,F,1200,NA,N,Bachelors/Family,"Kalyan West, Thane",2 BHK Flat,Sq-ft,0,NA,NA,NA,0,0,0,0,0,0,0,0,0,0,0,0,0,0,0,0,0,0,0,0,0,0,0,0,0,0,0,0,0,0,0,0,0,0,0,0,0,0,0,0,0,0,0,0,0,0,0,0,0,0,0,0,0,0,0,0,0,0,0,0,0,0,0,0,0,0,0,0,0,0,0,0,0,0,0,0,0,0,0,0,0,0,0,0,0,0,0,0,0,0,NA,NA,NA,NA,NA
12619,Ready to Move,NA,2,N,Kashish Park Realtors,NA,NA,3500000,35 Lac,NA,NA,NA,NA,NA,NA,445,Om Heights,7865,NA,Kalyan West,NA,Sq-ft,N,NA,Semi-Furnished,1,NA,NA,NA,Resale,2 of 6 Floor,Apartment,Thane,1,Owner,6,NA,F,445,NA,N,Bachelors/Family,"Kalyan West, Thane",1 BHK Flat,Sq-ft,0,NA,NA,NA,0,0,0,0,0,0,0,0,0,0,0,0,0,0,0,0,0,0,0,0,0,0,0,0,0,0,0,0,0,0,0,0,0,0,0,0,0,0,0,0,0,0,0,0,0,0,0,0,0,0,0,0,0,0,0,0,0,0,0,0,0,0,0,0,0,0,0,0,0,0,0,0,0,0,0,0,0,0,0,0,0,0,0,0,0,0,0,0,0,0,NA,NA,NA,NA,NA
12618,Under Construction,NA,4,N,Mahavir Builders,NA,NA,3000000,30 Lac,NA,NA,NA,NA,NA,NA,650,Mahavir Heights,4615,NA,Kalyan West,NA,Sq-ft,N,NA,Semi-Furnished,1,1 Covered,NA,NA,Resale,4 of 7 Floor,Apartment,Thane,1,Owner,7,NA,F,650,NA,N,Bachelors/Family,"Kalyan West, Thane",1 BHK Flat,Sq-ft,0,NA,2,NA,0,0,0,0,0,0,0,0,0,0,0,0,0,0,0,0,0,0,0,0,0,0,0,0,0,0,0,0,0,0,0,0,0,0,0,0,0,0,0,0,0,0,0,0,0,0,0,0,0,0,0,0,0,0,0,0,0,0,0,0,0,0,0,0,0,0,0,0,0,0,0,0,0,0,0,0,0,0,0,0,0,0,0,0,0,0,0,0,0,0,NA,NA,NA,NA,NA
12617,Ready to Move,NA,1,N,Saisatyam Group,NA,NA,4100000,41 Lac,NA,NA,NA,NA,NA,NA,671,Saisatyam Residency,6110,NA,Kalyan West,NA,Sq-ft,N,NA,Furnished,1,NA,NA,NA,Resale,1 of 7 Floor,Apartment,Thane,1,Owner,7,NA,F,671,NA,N,Bachelors/Family,"Kalyan West, Thane",1 BHK Flat,Sq-ft,0,NA,NA,NA,0,0,0,0,0,0,0,0,0,0,0,0,0,0,0,0,0,0,0,0,0,0,0,0,0,0,0,0,0,0,0,0,0,0,0,0,0,0,0,0,0,0,0,0,0,0,0,0,0,0,0,0,0,0,0,0,0,0,0,0,0,0,0,0,0,0,0,0,0,0,0,0,0,0,0,0,0,0,0,0,0,0,0,0,0,0,0,0,0,0,NA,NA,NA,NA,NA
12616,Under Construction,NA,20,N,Mutha Construction,NA,NA,9000000,90 Lac,NA,NA,NA,NA,NA,NA,1085,Sai Nirvana,8295,NA,Kalyan West,NA,Sq-ft,N,NA,Unfurnished,2,NA,NA,NA,Resale,20 of 32 Floor,Apartment,Thane,2,Owner,32,NA,F,1085,NA,N,Bachelors/Family,"Kalyan West, Thane",2 BHK Flat,Sq-ft,0,NA,NA,NA,0,0,0,0,0,0,0,0,0,0,0,0,0,0,0,0,0,0,0,0,0,0,0,0,0,0,0,0,0,0,0,0,0,0,0,0,0,0,0,0,0,0,0,0,0,0,0,0,0,0,0,0,0,0,0,0,0,0,0,0,0,0,0,0,0,0,0,0,0,0,0,0,0,0,0,0,0,0,0,0,0,0,0,0,0,0,0,0,0,0,NA,NA,NA,NA,NA
12615,Under Construction,Jun '23,11,N,Godrej Properties,NA,NA,8200000,82 Lac,NA,NA,NA,NA,NA,NA,689,Godrej Nirvaan,11901,633,Kalyan West,NA,Sq-ft,N,NA,Unfurnished,2,NA,NA,NA,Resale,11 of 25 Floor,Apartment,Thane,1,Owner,25,NA,F,689,Sq-ft,N,Bachelors/Family,"Kalyan West, Thane",1 BHK Flat,Sq-ft,0,NA,1,NA,0,0,0,0,0,0,0,0,0,0,0,0,0,0,0,0,0,0,0,0,0,0,0,0,0,0,0,0,0,0,0,0,0,0,0,0,0,0,0,0,0,0,0,0,0,0,0,0,0,0,0,0,0,0,0,0,0,0,0,0,0,0,0,0,0,0,0,0,0,0,0,0,0,0,0,0,0,0,0,0,0,0,0,0,0,0,0,0,0,0,NA,NA,NA,NA,NA
12614,Ready to Move,NA,5,N,Mehta Group,NA,NA,4500000,45 Lac,NA,NA,NA,NA,NA,NA,545,Amrut Pearl,8257,NA,Kalyan West,NA,Sq-ft,N,NA,Semi-Furnished,2,NA,NA,NA,Resale,5 of 8 Floor,Apartment,Thane,1,Owner,8,NA,F,545,NA,N,Bachelors/Family,"Kalyan West, Thane",1 BHK Flat,Sq-ft,0,NA,NA,NA,0,0,0,0,0,0,0,0,0,0,0,0,0,0,0,0,0,0,0,0,0,0,0,0,0,0,0,0,0,0,0,0,0,0,0,0,0,0,0,0,0,0,0,0,0,0,0,0,0,0,0,0,0,0,0,0,0,0,0,0,0,0,0,0,0,0,0,0,0,0,0,0,0,0,0,0,0,0,0,0,0,0,0,0,0,0,0,0,0,0,NA,NA,NA,NA,NA
12613,Ready to Move,NA,4,N,M S Developers,NA,NA,5600000,56 Lac,NA,NA,Monthly,2087,NA,NA,805,Vrindavan Garden,6957,NA,Kalyan West,NA,Sq-ft,N,NA,Furnished,2,NA,NA,NA,Resale,4 of 7 Floor,Residential House,Thane,2,Owner,7,NA,F,805,NA,N,Bachelors/Family,NA,NA,Sq-ft,0,Less than 5 years,NA,NA,0,0,0,0,0,0,0,0,0,0,0,0,0,0,0,0,0,0,0,0,0,0,0,0,0,0,0,0,0,0,0,0,0,0,0,0,0,0,0,0,0,0,0,0,0,0,0,0,0,0,0,0,0,0,0,0,0,0,0,0,0,0,0,0,0,0,0,0,0,0,0,0,0,0,0,0,0,0,0,0,0,0,0,0,0,0,0,0,0,0,NA,NA,NA,NA,NA
12612,Ready to Move,NA,2,N,Haware Engineers & Builders Pvt Ltd,NA,NA,2800000,28 Lac,NA,NA,Yearly,14000,NA,NA,603,Haware Pinnacle,4644,392,Kalyan West,Newly Constructed Property,Sq-ft,Y,NA,Unfurnished,1,NA,NA,NA,New Property,2 of 4 Floor,Apartment,Thane,1,Owner,4,NA,F,603,Sq-ft,N,Bachelors/Family,"Kalyan West, Thane",1 BHK Flat,Sq-ft,0,New Construction,2,NA,0,0,0,0,0,0,0,0,0,0,0,0,0,0,0,0,0,0,0,0,0,0,0,0,0,0,0,0,0,0,0,0,0,0,0,0,0,0,0,0,0,0,0,0,0,0,0,0,0,0,0,0,0,0,0,0,0,0,0,0,0,0,0,0,0,0,0,0,0,0,0,0,0,0,0,0,0,0,0,0,0,0,0,0,0,0,0,0,0,0,NA,NA,NA,NA,NA
12611,Ready to Move,NA,21,N,Raunak Group,NA,NA,3500000,35 Lac,NA,NA,NA,NA,NA,NA,615,Raunak City Sector 4,5691,NA,Kalyan West,NA,Sq-ft,N,NA,Unfurnished,1,NA,NA,NA,Resale,21 of 22 Floor,Apartment,Thane,1,Owner,22,NA,F,615,NA,N,Bachelors/Family,"Kalyan West, Thane",1 BHK Flat,Sq-ft,0,NA,NA,NA,0,0,0,0,0,0,0,0,0,0,0,0,0,0,0,0,0,0,0,0,0,0,0,0,0,0,0,0,0,0,0,0,0,0,0,0,0,0,0,0,0,0,0,0,0,0,0,0,0,0,0,0,0,0,0,0,0,0,0,0,0,0,0,0,0,0,0,0,0,0,0,0,0,0,0,0,0,0,0,0,0,0,0,0,0,0,0,0,0,0,NA,NA,NA,NA,NA
12610,Ready to Move,NA,11,N,Gurukrupa Group,NA,NA,7000000,70 Lac,NA,NA,NA,NA,NA,NA,970,Guru Atman,7216,NA,Kalyan West,NA,Sq-ft,N,NA,Furnished,2,NA,NA,NA,Resale,11 of 19 Floor,Apartment,Thane,2,Owner,19,NA,F,970,NA,N,Bachelors/Family,"Kalyan West, Thane",2 BHK Flat,Sq-ft,0,NA,NA,NA,0,0,0,0,0,0,0,0,0,0,0,0,0,0,0,0,0,0,0,0,0,0,0,0,0,0,0,0,0,0,0,0,0,0,0,0,0,0,0,0,0,0,0,0,0,0,0,0,0,0,0,0,0,0,0,0,0,0,0,0,0,0,0,0,0,0,0,0,0,0,0,0,0,0,0,0,0,0,0,0,0,0,0,0,0,0,0,0,0,0,NA,NA,NA,NA,NA
12609,Ready to Move,NA,8,N,Charms Group,NA,NA,3900000,39 Lac,NA,NA,NA,NA,NA,NA,660,Charms Heritage,5909,NA,Kalyan West,NA,Sq-ft,N,NA,Semi-Furnished,1,NA,NA,NA,Resale,8 of 11 Floor,Apartment,Thane,1,Owner,11,NA,F,660,NA,N,Bachelors/Family,"Kalyan West, Thane",1 BHK Flat,Sq-ft,0,NA,NA,NA,0,0,0,0,0,0,0,0,0,0,0,0,0,0,0,0,0,0,0,0,0,0,0,0,0,0,0,0,0,0,0,0,0,0,0,0,0,0,0,0,0,0,0,0,0,0,0,0,0,0,0,0,0,0,0,0,0,0,0,0,0,0,0,0,0,0,0,0,0,0,0,0,0,0,0,0,0,0,0,0,0,0,0,0,0,0,0,0,0,0,NA,NA,NA,NA,NA
12608,Ready to Move,NA,7,N,Mehta Group,NA,NA,4500000,45 Lac,NA,NA,NA,NA,NA,NA,765,Amrut Pearl,5882,NA,Kalyan West,NA,Sq-ft,N,NA,Semi-Furnished,2,NA,NA,NA,Resale,7 of 14 Floor,Apartment,Thane,1,Owner,14,NA,F,765,NA,N,Bachelors/Family,"Kalyan West, Thane",1 BHK Flat,Sq-ft,0,NA,NA,NA,0,0,0,0,0,0,0,0,0,0,0,0,0,0,0,0,0,0,0,0,0,0,0,0,0,0,0,0,0,0,0,0,0,0,0,0,0,0,0,0,0,0,0,0,0,0,0,0,0,0,0,0,0,0,0,0,0,0,0,0,0,0,0,0,0,0,0,0,0,0,0,0,0,0,0,0,0,0,0,0,0,0,0,0,0,0,0,0,0,0,NA,NA,NA,NA,NA
12607,Ready to Move,NA,7,N,Honest Developers,NA,NA,5500000,55 Lac,NA,NA,NA,NA,NA,NA,571,Kalyan Nagari,9632,NA,Kalyan West,NA,Sq-ft,N,NA,Semi-Furnished,1,NA,NA,NA,Resale,7 of 8 Floor,Apartment,Thane,1,Owner,8,NA,F,571,NA,N,Bachelors/Family,"Kalyan West, Thane",1 BHK Flat,Sq-ft,0,NA,NA,NA,0,0,0,0,0,0,0,0,0,0,0,0,0,0,0,0,0,0,0,0,0,0,0,0,0,0,0,0,0,0,0,0,0,0,0,0,0,0,0,0,0,0,0,0,0,0,0,0,0,0,0,0,0,0,0,0,0,0,0,0,0,0,0,0,0,0,0,0,0,0,0,0,0,0,0,0,0,0,0,0,0,0,0,0,0,0,0,0,0,0,NA,NA,NA,NA,NA
12606,Ready to Move,NA,7,N,NA,NA,NA,6000000,60 Lac,NA,NA,NA,NA,NA,NA,750,Lotus Tower,8000,NA,Kalyan West,NA,Sq-ft,N,NA,Semi-Furnished,2,NA,NA,NA,Resale,7 of 8 Floor,Apartment,Thane,2,Owner,8,NA,F,750,NA,Y,Bachelors/Family,"Kalyan West, Thane",2 BHK Flat,Sq-ft,0,NA,NA,NA,0,0,0,0,0,0,0,0,0,0,0,0,0,0,0,0,0,0,0,0,0,0,0,0,0,0,0,0,0,0,0,0,0,0,0,0,0,0,0,0,0,0,0,0,0,0,0,0,0,0,0,0,0,0,0,0,0,0,0,0,0,0,0,0,0,0,0,0,0,0,0,0,0,0,0,0,0,0,0,0,0,0,0,0,0,0,0,0,0,0,NA,NA,NA,NA,NA
12605,Ready to Move,NA,9,N,Honest Developers,NA,NA,3500000,35 Lac,NA,NA,NA,NA,50000,NA,501,Kalyan Nagari,6986,363,Kalyan West,NA,Sq-ft,N,NA,Semi-Furnished,2,NA,NA,NA,Resale,9 of 9 Floor,Apartment,Thane,1,Owner,9,NA,F,501,Sq-ft,Y,Bachelors/Family,"Kalyan West, Thane",1 BHK Flat,Sq-ft,0,New Construction,3,NA,0,0,0,0,0,0,0,0,0,0,0,0,0,0,0,0,0,0,0,0,0,0,0,0,0,0,0,0,0,0,0,0,0,0,0,0,0,0,0,0,0,0,0,0,0,0,0,0,0,0,0,0,0,0,0,0,0,0,0,0,0,0,0,0,0,0,0,0,0,0,0,0,0,0,0,0,0,0,0,0,0,0,0,0,0,0,0,0,0,0,NA,NA,NA,NA,NA
12604,Ready to Move,NA,3,N,NA,NA,NA,7000000,70 Lac,NA,NA,NA,NA,NA,NA,963,NA,7269,NA,Kalyan West,NA,Sq-ft,N,NA,Furnished,2,NA,NA,NA,Resale,3 of 3 Floor,Apartment,Kalyan,3,Owner,3,NA,F,963,NA,Y,Bachelors/Family,"Kalyan West, Kalyan",3 BHK Flat,Sq-ft,0,Above 20 years,NA,NA,0,0,0,0,0,0,0,0,0,0,0,0,0,0,0,0,0,0,0,0,0,0,0,0,0,0,0,0,0,0,0,0,0,0,0,0,0,0,0,0,0,0,0,0,0,0,0,0,0,0,0,0,0,0,0,0,0,0,0,0,0,0,0,0,0,0,0,0,0,0,0,0,0,0,0,0,0,0,0,0,0,0,0,0,0,0,0,0,0,0,NA,NA,NA,NA,NA
12603,Ready to Move,NA,4,N,Kashish Park Realtors,NA,NA,7800000,78 Lac,NA,NA,NA,NA,NA,NA,1044,Om Heights,7471,NA,Kalyan West,NA,Sq-ft,N,NA,Semi-Furnished,2,NA,NA,NA,Resale,4 of 12 Floor,Apartment,Thane,3,Owner,12,NA,F,1044,NA,Y,Bachelors/Family,"Kalyan West, Thane",3 BHK Flat,Sq-ft,0,NA,NA,NA,0,0,0,0,0,0,0,0,0,0,0,0,0,0,0,0,0,0,0,0,0,0,0,0,0,0,0,0,0,0,0,0,0,0,0,0,0,0,0,0,0,0,0,0,0,0,0,0,0,0,0,0,0,0,0,0,0,0,0,0,0,0,0,0,0,0,0,0,0,0,0,0,0,0,0,0,0,0,0,0,0,0,0,0,0,0,0,0,0,0,NA,NA,NA,NA,NA
12602,Ready to Move,NA,3,N,Haware Engineers & Builders Pvt Ltd,NA,NA,3500000,35 Lac,NA,NA,NA,NA,NA,NA,608,Haware Pinnacle,5757,NA,Kalyan West,NA,Sq-ft,N,NA,Unfurnished,1,NA,NA,NA,Resale,3 of 5 Floor,Apartment,Thane,1,Owner,5,NA,F,608,NA,Y,Bachelors/Family,"Kalyan West, Thane",1 BHK Flat,Sq-ft,0,New Construction,1,NA,0,0,0,0,0,0,0,0,0,0,0,0,0,0,0,0,0,0,0,0,0,0,0,0,0,0,0,0,0,0,0,0,0,0,0,0,0,0,0,0,0,0,0,0,0,0,0,0,0,0,0,0,0,0,0,0,0,0,0,0,0,0,0,0,0,0,0,0,0,0,0,0,0,0,0,0,0,0,0,0,0,0,0,0,0,0,0,0,0,0,NA,NA,NA,NA,NA
12601,Ready to Move,NA,7,N,M. S. Developers,NA,NA,3700000,37 Lac,NA,NA,NA,NA,NA,NA,750,Vrindavan Shrushti,4933,493,Kalyan West,NA,Sq-ft,N,NA,Semi-Furnished,1,NA,NA,NA,Resale,7 of 14 Floor,Apartment,Thane,1,Owner,14,NA,F,750,Sq-ft,Y,Bachelors/Family,"Kalyan West, Thane",1 BHK Flat,Sq-ft,0,Less than 5 years,1,NA,0,0,0,0,0,0,0,0,0,0,0,0,0,0,0,0,0,0,0,0,0,0,0,0,0,0,0,0,0,0,0,0,0,0,0,0,0,0,0,0,0,0,0,0,0,0,0,0,0,0,0,0,0,0,0,0,0,0,0,0,0,0,0,0,0,0,0,0,0,0,0,0,0,0,0,0,0,0,0,0,0,0,0,0,0,0,0,0,0,0,NA,NA,NA,NA,NA
12600,Ready to Move,NA,1,N,Haware Engineers & Builders Pvt Ltd,NA,NA,3200000,32 Lac,NA,NA,Monthly,NA,NA,NA,603,Haware Pinnacle,5307,NA,Kalyan West,Newly Constructed Property,Sq-ft,Y,NA,Unfurnished,1,NA,NA,NA,New Property,1 of 4 Floor,Apartment,Thane,1,Owner,4,NA,F,603,NA,Y,Bachelors/Family,"Kalyan West, Thane",1 BHK Flat,Sq-ft,0,New Construction,2,NA,0,0,0,0,0,0,0,0,0,0,0,0,0,0,0,0,0,0,0,0,0,0,0,0,0,0,0,0,0,0,0,0,0,0,0,0,0,0,0,0,0,0,0,0,0,0,0,0,0,0,0,0,0,0,0,0,0,0,0,0,0,0,0,0,0,0,0,0,0,0,0,0,0,0,0,0,0,0,0,0,0,0,0,0,0,0,0,0,0,0,NA,NA,NA,NA,NA
12599,Under Construction,Jul '25,NA,Y,Tycoons Group,NA,NA,4499000,45 Lac,NA,No/Rare Powercut,NA,NA,NA,NA,NA,Tycoons Square,NA,421,Kalyan West,NA,NA,N,NA,Unfurnished,2,1 Covered,NA,NA,New Property,NA,Apartment,Thane,1,Builder,NA,Water Availability 24 Hours Available,F,NA,Sq-ft,Y,Bachelors/Family,"Kalyan West, Thane",1 BHK Flat,NA,0,NA,NA,NA,0,0,0,0,0,0,0,0,0,0,0,0,0,0,0,0,0,0,0,0,0,0,0,0,0,0,0,0,0,0,0,0,0,0,0,0,0,0,0,0,0,0,0,0,0,0,0,0,0,0,0,0,0,0,0,0,0,0,0,0,0,0,0,0,0,0,0,0,0,0,0,0,0,0,0,0,0,0,0,0,0,0,0,0,0,0,0,0,0,0,NA,NA,NA,NA,NA
12598,Ready to Move,NA,1,N,Raunak Group,NA,NA,4300000,43 Lac,NA,NA,NA,NA,NA,NA,640,Raunak City Sector 4,6719,NA,Kalyan West,NA,Sq-ft,N,NA,Semi-Furnished,1,NA,NA,NA,Resale,1 of 22 Floor,Apartment,Thane,1,Owner,22,NA,F,640,NA,Y,Bachelors/Family,"Kalyan West, Thane",1 BHK Flat,Sq-ft,0,NA,NA,NA,0,0,0,0,0,0,0,0,0,0,0,0,0,0,0,0,0,0,0,0,0,0,0,0,0,0,0,0,0,0,0,0,0,0,0,0,0,0,0,0,0,0,0,0,0,0,0,0,0,0,0,0,0,0,0,0,0,0,0,0,0,0,0,0,0,0,0,0,0,0,0,0,0,0,0,0,0,0,0,0,0,0,0,0,0,0,0,0,0,0,NA,NA,NA,NA,NA
12597,Ready to Move,NA,1,N,Nirmal Lifestyle Ltd.,NA,NA,3451500,34.5 Lac,NA,NA,Monthly,1000,NA,NA,585,Lifestyle City,5900,455,Kalyan West,Newly Constructed Property,Sq-ft,Y,NA,Semi-Furnished,2,"1 Covered, 1 Open",NA,NA,New Property,1 of 15 Floor,Apartment,Thane,1,Owner,15,NA,F,585,Sq-ft,Y,Bachelors/Family,"Kalyan West, Thane",1 BHK Flat,Sq-ft,0,New Construction,1,NA,0,0,0,0,0,0,0,0,0,0,0,0,0,0,0,0,0,0,0,0,0,0,0,0,0,0,0,0,0,0,0,0,0,0,0,0,0,0,0,0,0,0,0,0,0,0,0,0,0,0,0,0,0,0,0,0,0,0,0,0,0,0,0,0,0,0,0,0,0,0,0,0,0,0,0,0,0,0,0,0,0,0,0,0,0,0,0,0,0,0,NA,NA,NA,NA,NA
12596,Ready to Move,NA,5,Y,Raunak Group,NA,NA,4050000,40.5 Lac,NA,NA,NA,NA,NA,NA,624,Raunak City 3,6490,NA,Kalyan West,East Facing Property,Sq-ft,N,NA,Semi-Furnished,1,NA,East,NA,Resale,5 of 7 Floor,Apartment,Thane,1,Owner,7,NA,F,624,NA,Y,Bachelors/Family,"Kalyan West, Thane",1 BHK Flat,Sq-ft,0,NA,NA,NA,0,0,0,0,0,0,0,0,0,0,0,0,0,0,0,0,0,0,0,0,0,0,0,0,0,0,0,0,0,0,0,0,0,0,0,0,0,0,0,0,0,0,0,0,0,0,0,0,0,0,0,0,0,0,0,0,0,0,0,0,0,0,0,0,0,0,0,0,0,0,0,0,0,0,0,0,0,0,0,0,0,0,0,0,0,0,0,0,0,0,NA,NA,NA,NA,NA
12595,Ready to Move,NA,17,Y,NA,ABAMNC,0,7400000,74 Lac,Vitrified,No/Rare Powercut,Monthly,2934,500000,D Mart Ready,980,Yogi Dham Phase III,7551,685,Kalyan West,NA,Sq-ft,N,Freehold,Semi-Furnished,2,NA,West,Garden/Park,Resale,17 of 19 Floor,Apartment,Thane,2,Owner,19,Water Availability 24 Hours Available,F,980,Sq-ft,N,Bachelors/Family,"Kalyan West, Thane",2 BHK Flat,Sq-ft,0,New Construction,1,NA,1,1,0,1,1,1,1,0,1,1,0,0,0,0,1,1,1,0,0,1,0,0,0,0,0,0,0,0,0,0,0,0,0,0,0,0,0,0,0,0,0,0,0,0,0,0,0,0,0,0,0,0,0,0,0,0,0,0,0,0,0,0,0,0,0,0,0,0,0,0,0,0,0,0,0,0,0,0,0,0,0,0,0,0,0,0,0,0,0,0,NA,Y,NA,NA,NA
12594,Ready to Move,NA,1,Y,NA,KDMC,0,4800000,48 Lac,"Vitrified,Ceramic Tiles",NA,Monthly,8991,200000,Next to Petrol PumpBhiwandi Bypass,1080,NA,4444,709,Kalyan West,East Facing Property,Sq-ft,N,Co-operative Society,Unfurnished,2,NA,East,"Garden/Park, Pool",Resale,1 of 27 Floor,Apartment,Thane,2,Owner,27,NA,F,1080,Sq-ft,N,Bachelors/Family,"Kalyan West, Thane",2 BHK Flat,Sq-ft,0,5 to 10 years,1,NA,1,1,1,1,1,1,1,1,1,1,1,1,1,1,1,1,1,1,1,1,1,1,1,1,1,1,1,1,1,1,1,1,1,1,1,1,1,1,1,1,1,1,1,1,1,1,1,1,1,1,1,1,1,1,1,1,1,1,1,1,1,1,1,1,1,1,1,0,1,1,1,1,1,1,1,1,1,1,1,1,1,1,1,1,1,1,1,1,1,1,NA,Y,NA,NA,NA
12593,Under Construction,Jun '24,15,Y,Godrej Properties,TMC,NA,4700000,47 Lac,Vitrified,No/Rare Powercut,Monthly,0,470000,kalyan bhivandi road,NA,Godrej Nirvaan,NA,461,Kalyan West,NA,NA,Y,Freehold,Unfurnished,1,1 Covered,East,"Garden/Park, Pool",New Property,15 of 26 Floor,Apartment,Thane,1,Agent,26,Water Availability 24 Hours Available,F,NA,Sq-ft,Y,Bachelors/Family,"Kalyan West, Thane",1 BHK Flat,NA,0,NA,1,NA,1,1,1,1,1,1,1,1,1,1,1,1,1,1,1,1,1,1,1,1,1,1,1,1,1,1,1,1,1,1,1,1,1,1,1,1,1,1,1,1,1,1,1,1,1,1,1,1,1,1,1,1,1,1,1,1,1,1,1,1,1,1,1,1,1,1,1,1,1,1,1,1,1,1,1,1,1,1,1,1,1,1,1,1,1,1,1,1,1,1,NA,NA,NA,NA,NA
12592,Ready to Move,NA,3,Y,TATA Housing Development Company Ltd.,KDMC,2,7999992,80 Lac,Vitrified,No/Rare Powercut,Monthly,NA,250000,kalyan bhiwandi junction,1332,Tata Amantra,6006,853,Kalyan West,Newly Constructed Property,Sq-ft,Y,Freehold,Unfurnished,3,1 Open,North - East,"Garden/Park, Pool, Main Road",New Property,3 of 29 Floor,Apartment,Thane,3,Agent,29,Water Availability 24 Hours Available,F,1332,Sq-ft,Y,Bachelors/Family,"Kalyan West, Thane",3 BHK Flat,Sq-ft,0,New Construction,1,Y,1,1,1,1,1,1,1,1,1,1,1,1,1,1,1,1,1,1,1,1,1,1,1,1,1,1,1,1,1,1,1,1,1,1,1,1,1,1,1,1,1,1,1,1,1,1,1,1,1,1,1,1,1,1,1,1,1,1,1,1,1,1,1,1,1,1,1,1,1,1,0,1,1,1,1,1,1,1,1,1,1,1,1,1,1,1,1,1,1,1,NA,Y,NA,NA,NA
12591,Ready to Move,NA,4,N,NA,KDMC,NA,4700000,47 Lac,NA,No/Rare Powercut,NA,NA,NA,NA,835,NA,5629,NA,Kalyan West,NA,Sq-ft,N,NA,Unfurnished,2,2 Open,West,NA,Resale,4 of 6 Floor,Apartment,Thane,2,Owner,6,Water Availability 24 Hours Available,F,835,NA,N,Bachelors/Family,"Kalyan West, Thane",2 BHK Flat,Sq-ft,0,NA,3,NA,0,0,0,0,0,0,0,0,0,0,0,0,0,0,0,0,0,0,0,0,0,0,0,0,0,0,0,0,0,0,0,0,0,0,0,0,0,0,0,0,0,0,0,0,0,0,0,0,0,0,0,0,0,0,0,0,0,0,0,0,0,0,0,0,0,0,0,0,0,0,0,0,0,0,0,0,0,0,0,0,0,0,0,0,0,0,0,0,0,0,NA,NA,NA,NA,NA
12590,Ready to Move,NA,7,N,Virat Group,NA,NA,3200000,32 Lac,NA,NA,NA,NA,NA,NA,645,Virat Residency,4961,NA,Kalyan West,NA,Sq-ft,N,NA,Unfurnished,1,NA,NA,NA,Resale,7 of 8 Floor,Apartment,Thane,1,Owner,8,NA,F,645,NA,N,Bachelors/Family,"Kalyan West, Thane",1 BHK Flat,Sq-ft,0,NA,NA,NA,0,0,0,0,0,0,0,0,0,0,0,0,0,0,0,0,0,0,0,0,0,0,0,0,0,0,0,0,0,0,0,0,0,0,0,0,0,0,0,0,0,0,0,0,0,0,0,0,0,0,0,0,0,0,0,0,0,0,0,0,0,0,0,0,0,0,0,0,0,0,0,0,0,0,0,0,0,0,0,0,0,0,0,0,0,0,0,0,0,0,NA,NA,NA,NA,NA
12589,Ready to Move,NA,1,N,NA,NA,NA,1700000,17 Lac,NA,NA,NA,NA,NA,NA,325,NA,5231,NA,Kalyan West,NA,Sq-ft,N,NA,Unfurnished,1,NA,NA,NA,Resale,1 of 4 Floor,Apartment,Thane,1,Owner,4,NA,F,325,NA,N,Bachelors/Family,"Kalyan West, Thane",1 BHK Flat,Sq-ft,0,NA,NA,NA,0,0,0,0,0,0,0,0,0,0,0,0,0,0,0,0,0,0,0,0,0,0,0,0,0,0,0,0,0,0,0,0,0,0,0,0,0,0,0,0,0,0,0,0,0,0,0,0,0,0,0,0,0,0,0,0,0,0,0,0,0,0,0,0,0,0,0,0,0,0,0,0,0,0,0,0,0,0,0,0,0,0,0,0,0,0,0,0,0,0,NA,NA,NA,NA,NA
12588,Ready to Move,NA,5,N,NA,NA,NA,25200000,2.52 Cr,"Vitrified,Ceramic Tiles,Granite",NA,NA,NA,NA,"Adjacket to Fortis Hospital, in front of kalyan main flower market and APCM Market, walking distance from Metro mall. Sarvodya mall and d mart.",2900,Devdarshan Apartment,8690,2115,Kalyan West,East Facing Property,Sq-ft,N,Co-operative Society,Furnished,3,NA,East,Main Road,Resale,5 of 7 Floor,Apartment,Thane,5,Owner,7,NA,F,2900,Sq-ft,N,Bachelors/Family,"Kalyan West, Thane",5 BHK Flat,Sq-ft,0,5 to 10 years,NA,NA,1,1,1,1,1,1,1,1,1,1,1,1,1,1,1,1,1,1,1,1,1,1,1,1,1,1,1,1,1,1,1,1,1,1,1,1,1,1,1,1,1,1,1,1,1,1,1,1,1,1,1,1,1,1,1,1,1,1,1,1,1,1,1,1,1,1,1,0,1,1,1,1,1,1,1,1,1,1,1,1,1,1,1,1,1,1,1,1,1,1,NA,NA,NA,NA,NA
12587,Ready to Move,NA,Ground,N,NA,NA,NA,9500000,95 Lac,NA,NA,NA,NA,NA,NA,900,NA,10556,NA,Kalyan West,NA,Sq-ft,N,NA,Unfurnished,2,NA,NA,NA,Resale,Ground of 7 Floor,Apartment,Kalyan,2,Owner,7,NA,F,900,NA,N,Bachelors/Family,"Kalyan West, Kalyan",2 BHK Flat,Sq-ft,0,NA,NA,NA,0,0,0,0,0,0,0,0,0,0,0,0,0,0,0,0,0,0,0,0,0,0,0,0,0,0,0,0,0,0,0,0,0,0,0,0,0,0,0,0,0,0,0,0,0,0,0,0,0,0,0,0,0,0,0,0,0,0,0,0,0,0,0,0,0,0,0,0,0,0,0,0,0,0,0,0,0,0,0,0,0,0,0,0,0,0,0,0,0,0,NA,NA,NA,NA,NA
12586,Ready to Move,NA,5,N,Madhav Constructions,KDMC,0,4200000,42 Lac,Granite,No/Rare Powercut,NA,NA,NA,NA,418,Madhav Sansar,10048,NA,Kalyan West,NA,Sq-ft,N,Freehold,Unfurnished,1,NA,South -West,"Pool, Garden/Park, Main Road",Resale,5 of 7 Floor,Apartment,Thane,1,Owner,7,Water Availability 24 Hours Available,F,418,NA,N,Bachelors/Family,"Kalyan West, Thane",1 BHK Flat,Sq-ft,0,NA,NA,NA,0,0,0,0,0,0,0,0,0,0,0,0,0,0,0,0,0,0,0,0,0,0,0,0,0,0,0,0,0,0,0,0,0,0,0,0,0,0,0,0,0,0,0,0,0,0,0,0,0,0,0,0,0,0,0,0,0,0,0,0,0,0,0,0,0,0,0,0,0,0,0,0,0,0,0,0,0,0,0,0,0,0,0,0,0,0,0,0,0,0,NA,NA,NA,NA,NA
12585,Ready to Move,NA,1,N,NA,NA,NA,4200000,42 Lac,NA,NA,NA,NA,NA,NA,590,NA,7119,NA,Kalyan West,NA,Sq-ft,N,NA,Semi-Furnished,1,1 Covered,NA,NA,Resale,1 of 5 Floor,Builder Floor Apartment,Thane,1,Owner,5,NA,F,590,NA,N,Bachelors/Family,"Kalyan West, Thane",1 BHK Flat,Sq-ft,0,NA,1,NA,0,0,0,0,0,0,0,0,0,0,0,0,0,0,0,0,0,0,0,0,0,0,0,0,0,0,0,0,0,0,0,0,0,0,0,0,0,0,0,0,0,0,0,0,0,0,0,0,0,0,0,0,0,0,0,0,0,0,0,0,0,0,0,0,0,0,0,0,0,0,0,0,0,0,0,0,0,0,0,0,0,0,0,0,0,0,0,0,0,0,NA,NA,NA,NA,NA
12584,Ready to Move,NA,1,N,Shankheshwar Group of Companies,NA,NA,4000000,40 Lac,NA,NA,NA,NA,NA,NA,680,Shankheshwar Platinum,5882,NA,Kalyan West,NA,Sq-ft,N,NA,Semi-Furnished,2,NA,NA,NA,Resale,1 of 8 Floor,Apartment,Thane,1,Owner,8,NA,F,680,NA,N,Bachelors/Family,"Kalyan West, Thane",1 BHK Flat,Sq-ft,0,NA,NA,NA,0,0,0,0,0,0,0,0,0,0,0,0,0,0,0,0,0,0,0,0,0,0,0,0,0,0,0,0,0,0,0,0,0,0,0,0,0,0,0,0,0,0,0,0,0,0,0,0,0,0,0,0,0,0,0,0,0,0,0,0,0,0,0,0,0,0,0,0,0,0,0,0,0,0,0,0,0,0,0,0,0,0,0,0,0,0,0,0,0,0,NA,NA,NA,NA,NA
12583,Ready to Move,NA,7,N,NA,NA,NA,8000000,80 Lac,NA,NA,NA,NA,NA,Pizza Hut,880,NA,9091,NA,Kalyan West,NA,Sq-ft,N,NA,Unfurnished,2,NA,NA,NA,Resale,7 of 7 Floor,Apartment,Thane,2,Owner,7,NA,F,880,NA,N,Bachelors/Family,"Kalyan West, Thane",2 BHK Flat,Sq-ft,0,10 to 15 years,1,NA,0,0,0,0,0,0,0,0,0,0,0,0,0,0,0,0,0,0,0,0,0,0,0,0,0,0,0,0,0,0,0,0,0,0,0,0,0,0,0,0,0,0,0,0,0,0,0,0,0,0,0,0,0,0,0,0,0,0,0,0,0,0,0,0,0,0,0,0,0,0,0,0,0,0,0,0,0,0,0,0,0,0,0,0,0,0,0,0,0,0,NA,NA,NA,NA,NA
12582,Ready to Move,NA,14,N,NA,NA,NA,10000000,1 Cr,NA,NA,NA,NA,NA,NA,1250,NA,8000,NA,Kalyan West,East Facing Property,Sq-ft,N,NA,Semi-Furnished,2,NA,East,NA,Resale,14 of 15 Floor,Apartment,Kalyan,2,Owner,15,NA,F,1250,NA,N,Bachelors/Family,"Kalyan West, Kalyan",2 BHK Flat,Sq-ft,0,NA,NA,NA,1,1,0,0,0,0,0,0,0,0,0,1,0,0,0,0,0,0,0,0,0,0,0,0,0,0,0,0,0,0,0,0,0,0,0,0,0,0,0,0,0,0,0,0,0,0,0,0,0,0,0,0,0,0,0,0,0,0,0,0,0,0,0,0,0,0,0,0,0,0,0,0,0,0,0,0,0,0,0,0,0,0,0,0,0,0,0,0,0,0,NA,NA,NA,NA,NA
12581,Ready to Move,NA,5,N,NA,NA,NA,11000000,1.10 Cr,NA,NA,NA,NA,NA,NA,1190,NA,9244,NA,Kalyan West,NA,Sq-ft,N,NA,Furnished,3,NA,NA,NA,Resale,5 of 5 Floor,Apartment,Thane,3,Owner,5,NA,F,1190,NA,N,Bachelors/Family,"Kalyan West, Thane",3 BHK Flat,Sq-ft,0,5 to 10 years,2,NA,0,0,0,0,0,0,0,0,0,0,0,0,0,0,0,0,0,0,0,0,0,0,0,0,0,0,0,0,0,0,0,0,0,0,0,0,0,0,0,0,0,0,0,0,0,0,0,0,0,0,0,0,0,0,0,0,0,0,0,0,0,0,0,0,0,0,0,0,0,0,0,0,0,0,0,0,0,0,0,0,0,0,0,0,0,0,0,0,0,0,NA,NA,NA,NA,NA
12580,Ready to Move,NA,7,N,NA,NA,NA,6000000,60 Lac,Marble,No/Rare Powercut,NA,NA,NA,Dmart,870,NA,6897,NA,Kalyan West,NA,Sq-ft,N,Freehold,Semi-Furnished,2,NA,NA,NA,Resale,7 of 7 Floor,Apartment,Thane,2,Owner,7,Water Availability 24 Hours Available,F,870,NA,N,Bachelors/Family,"Kalyan West, Thane",2 BHK Flat,Sq-ft,0,5 to 10 years,NA,NA,0,0,0,0,0,0,0,0,0,0,0,0,0,0,0,0,0,0,0,0,0,0,0,0,0,0,0,0,0,0,0,0,0,0,0,0,0,0,0,0,0,0,0,0,0,0,0,0,0,0,0,0,0,0,0,0,0,0,0,0,0,0,0,0,0,0,0,0,0,0,0,0,0,0,0,0,0,0,0,0,0,0,0,0,0,0,0,0,0,0,NA,NA,NA,NA,NA
12579,Ready to Move,NA,1,N,NA,KDMC,0,5500000,55 Lac,Normal Tiles/Kotah Stone,No/Rare Powercut,Monthly,1100,NA,"just behind the ST THomas High School, Opp MSEB main office",650,NA,8461,NA,Kalyan West,East Facing Property,Sq-ft,N,Co-operative Society,Semi-Furnished,1,NA,East,NA,Resale,1 of 4 Floor,Builder Floor Apartment,Thane,2,Owner,4,Water Availability 24 Hours Available,F,650,NA,N,Bachelors/Family,"Kalyan West, Thane",2 BHK Flat,Sq-ft,0,Above 20 years,NA,NA,1,0,0,0,0,0,0,0,0,0,0,0,0,0,0,0,0,0,0,0,1,0,0,0,0,0,0,0,0,0,0,0,0,0,0,0,0,0,0,0,0,0,0,0,0,0,0,0,0,0,0,0,0,0,0,0,0,0,0,0,0,0,0,0,0,0,0,0,0,0,0,0,0,0,0,0,0,0,0,0,0,0,0,0,0,0,0,0,0,0,NA,Y,NA,NA,NA
12578,Under Construction,NA,3,N,Godrej Properties,NA,NA,8200000,82 Lac,NA,NA,NA,NA,NA,NA,595,Godrej Nirvaan,13782,NA,Kalyan West,NA,Sq-ft,N,NA,Semi-Furnished,2,NA,NA,NA,Resale,3 of 21 Floor,Apartment,Thane,2,Owner,21,NA,F,595,NA,N,Bachelors/Family,"Kalyan West, Thane",2 BHK Flat,Sq-ft,0,NA,NA,NA,0,0,0,0,0,0,0,0,0,0,0,0,0,0,0,0,0,0,0,0,0,0,0,0,0,0,0,0,0,0,0,0,0,0,0,0,0,0,0,0,0,0,0,0,0,0,0,0,0,0,0,0,0,0,0,0,0,0,0,0,0,0,0,0,0,0,0,0,0,0,0,0,0,0,0,0,0,0,0,0,0,0,0,0,0,0,0,0,0,0,NA,NA,NA,NA,NA
12577,Ready to Move,NA,2,N,NA,NA,NA,2600000,26 Lac,NA,NA,NA,NA,NA,NA,490,NA,5306,NA,Kalyan West,NA,Sq-ft,N,NA,Unfurnished,1,NA,NA,NA,Resale,2 of 5 Floor,Apartment,Thane,1,Owner,5,NA,F,490,NA,N,Bachelors/Family,"Kalyan West, Thane",1 BHK Flat,Sq-ft,0,NA,NA,NA,0,0,0,0,0,0,0,0,0,0,0,0,0,0,0,0,0,0,0,0,0,0,0,0,0,0,0,0,0,0,0,0,0,0,0,0,0,0,0,0,0,0,0,0,0,0,0,0,0,0,0,0,0,0,0,0,0,0,0,0,0,0,0,0,0,0,0,0,0,0,0,0,0,0,0,0,0,0,0,0,0,0,0,0,0,0,0,0,0,0,NA,NA,NA,NA,NA
12576,Ready to Move,NA,1,N,NA,KDMC,0,7200000,72 Lac,Vitrified,No/Rare Powercut,Monthly,NA,NA,NA,985,NA,7309,NA,Kalyan West,NA,Sq-ft,N,Co-operative Society,Semi-Furnished,2,NA,NA,NA,Resale,1 of 7 Floor,Apartment,Thane,2,Owner,7,Water Availability 24 Hours Available,F,985,NA,N,Bachelors/Family,"Kalyan West, Thane",2 BHK Flat,Sq-ft,0,NA,2,NA,0,0,0,0,0,0,0,0,0,0,0,0,0,0,0,0,0,0,0,0,0,0,0,0,0,0,0,0,0,0,0,0,0,0,0,0,0,0,0,0,0,0,0,0,0,0,0,0,0,0,0,0,0,0,0,0,0,0,0,0,0,0,0,0,0,0,0,0,0,0,0,0,0,0,0,0,0,0,0,0,0,0,0,0,0,0,0,0,0,0,NA,NA,NA,NA,NA
12575,Ready to Move,NA,15,N,NA,NA,NA,8500000,85 Lac,NA,NA,NA,NA,NA,NA,1130,NA,7522,NA,Kalyan West,NA,Sq-ft,N,NA,Furnished,2,2 Covered,NA,NA,Resale,15 of 24 Floor,Apartment,Thane,2,Owner,24,NA,F,1130,NA,Y,Bachelors/Family,"Kalyan West, Thane",2 BHK Flat,Sq-ft,0,Less than 5 years,2,NA,0,0,0,0,0,0,0,0,0,0,0,0,0,0,0,0,0,0,0,0,0,0,0,0,0,0,0,0,0,0,0,0,0,0,0,0,0,0,0,0,0,0,0,0,0,0,0,0,0,0,0,0,0,0,0,0,0,0,0,0,0,0,0,0,0,0,0,0,0,0,0,0,0,0,0,0,0,0,0,0,0,0,0,0,0,0,0,0,0,0,NA,NA,NA,NA,NA
12574,Ready to Move,NA,2,N,NA,NA,NA,7300000,73 Lac,NA,NA,NA,NA,NA,NA,1000,NA,7300,640,Kalyan West,NA,Sq-ft,N,NA,Furnished,2,1 Open,North,NA,Resale,2 of 8 Floor,Apartment,Thane,2,Owner,8,NA,F,1000,Sq-ft,Y,Bachelors/Family,"Kalyan West, Thane",2 BHK Flat,Sq-ft,0,NA,NA,NA,1,1,0,0,0,0,0,0,0,0,0,0,0,0,0,0,0,0,0,0,0,0,0,0,0,0,0,0,0,0,0,0,0,0,0,0,0,0,0,0,0,0,0,0,0,0,0,0,0,0,0,0,0,0,0,0,0,0,0,0,0,0,0,0,0,0,0,0,0,0,0,0,0,0,0,0,0,0,0,0,0,0,0,0,0,0,0,0,0,0,NA,NA,NA,NA,NA
12573,Ready to Move,NA,16,N,NA,NA,NA,11000000,1.10 Cr,NA,NA,NA,NA,NA,NA,700,NA,15714,NA,Kalyan West,NA,Sq-ft,N,NA,Semi-Furnished,2,NA,NA,NA,Resale,16 of 28 Floor,Apartment,Thane,2,Owner,28,NA,F,700,NA,Y,Bachelors/Family,"Kalyan West, Thane",2 BHK Flat,Sq-ft,0,NA,NA,NA,0,0,0,0,0,0,0,0,0,0,0,0,0,0,0,0,0,0,0,0,0,0,0,0,0,0,0,0,0,0,0,0,0,0,0,0,0,0,0,0,0,0,0,0,0,0,0,0,0,0,0,0,0,0,0,0,0,0,0,0,0,0,0,0,0,0,0,0,0,0,0,0,0,0,0,0,0,0,0,0,0,0,0,0,0,0,0,0,0,0,NA,NA,NA,NA,NA
12572,Ready to Move,NA,NA,N,NA,NA,NA,15000000,1.50 Cr,NA,NA,NA,NA,NA,NA,1600,NA,9375,NA,Kalyan West,NA,Sq-ft,N,NA,Semi-Furnished,2,NA,NA,NA,Resale,NA,Residential House,Thane,2,Owner,NA,NA,F,1600,NA,Y,Bachelors/Family,NA,NA,Sq-ft,0,NA,NA,NA,0,0,0,0,0,0,0,0,0,0,0,0,0,0,0,0,0,0,0,0,0,0,0,0,0,0,0,0,0,0,0,0,0,0,0,0,0,0,0,0,0,0,0,0,0,0,0,0,0,0,0,0,0,0,0,0,0,0,0,0,0,0,0,0,0,0,0,0,0,0,0,0,0,0,0,0,0,0,0,0,0,0,0,0,0,0,0,0,0,0,NA,NA,NA,NA,NA
12571,Ready to Move,NA,18,N,NA,NA,NA,5600000,56 Lac,NA,NA,NA,NA,NA,NA,695,Yogi Dham Phase III,8058,NA,Kalyan West,NA,Sq-ft,N,NA,Furnished,2,NA,NA,NA,Resale,18 of 22 Floor,Apartment,Thane,1,Owner,22,NA,F,695,NA,Y,Bachelors/Family,"Kalyan West, Thane",1 BHK Flat,Sq-ft,0,NA,NA,NA,0,0,0,0,0,0,0,0,0,0,0,0,0,0,0,0,0,0,0,0,0,0,0,0,0,0,0,0,0,0,0,0,0,0,0,0,0,0,0,0,0,0,0,0,0,0,0,0,0,0,0,0,0,0,0,0,0,0,0,0,0,0,0,0,0,0,0,0,0,0,0,0,0,0,0,0,0,0,0,0,0,0,0,0,0,0,0,0,0,0,NA,NA,NA,NA,NA
12570,Ready to Move,NA,2,N,NA,NA,NA,7200000,72 Lac,NA,NA,NA,NA,NA,NA,1010,NA,7129,NA,Kalyan West,NA,Sq-ft,N,Co-operative Society,Unfurnished,2,NA,NA,Garden/Park,Resale,2 of 8 Floor,Apartment,Thane,2,Owner,8,NA,F,1010,NA,Y,Bachelors/Family,"Kalyan West, Thane",2 BHK Flat,Sq-ft,0,5 to 10 years,3,NA,0,1,0,0,0,1,1,0,1,0,0,0,0,0,0,0,0,0,0,0,0,0,0,0,0,0,0,0,0,0,0,0,0,0,0,0,0,0,0,0,0,0,0,0,0,0,0,0,0,0,0,0,0,0,0,0,0,0,0,0,0,0,0,0,0,0,0,0,0,0,0,0,0,0,0,0,0,0,0,0,0,0,0,0,0,0,0,0,0,0,NA,NA,NA,NA,NA
12569,Ready to Move,NA,3,N,NA,NA,NA,4000000,40 Lac,NA,NA,NA,NA,NA,NA,490,NA,8163,NA,Kalyan West,NA,Sq-ft,N,NA,Semi-Furnished,1,NA,NA,NA,Resale,3 of 5 Floor,Apartment,Thane,1,Owner,5,NA,F,490,NA,Y,Bachelors/Family,"Kalyan West, Thane",1 BHK Flat,Sq-ft,0,NA,NA,NA,0,0,0,0,0,0,0,0,0,0,0,0,0,0,0,0,0,0,0,0,0,0,0,0,0,0,0,0,0,0,0,0,0,0,0,0,0,0,0,0,0,0,0,0,0,0,0,0,0,0,0,0,0,0,0,0,0,0,0,0,0,0,0,0,0,0,0,0,0,0,0,0,0,0,0,0,0,0,0,0,0,0,0,0,0,0,0,0,0,0,NA,NA,NA,NA,NA
12568,Ready to Move,NA,15,N,Raunak Group,NA,NA,3700000,37 Lac,NA,NA,NA,NA,NA,NA,577,Raunak City 2,6412,NA,Kalyan West,NA,Sq-ft,N,NA,Semi-Furnished,1,NA,NA,NA,Resale,15 of 15 Floor,Apartment,Thane,1,Owner,15,NA,F,577,NA,Y,Bachelors/Family,"Kalyan West, Thane",1 BHK Flat,Sq-ft,0,NA,NA,NA,0,0,0,0,0,0,0,0,0,0,0,0,0,0,0,0,0,0,0,0,0,0,0,0,0,0,0,0,0,0,0,0,0,0,0,0,0,0,0,0,0,0,0,0,0,0,0,0,0,0,0,0,0,0,0,0,0,0,0,0,0,0,0,0,0,0,0,0,0,0,0,0,0,0,0,0,0,0,0,0,0,0,0,0,0,0,0,0,0,0,NA,NA,NA,NA,NA
12567,Ready to Move,NA,4,N,Raunak Group,NA,NA,3500000,35 Lac,NA,NA,NA,NA,NA,NA,580,Raunak City 3,6034,NA,Kalyan West,NA,Sq-ft,N,NA,Semi-Furnished,1,NA,NA,NA,Resale,4 of 7 Floor,Apartment,Thane,1,Owner,7,NA,F,580,NA,Y,Bachelors/Family,"Kalyan West, Thane",1 BHK Flat,Sq-ft,0,5 to 10 years,2,NA,0,0,0,0,0,0,0,0,0,0,0,0,0,0,0,0,0,0,0,0,0,0,0,0,0,0,0,0,0,0,0,0,0,0,0,0,0,0,0,0,0,0,0,0,0,0,0,0,0,0,0,0,0,0,0,0,0,0,0,0,0,0,0,0,0,0,0,0,0,0,0,0,0,0,0,0,0,0,0,0,0,0,0,0,0,0,0,0,0,0,NA,NA,NA,NA,NA
12566,Ready to Move,NA,20,N,NA,NA,NA,4350000,43.5 Lac,NA,NA,NA,NA,NA,NA,710,NA,6127,506,Kalyan West,NA,Sq-ft,N,NA,Unfurnished,1,NA,NA,NA,Resale,20 of 20 Floor,Apartment,Kalyan,1,Owner,20,NA,F,710,Sq-ft,Y,Bachelors/Family,"Kalyan West, Kalyan",1 BHK Flat,Sq-ft,0,Less than 5 years,3,NA,0,0,0,0,0,0,0,0,0,0,0,0,0,0,0,0,0,0,0,0,0,0,0,0,0,0,0,0,0,0,0,0,0,0,0,0,0,0,0,0,0,0,0,0,0,0,0,0,0,0,0,0,0,0,0,0,0,0,0,0,0,0,0,0,0,0,0,0,0,0,0,0,0,0,0,0,0,0,0,0,0,0,0,0,0,0,0,0,0,0,NA,NA,NA,NA,NA
12565,Ready to Move,NA,4,N,Shree Vasturachna Developers,NA,NA,2400000,24 Lac,NA,NA,NA,NA,NA,NA,550,Vrundavan,4364,385,Kalyan West,NA,Sq-ft,N,NA,Unfurnished,1,NA,NA,NA,Resale,4 of 4 Floor,Apartment,Thane,1,Owner,4,NA,F,550,Sq-ft,N,Bachelors/Family,"Kalyan West, Thane",1 BHK Flat,Sq-ft,0,Less than 5 years,2,NA,0,0,0,0,0,0,0,0,0,0,0,0,0,0,0,0,0,0,0,0,0,0,0,0,0,0,0,0,0,0,0,0,0,0,0,0,0,0,0,0,0,0,0,0,0,0,0,0,0,0,0,0,0,0,0,0,0,0,0,0,0,0,0,0,0,0,0,0,0,0,0,0,0,0,0,0,0,0,0,0,0,0,0,0,0,0,0,0,0,0,NA,NA,NA,NA,NA
12564,Ready to Move,NA,3,N,Konkanbhoomi Developers,NA,NA,4000000,40 Lac,NA,NA,Monthly,600,NA,"patel R mart, uco bank",640,Krishna Regency,6250,475,Kalyan West,NA,Sq-ft,N,Freehold,Semi-Furnished,1,NA,South - East,Main Road,Resale,3 of 4 Floor,Apartment,Thane,1,Owner,4,NA,F,640,Sq-ft,N,Bachelors/Family,"Kalyan West, Thane",1 BHK Flat,Sq-ft,0,10 to 15 years,NA,NA,0,0,0,0,0,1,0,0,1,0,0,0,0,0,0,0,0,0,0,0,0,0,0,0,0,0,0,0,0,0,0,0,0,0,0,0,0,0,0,0,0,0,0,0,0,0,0,0,0,0,0,0,0,0,0,0,0,0,0,0,0,0,0,0,0,0,0,0,0,0,0,0,0,0,0,0,0,0,0,0,0,0,0,0,0,0,0,0,0,0,NA,NA,NA,NA,NA
12563,Ready to Move,NA,3,N,NA,NA,NA,6300000,63 Lac,NA,NA,NA,NA,NA,NA,700,NA,9000,NA,Kalyan West,NA,Sq-ft,N,NA,Semi-Furnished,1,NA,NA,NA,Resale,3 of 3 Floor,Apartment,Thane,2,Owner,3,NA,F,700,NA,N,Bachelors/Family,"Kalyan West, Thane",2 BHK Flat,Sq-ft,0,Above 20 years,1,NA,0,0,0,0,0,0,0,0,0,0,0,0,0,0,0,0,0,0,0,0,0,0,0,0,0,0,0,0,0,0,0,0,0,0,0,0,0,0,0,0,0,0,0,0,0,0,0,0,0,0,0,0,0,0,0,0,0,0,0,0,0,0,0,0,0,0,0,0,0,0,0,0,0,0,0,0,0,0,0,0,0,0,0,0,0,0,0,0,0,0,NA,NA,NA,NA,NA
12562,Ready to Move,NA,12,N,Charms Group,NA,NA,7500000,75 Lac,NA,NA,NA,NA,NA,NA,990,Charms Heritage,7576,NA,Kalyan West,NA,Sq-ft,N,NA,Semi-Furnished,2,1 Covered,NA,NA,Resale,12 of 13 Floor,Apartment,Thane,2,Owner,13,NA,F,990,NA,N,Bachelors/Family,"Kalyan West, Thane",2 BHK Flat,Sq-ft,0,NA,NA,NA,1,1,0,1,1,1,0,1,1,0,0,0,1,0,1,0,0,0,0,0,0,0,0,0,0,0,0,0,0,0,0,0,0,0,0,0,0,0,0,0,0,0,0,0,0,0,0,0,0,0,0,0,0,0,0,0,0,0,0,0,0,0,0,0,0,0,0,0,0,0,0,0,0,0,0,0,1,0,0,1,0,0,0,0,0,0,0,0,1,0,NA,NA,NA,NA,NA
12561,Ready to Move,NA,6,N,Vidhi Developers,NA,NA,3300000,33 Lac,NA,NA,NA,NA,NA,NA,500,Vidhi Complex,6600,NA,Kalyan West,NA,Sq-ft,N,NA,Semi-Furnished,1,"1 Covered, 1 Open",NA,NA,Resale,6 of 8 Floor,Apartment,Thane,1,Owner,8,NA,F,500,NA,N,Bachelors/Family,"Kalyan West, Thane",1 BHK Flat,Sq-ft,0,NA,NA,NA,0,1,1,0,0,0,0,1,1,1,0,0,0,0,1,0,1,1,1,0,0,0,0,0,0,0,0,0,0,0,0,0,0,0,0,0,0,0,0,0,0,0,0,0,0,0,0,0,0,0,0,0,0,0,0,0,0,0,0,0,0,0,0,0,0,0,0,0,0,0,0,0,0,0,0,0,0,0,0,0,0,0,0,0,0,0,0,0,1,0,NA,NA,NA,NA,NA
12560,Under Construction,Apr '23,3,N,Godrej Properties,NA,1,6800000,68 Lac,NA,NA,NA,NA,NA,NA,NA,Godrej Nirvaan,NA,461,Kalyan West,NA,NA,N,Freehold,Unfurnished,1,NA,NA,"Garden/Park, Pool",Resale,3 of 22 Floor,Apartment,Thane,1,Owner,22,NA,F,NA,Sq-ft,N,Bachelors/Family,"Kalyan West, Thane",1 BHK Flat,NA,0,NA,NA,NA,0,1,1,0,1,1,0,0,1,0,0,0,1,0,1,1,0,0,0,0,0,0,0,0,0,0,0,1,0,0,0,0,0,0,0,0,0,0,0,0,0,0,0,0,0,0,0,0,0,0,0,0,0,0,0,0,0,0,0,0,0,0,0,0,0,0,0,0,0,0,0,0,0,0,0,0,0,0,0,0,0,0,0,0,0,0,0,0,0,0,NA,NA,NA,NA,NA
12559,Ready to Move,NA,8,N,TATA Housing Development Company Ltd.,NA,NA,5500000,55 Lac,NA,NA,NA,NA,NA,NA,927,Tata Amantra,5933,NA,Kalyan West,NA,Sq-ft,N,NA,Unfurnished,1,NA,NA,NA,Resale,8 of 33 Floor,Apartment,Thane,2,Owner,33,NA,F,927,NA,N,Bachelors/Family,"Kalyan West, Thane",2 BHK Flat,Sq-ft,0,NA,2,NA,1,1,1,1,1,1,0,1,1,0,0,1,0,0,1,1,1,1,0,0,0,0,0,0,0,0,0,1,1,0,0,0,0,0,0,0,0,0,0,0,0,0,0,0,0,0,0,0,0,0,1,0,1,0,0,0,0,0,0,0,0,0,0,0,0,0,0,0,0,0,0,1,0,0,0,0,0,0,0,1,0,0,0,1,0,0,0,0,1,0,NA,NA,NA,NA,NA
12558,Ready to Move,NA,4,N,Tharwani Infrastructures,NA,NA,5500000,55 Lac,NA,NA,NA,NA,NA,NA,600,Rosalie,9167,NA,Kalyan West,NA,Sq-ft,N,NA,Unfurnished,1,1 Open,NA,NA,Resale,4 of 14 Floor,Apartment,Thane,1,Owner,14,NA,F,600,NA,N,Bachelors/Family,"Kalyan West, Thane",1 BHK Flat,Sq-ft,0,5 to 10 years,1,NA,1,1,1,1,1,1,0,1,1,0,0,1,0,0,1,1,0,0,0,1,0,1,0,0,0,0,0,0,0,0,0,0,0,0,0,0,0,0,0,0,0,0,0,0,0,0,0,0,0,0,1,0,0,0,0,0,0,0,0,0,0,0,0,0,0,0,0,0,0,0,0,0,0,0,0,0,0,0,1,1,0,1,1,0,0,0,1,1,0,0,NA,NA,NA,NA,NA
12557,Ready to Move,NA,Ground,N,Shree Vasturachna Developers,NA,NA,2700000,27 Lac,NA,NA,NA,NA,NA,Bapgaon Naka,430,Vrundavan,6279,NA,Kalyan West,East Facing Property,Sq-ft,N,NA,Unfurnished,1,NA,East,"Garden/Park, Pool",Resale,Ground of 5 Floor,Apartment,Thane,1,Owner,5,NA,F,430,NA,N,Bachelors/Family,"Kalyan West, Thane",1 BHK Flat,Sq-ft,0,NA,NA,NA,1,1,1,1,1,1,1,1,1,1,1,1,1,1,1,1,1,1,1,1,1,1,1,1,1,1,1,1,1,1,1,1,1,1,1,1,1,1,1,1,1,1,1,1,1,1,1,1,1,1,1,1,1,1,1,1,1,1,1,1,1,1,1,1,1,1,1,1,1,1,1,1,1,1,1,1,1,1,1,1,1,1,1,1,1,1,1,1,1,1,NA,NA,NA,NA,NA
12556,Ready to Move,NA,1,N,Haware Engineers & Builders Pvt Ltd,NA,NA,4500000,45 Lac,Vitrified,NA,NA,NA,NA,NA,855,Haware Pinnacle,5263,NA,Kalyan West,NA,Sq-ft,N,Leasehold,Furnished,2,NA,West,"Garden/Park, Pool, Main Road",Resale,1 of 3 Floor,Apartment,Thane,2,Owner,3,NA,F,855,NA,N,Bachelors/Family,"Kalyan West, Thane",2 BHK Flat,Sq-ft,0,NA,2,NA,0,0,0,1,1,1,0,0,1,1,0,0,1,0,0,0,1,0,0,0,0,0,0,0,0,0,0,0,0,0,0,0,1,0,0,0,0,0,0,0,0,0,0,0,0,0,0,0,0,0,0,0,0,0,0,0,0,0,0,0,0,0,0,0,0,0,0,0,0,0,0,0,0,0,0,0,0,0,0,0,0,0,0,0,0,0,0,0,0,0,NA,NA,NA,NA,NA
12555,Ready to Move,NA,1,N,Royce Developers,KDMC,NA,4500000,45 Lac,NA,NA,NA,NA,NA,NA,645,Royce Paradise,6977,NA,Kalyan West,NA,Sq-ft,N,NA,Unfurnished,1,NA,NA,NA,Resale,1 of 8 Floor,Apartment,Thane,1,Owner,8,NA,F,645,NA,N,Bachelors/Family,"Kalyan West, Thane",1 BHK Flat,Sq-ft,0,NA,NA,NA,1,1,0,1,0,0,1,1,0,0,1,1,0,1,1,1,0,0,0,0,0,0,0,1,1,0,0,0,0,0,0,0,0,0,0,0,0,0,0,0,0,0,0,0,0,0,0,0,0,0,0,0,0,0,0,0,0,0,0,0,0,0,0,0,0,0,0,0,0,0,0,0,0,0,0,0,1,0,0,1,0,0,0,0,0,0,0,0,1,0,NA,NA,NA,NA,NA
12554,Under Construction,Mar '23,5,N,Godrej Properties,ABAMNC,1,7500000,75 Lac,NA,No/Rare Powercut,NA,NA,500000,"With Majiwada Junction 20 mins away, upcoming Metro Line 5 at walking",NA,Godrej Nirvaan,NA,675,Bhoiwada,NA,NA,N,Freehold,Unfurnished,2,1 Open,NA,Garden/Park,Resale,5 of 22 Floor,Apartment,Thane,2,Owner,22,Water Availability 24 Hours Available,F,NA,Sq-ft,N,Bachelors/Family,"Bhoiwada, Thane",2 BHK Flat,NA,0,NA,2,NA,1,1,1,1,1,1,1,1,1,1,1,1,1,1,1,1,1,1,1,1,1,1,1,1,1,1,1,1,1,1,1,1,1,1,1,1,1,1,1,1,1,1,1,1,1,1,1,1,1,1,1,1,1,1,1,1,1,1,1,1,1,1,1,1,1,1,1,1,1,1,1,1,1,1,1,1,1,1,1,1,1,1,1,1,1,1,1,1,1,1,NA,NA,NA,NA,NA
12553,Ready to Move,NA,9,N,Raunak Group,NA,NA,3800000,38 Lac,NA,NA,NA,NA,200000,Don Bosco school,607,Raunak City 2,6260,NA,Kalyan West,NA,Sq-ft,N,NA,Unfurnished,1,NA,NA,NA,Resale,9 of 15 Floor,Apartment,Thane,1,Owner,15,NA,F,607,NA,N,Bachelors/Family,"Kalyan West, Thane",1 BHK Flat,Sq-ft,0,5 to 10 years,2,NA,0,1,1,1,1,1,0,0,0,0,0,0,0,0,0,1,1,0,0,0,0,0,0,0,0,0,0,1,0,0,0,0,0,0,0,0,0,0,0,0,0,0,0,0,0,0,0,0,0,0,0,0,0,0,0,0,0,0,0,0,0,0,0,0,0,0,0,0,0,0,0,0,0,0,0,0,0,0,0,0,0,0,0,0,0,0,0,0,0,0,NA,NA,NA,NA,NA
12552,Ready to Move,NA,3,N,Shree Samarth Developers,NA,NA,6500000,65 Lac,NA,NA,NA,NA,NA,NA,950,Niraj City Phase 2,6842,NA,Kalyan West,NA,Sq-ft,N,NA,Unfurnished,2,1 Open,NA,NA,Resale,3 of 8 Floor,Apartment,Thane,2,Owner,8,NA,F,950,NA,N,Bachelors/Family,"Kalyan West, Thane",2 BHK Flat,Sq-ft,0,New Construction,2,NA,0,1,1,1,0,1,1,0,1,1,1,1,1,0,1,0,1,0,0,0,0,0,1,0,0,1,0,0,0,0,0,0,0,0,0,0,0,0,0,0,0,0,0,0,0,0,0,0,0,0,0,0,0,0,0,0,0,0,0,0,0,0,0,0,0,0,0,0,0,0,0,1,0,0,0,0,0,0,0,1,0,0,1,1,0,0,0,1,1,0,NA,NA,NA,NA,NA
12551,Ready to Move,NA,1,N,Haware Engineers & Builders Pvt Ltd,NA,NA,2700000,27 Lac,Ceramic Tiles,NA,NA,NA,NA,NA,603,Haware Pinnacle,4478,NA,Kalyan West,East Facing Property,Sq-ft,N,Freehold,Unfurnished,1,NA,East,"Garden/Park, Pool, Main Road",New Property,1 of 4 Floor,Apartment,Thane,1,Owner,4,NA,F,603,NA,N,Bachelors/Family,"Kalyan West, Thane",1 BHK Flat,Sq-ft,0,New Construction,1,NA,0,1,1,1,1,1,1,0,0,0,0,1,0,0,0,0,0,0,0,1,0,0,0,0,0,0,0,1,0,0,0,0,0,0,0,0,0,0,0,0,0,0,0,0,0,0,0,0,0,0,0,0,0,0,0,0,0,0,0,0,0,0,0,0,0,0,0,0,0,0,0,0,0,0,0,0,0,0,0,0,0,0,0,0,0,0,0,0,0,0,NA,NA,NA,NA,NA
12550,Ready to Move,NA,18,N,NA,ABAMNC,0,6500000,65 Lac,Vitrified,NA,Monthly,NA,50000,NA,1080,NA,6018,NA,Kalyan West,East Facing Property,Sq-ft,N,Freehold,Furnished,2,NA,East,Pool,Resale,18 of 29 Floor,Apartment,Thane,2,Owner,29,NA,F,1080,NA,Y,Bachelors/Family,"Kalyan West, Thane",2 BHK Flat,Sq-ft,0,Less than 5 years,1,NA,1,1,0,1,1,1,1,1,1,1,0,1,1,0,1,1,1,1,0,0,1,0,1,0,0,1,0,1,1,0,0,0,1,0,0,0,0,0,0,0,0,0,0,1,0,0,0,0,0,0,0,0,1,0,0,1,0,0,1,0,0,0,0,0,0,0,0,0,0,0,0,0,0,0,0,0,0,0,0,0,0,0,0,0,0,0,0,0,0,0,NA,NA,NA,NA,NA
12549,Ready to Move,NA,6,N,Raunak Group,NA,NA,3400000,34 Lac,NA,NA,NA,NA,NA,NA,580,Raunak City 2,5862,NA,Kalyan West,NA,Sq-ft,N,NA,Unfurnished,1,NA,North - East,NA,Resale,6 of 7 Floor,Apartment,Thane,1,Owner,7,NA,F,580,NA,N,Bachelors/Family,"Kalyan West, Thane",1 BHK Flat,Sq-ft,0,Less than 5 years,1,NA,0,1,0,1,1,1,1,1,1,0,0,1,1,0,0,0,1,1,0,1,0,0,1,0,0,1,0,1,0,0,0,0,0,0,0,0,0,0,0,0,0,0,0,0,0,0,0,0,0,0,0,0,0,0,0,0,0,0,0,0,0,0,0,0,0,0,0,0,0,0,0,0,0,0,0,0,0,0,0,0,0,0,0,0,0,0,0,0,0,0,NA,NA,NA,NA,NA
12548,Ready to Move,NA,6,N,OSSK CORP,ABAMNC,NA,6900000,69 Lac,Vitrified,No/Rare Powercut,Monthly,1500,200000,Mamoji Super Market,950,Sai Sharnam,7263,650,Kalyan West,East Facing Property,Sq-ft,N,Freehold,Semi-Furnished,2,NA,East,"Garden/Park, Main Road",Resale,6 of 15 Floor,Apartment,Thane,2,Owner,15,Water Availability 24 Hours Available,F,950,Sq-ft,Y,Bachelors/Family,"Kalyan West, Thane",2 BHK Flat,Sq-ft,0,Less than 5 years,3,NA,1,1,0,1,0,0,1,1,1,1,0,1,0,0,1,0,0,0,0,0,0,0,0,0,0,0,0,0,0,0,0,0,0,0,0,0,0,0,0,0,0,0,0,0,0,0,0,0,0,0,0,0,0,0,0,0,0,0,0,0,0,0,0,0,0,0,0,0,0,0,0,0,0,0,0,0,0,0,0,0,0,0,0,0,0,0,0,0,0,0,NA,Y,NA,NA,NA
12547,Ready to Move,NA,2,N,TATA Housing Development Company Ltd.,NA,NA,6300000,63 Lac,Marbonite,NA,NA,NA,NA,Near natinal highway Mumbai Nashik,927,Tata Amantra,6796,NA,Kalyan West,Near natinal highway Mumbai Nashik,Sq-ft,N,Co-operative Society,Unfurnished,1,NA,North - East,"Garden/Park, Pool",Resale,2 of 18 Floor,Apartment,Thane,2,Owner,18,NA,F,927,NA,Y,Bachelors/Family,"Kalyan West, Thane",2 BHK Flat,Sq-ft,0,5 to 10 years,1,NA,1,1,1,1,1,1,1,1,1,1,1,1,1,1,1,1,1,1,1,1,1,1,1,1,1,1,1,1,1,1,1,1,1,1,1,1,1,1,1,1,1,1,1,1,1,1,1,1,1,1,1,1,1,1,1,1,1,1,1,1,1,1,1,1,1,1,1,1,1,1,1,1,1,1,1,1,1,1,1,1,1,1,1,1,1,1,1,1,1,1,NA,NA,NA,NA,NA
12546,Ready to Move,NA,4,N,Haware Engineers & Builders Pvt Ltd,RCUDA,1,2000000,20 Lac,Vitrified,No/Rare Powercut,Per sq. Unit Monthly,2,100000,NA,NA,Haware Pinnacle,NA,429,Kalyan West,NA,NA,N,Power Of Attorney,Unfurnished,1,NA,North,"Garden/Park, Pool, Main Road",Resale,4 of 4 Floor,Apartment,Thane,1,Owner,4,Water Availability 24 Hours Available,F,NA,Sq-ft,Y,Bachelors/Family,"Kalyan West, Thane",1 BHK Flat,NA,0,Less than 5 years,1,NA,1,1,1,1,1,1,1,1,1,1,1,1,1,1,1,1,1,1,1,1,1,1,1,1,1,1,1,1,1,1,1,1,1,1,1,1,1,1,1,1,1,1,1,1,1,1,1,1,1,1,1,1,1,1,1,1,1,1,1,1,1,1,1,1,1,1,1,1,1,1,1,1,1,1,1,1,1,1,1,1,1,1,1,1,1,1,1,1,1,1,NA,NA,NA,NA,NA
12545,Ready to Move,NA,15,N,NA,KDMC,0,13000000,1.30 Cr,Vitrified,No/Rare Powercut,Monthly,3500,200000,Its a furnished flat 24 hrs water available  with stilt parking,1475,NA,8813,885,Kalyan West,NA,Sq-ft,N,Freehold,Semi-Furnished,3,1 Covered,East,Main Road,Resale,15 of 23 Floor,Apartment,Thane,3,Agent,23,Water Availability 24 Hours Available,F,1475,Sq-ft,Y,Bachelors/Family,"Kalyan West, Thane",3 BHK Flat,Sq-ft,0,5 to 10 years,2,NA,1,1,1,1,1,1,1,1,1,1,1,1,1,1,1,1,1,1,1,1,1,1,1,1,1,1,1,1,1,1,1,1,1,1,1,1,1,1,1,1,1,1,1,1,1,1,1,1,1,1,1,1,1,1,1,1,1,1,1,1,1,1,1,1,1,1,1,1,1,1,1,1,1,1,1,1,1,1,1,1,1,1,1,1,1,1,1,1,1,1,NA,NA,NA,NA,NA
12544,Ready to Move,Jan '23,4,N,NA,NA,NA,2853100,28.5 Lac,NA,NA,NA,NA,50000,NA,585,NA,4877,383,Kalyan West,NA,Sq-ft,Y,NA,Unfurnished,1,NA,NA,NA,New Property,4 of 7 Floor,Apartment,Thane,1,Agent,7,NA,F,585,Sq-ft,Y,Bachelors/Family,"Kalyan West, Thane",1 BHK Flat,Sq-ft,0,NA,1,Y,0,0,0,0,0,0,0,0,0,0,0,0,0,0,0,0,0,0,0,0,0,0,0,0,0,0,0,0,0,0,0,0,0,0,0,0,0,0,0,0,0,0,0,0,0,0,0,0,0,0,0,0,0,0,0,0,0,0,0,0,0,0,0,0,0,0,0,0,0,0,0,0,0,0,0,0,0,0,0,0,0,0,0,0,0,0,0,0,0,0,NA,NA,NA,NA,NA
12543,Ready to Move,NA,5,N,Raunak Group,NA,NA,3450000,34.5 Lac,NA,NA,NA,NA,100000,NA,550,Raunak City 2,6273,420,Kalyan West,East Facing Property,Sq-ft,N,Freehold,Unfurnished,2,NA,East,NA,Resale,5 of 15 Floor,Apartment,Thane,1,Owner,15,NA,F,550,Sq-ft,Y,Bachelors/Family,"Kalyan West, Thane",1 BHK Flat,Sq-ft,0,5 to 10 years,2,NA,1,1,1,1,1,1,1,1,1,1,0,0,0,0,1,1,1,1,1,0,1,0,0,1,0,1,0,1,1,0,0,0,0,0,0,0,0,0,0,0,0,0,0,0,0,0,0,0,0,0,0,0,0,0,0,0,0,0,0,0,0,0,0,0,0,0,0,0,0,0,0,0,0,0,0,0,0,0,0,0,0,0,0,0,0,0,0,0,0,0,NA,NA,NA,NA,NA
12542,Under Construction,Mar '24,5,N,Mahindra Lifespace Developers Ltd.,TMC,1,3500000,35 Lac,Marble,No/Rare Powercut,NA,NA,NA,NA,520,Mahindra Happinest Kalyan,6731,400,Kalyan West,NA,Sq-ft,N,Power Of Attorney,Furnished,1,"1 Covered, 1 Open",South - East,"Garden/Park, Main Road",Resale,5 of 14 Floor,Apartment,Thane,1,Owner,14,Water Availability 24 Hours Available,F,520,Sq-ft,Y,Bachelors/Family,"Kalyan West, Thane",1 BHK Flat,Sq-ft,0,NA,1,NA,1,1,1,1,1,1,1,1,1,1,1,1,1,1,1,1,1,1,1,1,1,1,1,1,1,1,1,1,1,1,1,1,1,1,1,1,1,1,1,1,1,1,1,1,1,1,1,1,1,1,1,1,1,1,1,1,1,1,1,1,1,1,1,1,1,1,1,1,1,1,1,1,1,1,1,1,1,1,1,1,1,1,1,1,1,1,1,1,1,1,NA,NA,NA,NA,NA
12541,Ready to Move,NA,6,N,Royal Builders and Developers,NA,NA,20000000,2 Cr,NA,NA,NA,NA,NA,NA,1115,Royal Residency,17937,NA,Kalyan West,NA,Sq-ft,N,NA,Semi-Furnished,3,2 Covered,NA,NA,Resale,6 of 8 Floor,Apartment,Thane,4,Owner,8,NA,F,1115,NA,Y,Bachelors/Family,"Kalyan West, Thane",4 BHK Flat,Sq-ft,0,NA,NA,NA,0,1,1,0,0,0,1,1,1,1,0,0,0,0,1,0,1,1,1,0,0,0,0,0,0,0,0,0,0,0,0,0,0,0,0,0,0,0,0,0,0,0,0,0,0,0,0,0,0,0,0,0,0,0,0,0,0,0,0,0,0,0,0,0,0,0,0,0,0,0,0,0,0,0,0,0,0,0,0,1,0,0,0,0,0,0,0,0,1,0,NA,NA,NA,NA,NA
12540,Ready to Move,NA,9,N,TATA Housing Development Company Ltd.,ABAMNC,0,7500000,75 Lac,Vitrified,No/Rare Powercut,Monthly,NA,NA,Kalyan - Bhiwandi Junction,1017,Tata Amantra,7375,NA,Kalyan West,NA,Sq-ft,N,Freehold,Unfurnished,2,NA,NA,Main Road,Resale,9 of 15 Floor,Apartment,Thane,2,Owner,15,Water Availability 24 Hours Available,F,1017,NA,Y,Bachelors/Family,"Kalyan West, Thane",2 BHK Flat,Sq-ft,0,Less than 5 years,NA,NA,0,1,0,0,1,0,1,0,1,0,0,1,0,0,0,1,0,0,0,0,0,0,0,0,0,0,1,1,0,0,0,0,0,0,0,0,0,0,0,0,0,0,0,0,0,0,0,0,0,0,0,0,0,0,0,0,0,0,0,0,0,0,0,0,0,0,0,0,0,0,0,0,0,0,0,0,0,0,0,0,0,0,0,0,0,0,0,0,0,0,NA,Y,NA,NA,NA
12539,Ready to Move,NA,Ground,N,NA,NA,NA,5000000,50 Lac,Ceramic Tiles,NA,NA,NA,NA,Hotel kashish international,750,NA,6667,NA,Kalyan West,East Facing Property,Sq-ft,N,NA,Furnished,2,1 Open,East,"Garden/Park, Main Road",Resale,Ground of 3 Floor,Apartment,Thane,2,Owner,3,NA,F,750,NA,Y,Bachelors/Family,"Kalyan West, Thane",2 BHK Flat,Sq-ft,0,NA,NA,NA,1,1,1,1,1,1,1,1,1,1,1,1,1,1,1,1,1,1,1,1,1,1,1,1,1,1,1,1,1,1,1,1,1,1,1,1,1,1,1,1,1,1,1,1,1,1,1,1,1,1,1,1,1,1,1,1,1,1,1,1,1,1,1,1,1,1,1,1,1,1,1,1,1,1,1,1,1,1,1,1,1,1,1,1,1,1,1,1,1,1,NA,NA,NA,NA,NA
12538,Ready to Move,NA,6,N,NA,NA,NA,6500000,65 Lac,Vitrified,NA,NA,NA,NA,"Wayale nagar, poddar school",850,NA,7647,NA,Kalyan West,NA,Sq-ft,N,Co-operative Society,Semi-Furnished,2,NA,West,"Garden/Park, Main Road",Resale,6 of 8 Floor,Apartment,Thane,2,Owner,8,NA,F,850,NA,Y,Bachelors/Family,"Kalyan West, Thane",2 BHK Flat,Sq-ft,0,10 to 15 years,NA,NA,1,1,1,1,1,1,1,1,1,1,1,1,1,1,1,1,1,1,1,1,1,1,1,1,1,1,1,1,1,1,1,1,1,1,1,1,1,1,1,1,1,1,1,1,1,1,1,1,1,1,1,1,1,1,1,1,1,1,1,1,1,1,1,1,1,1,1,1,1,1,1,1,1,1,1,1,1,1,1,1,1,1,1,1,1,1,1,1,1,1,NA,NA,NA,NA,NA
12537,Ready to Move,NA,6,N,Raunak Group,NA,NA,4000000,40 Lac,NA,NA,Monthly,2500,NA,near Don Bosco school,600,Raunak City 3,6667,480,Kalyan West,East Facing Property,Sq-ft,Y,Freehold,Semi-Furnished,1,NA,East,"Main Road, Garden/Park, Pool",New Property,6 of 7 Floor,Apartment,Thane,1,Owner,7,NA,F,600,Sq-ft,Y,Bachelors/Family,"Kalyan West, Thane",1 BHK Flat,Sq-ft,0,Less than 5 years,2,NA,1,1,1,1,1,1,1,1,1,0,1,1,0,1,0,1,1,1,0,1,0,1,1,0,0,1,0,1,1,0,0,0,0,0,0,0,0,0,0,0,0,0,0,0,0,0,0,0,0,0,0,0,0,0,0,0,0,0,0,0,0,0,0,0,0,0,0,0,0,0,0,0,0,0,0,0,0,0,0,0,0,0,0,0,0,0,0,0,0,0,NA,NA,NA,NA,NA
12536,Ready to Move,NA,7,N,NA,NA,NA,4800000,48 Lac,NA,NA,Monthly,2300,100000,NA,663,NA,7240,450,Kalyan West,NA,Sq-ft,N,Freehold,Unfurnished,1,NA,NA,Garden/Park,Resale,7 of 7 Floor,Apartment,Kalyan,1,Owner,7,NA,F,663,Sq-ft,Y,Bachelors/Family,"Kalyan West, Kalyan",1 BHK Flat,Sq-ft,0,Less than 5 years,2,NA,1,1,0,1,0,1,1,0,1,1,0,0,0,0,1,0,1,0,0,0,0,0,0,0,0,0,0,0,0,0,0,0,0,0,0,0,0,0,0,0,0,0,0,0,0,0,0,0,0,0,0,0,0,0,0,0,0,0,0,0,0,0,0,0,0,0,0,0,0,0,0,0,0,0,0,0,0,0,0,0,0,0,0,0,0,0,0,0,0,0,NA,NA,NA,NA,NA
12535,Ready to Move,NA,7,N,NA,NA,NA,4700000,47 Lac,NA,NA,NA,NA,NA,Jhulelaal Chowk,750,Seasons Avenue Kalyan,6267,694,Kalyan West,NA,Sq-ft,N,Co-operative Society,Semi-Furnished,1,NA,North - West,Main Road,Resale,7 of 7 Floor,Apartment,Thane,1,Owner,7,NA,F,750,Sq-ft,N,Bachelors/Family,"Kalyan West, Thane",1 BHK Flat,Sq-ft,0,5 to 10 years,2,NA,1,1,1,1,1,1,1,1,1,1,1,1,1,1,1,1,1,1,1,1,1,1,1,1,1,1,1,1,1,1,1,1,1,1,1,1,1,1,1,1,1,1,1,1,1,1,1,1,1,1,1,1,1,1,1,1,1,1,1,1,1,1,1,1,1,1,1,1,1,1,0,1,1,1,1,1,1,1,1,1,1,1,1,1,1,1,1,1,1,1,NA,NA,NA,NA,NA
12534,Ready to Move,NA,4,N,Haware Engineers & Builders Pvt Ltd,NA,NA,3600000,36 Lac,Vitrified,NA,Monthly,NA,NA,Near Haware Paradise,608,Haware Pinnacle,5921,466,Kalyan West,NA,Sq-ft,N,Freehold,Unfurnished,1,NA,West,"Garden/Park, Main Road",Resale,4 of 4 Floor,Apartment,Thane,1,Owner,4,NA,F,608,Marla,Y,Bachelors/Family,"Kalyan West, Thane",1 BHK Flat,Sq-ft,0,Less than 5 years,1,NA,0,1,0,1,1,1,1,0,1,1,0,0,1,0,1,1,0,1,1,1,0,0,0,0,0,0,0,0,0,0,0,0,0,0,0,0,0,0,0,0,0,0,0,0,0,0,0,0,0,0,0,0,0,0,0,0,0,0,0,0,0,0,0,0,0,0,0,0,0,0,0,0,0,0,0,0,0,0,0,0,0,0,0,0,0,0,0,0,0,0,NA,NA,NA,NA,NA
12533,Ready to Move,NA,1,N,Mahavir Builders,NA,NA,5999999,60 Lac,NA,NA,NA,NA,10000,NA,1175,Mahavir Heights,5106,1000,Kalyan West,NA,Sq-ft,N,NA,Unfurnished,2,NA,NA,NA,Resale,1 of 5 Floor,Apartment,Thane,2,Owner,5,NA,F,1175,Sq-ft,Y,Bachelors/Family,"Kalyan West, Thane",2 BHK Flat,Sq-ft,0,5 to 10 years,2,NA,1,1,0,0,0,0,0,1,1,1,0,0,0,0,1,0,0,0,0,1,0,0,0,0,0,0,0,0,0,0,0,0,0,0,0,0,0,0,0,0,0,0,0,0,0,0,0,0,0,0,0,0,0,0,0,0,0,0,0,0,0,0,0,0,0,0,0,0,0,0,0,0,0,0,0,0,0,0,0,0,0,0,0,0,0,0,0,0,0,0,NA,NA,NA,NA,NA
12532,Ready to Move,NA,5,N,NA,NA,NA,12500000,1.25 Cr,Marbonite,NA,NA,NA,NA,"Near HDFC Bank, Behind Kamal Motors",1240,NA,10081,NA,Rambaug Lane Number 4,East Facing Property,Sq-ft,N,Co-operative Society,Furnished,4,1 Covered,East,Garden/Park,Resale,5 of 7 Floor,Apartment,Thane,3,Owner,7,NA,F,1240,NA,Y,Bachelors/Family,"Rambaug Lane Number 4, Thane",3 BHK Flat,Sq-ft,0,10 to 15 years,4,NA,1,1,1,1,1,1,1,1,1,1,1,1,1,1,1,1,1,1,1,1,1,1,1,1,1,1,1,1,1,1,1,1,1,1,1,1,1,1,1,1,1,1,1,1,1,1,1,1,1,1,1,1,1,1,1,1,1,1,1,1,1,1,1,1,1,1,1,1,1,1,1,1,1,1,1,1,1,1,1,1,1,1,1,1,1,1,1,1,1,1,NA,NA,NA,NA,NA
12531,Ready to Move,NA,15,N,Kohinoor Group,ABAMNC,1,5499000,55 Lac,Vitrified,No/Rare Powercut,Monthly,1200,100000,Anubhav Hotel,690,Kohinoor Majestic,7970,491,Kalyan West,East Facing Property,Sq-ft,N,Freehold,Unfurnished,2,1 Open,East,"Garden/Park, Main Road",Resale,15 of 15 Floor,Apartment,Thane,1,Agent,15,Water Availability 24 Hours Available,F,690,Sq-ft,Y,Bachelors/Family,"Kalyan West, Thane",1 BHK Flat,Sq-ft,0,Less than 5 years,2,NA,0,1,1,0,0,1,1,1,0,0,1,1,1,0,1,0,0,1,0,0,0,0,0,0,0,0,0,1,0,0,0,0,0,0,0,0,0,0,0,0,0,0,0,0,0,0,0,0,0,0,0,0,0,0,0,1,0,0,0,0,0,0,0,0,0,0,0,0,0,0,0,0,0,0,0,0,0,0,0,0,0,0,0,0,0,0,0,0,0,0,NA,Y,NA,NA,NA
12530,Ready to Move,NA,1,N,Haware Engineers & Builders Pvt Ltd,ABAAut,1,5000000,50 Lac,Vitrified,No/Rare Powercut,Monthly,1500,500000,Shree Ganesh Mandir,851,Haware Pinnacle,5875,548,Kalyan West,East Facing Property,Sq-ft,N,Freehold,Semi-Furnished,2,1 Open,East,"Garden/Park, Pool",Resale,1 of 9 Floor,Apartment,Thane,2,Owner,9,Water Availability 24 Hours Available,F,851,Sq-ft,Y,Bachelors/Family,"Kalyan West, Thane",2 BHK Flat,Sq-ft,0,Less than 5 years,3,NA,1,1,1,1,1,1,1,1,1,1,1,1,1,1,1,1,1,1,1,1,1,1,1,1,1,1,1,1,1,1,1,1,1,1,1,1,1,1,1,1,1,1,1,1,1,1,1,1,1,1,1,1,1,1,1,1,1,1,1,1,1,1,1,1,1,1,1,0,1,1,1,1,1,1,1,1,1,1,1,1,1,1,1,1,1,1,1,1,1,1,NA,Y,NA,NA,NA
12529,Ready to Move,NA,6,N,Aashapura Builders and Developers,NA,NA,5200000,52 Lac,NA,NA,NA,NA,NA,NA,960,Aashapura Crown City,5417,648,Kalyan West,East Facing Property,Sq-ft,N,Freehold,Unfurnished,2,NA,East,Garden/Park,Resale,6 of 7 Floor,Apartment,Thane,2,Owner,7,NA,F,960,Sq-ft,Y,Bachelors/Family,"Kalyan West, Thane",2 BHK Flat,Sq-ft,0,Less than 5 years,2,NA,1,1,1,1,1,1,1,1,1,1,1,1,1,1,1,1,1,1,1,1,1,1,1,1,1,1,1,1,1,1,1,1,1,1,1,1,1,1,1,1,1,1,1,1,1,1,1,1,1,1,1,1,1,1,1,1,1,1,1,1,1,1,1,1,1,1,1,1,1,1,0,1,1,1,1,1,1,1,1,1,1,1,1,1,1,1,1,1,1,1,NA,NA,NA,NA,NA
12528,Ready to Move,NA,1,N,Innovative Buildcon,NA,NA,13500000,1.35 Cr,NA,NA,NA,NA,NA,Near Springtime club,1300,Tycoons Residency,10385,1063,Kalyan West,NA,Sq-ft,N,Freehold,Semi-Furnished,2,NA,North - East,NA,Resale,1 of 7 Floor,Apartment,Thane,3,Owner,7,NA,F,1300,Sq-ft,Y,Bachelors/Family,"Kalyan West, Thane",3 BHK Flat,Sq-ft,0,15 to 20 years,1,NA,0,0,0,0,0,0,1,0,1,0,0,0,1,0,0,0,0,0,0,0,0,0,0,0,0,0,0,0,0,0,0,0,0,0,0,0,0,0,0,0,0,0,0,0,0,0,0,0,0,0,0,0,0,0,0,0,0,0,0,0,0,0,0,0,0,0,0,0,0,0,0,0,0,0,0,0,0,0,0,0,0,0,0,0,0,0,0,0,0,0,NA,NA,NA,NA,NA
12527,Ready to Move,NA,2,N,NA,NA,NA,8500000,85 Lac,NA,NA,NA,NA,NA,NA,1000,NA,8500,650,Kalyan West,NA,Sq-ft,N,NA,Unfurnished,2,NA,NA,Main Road,Resale,2 of 7 Floor,Apartment,Thane,2,Owner,7,NA,F,1000,Sq-ft,Y,Bachelors/Family,"Kalyan West, Thane",2 BHK Flat,Sq-ft,0,New Construction,2,NA,1,1,0,0,0,0,0,0,1,0,0,0,0,0,1,0,0,0,0,0,0,0,0,0,0,0,0,0,0,0,0,0,0,0,0,0,0,0,0,0,0,0,0,0,0,0,0,0,0,0,0,0,0,0,0,0,0,0,0,0,0,0,0,0,0,0,0,0,0,0,0,0,0,0,0,0,0,0,0,0,0,0,0,0,0,0,0,0,0,0,NA,NA,NA,NA,NA
12526,Ready to Move,NA,2,N,Realty Builders,KDMC,1,6000000,60 Lac,Vitrified,No/Rare Powercut,Monthly,1800,100000,"Reputed school in the vicinity, market and other important daily needs",1200,Bajaj Prakriti Angan,5000,700,Kalyan West,NA,Sq-ft,N,Freehold,Semi-Furnished,2,5 Open,North - West,Main Road,Resale,2 of 12 Floor,Apartment,Thane,2,Owner,12,Water Availability 24 Hours Available,F,1200,Sq-ft,Y,Bachelors/Family,"Kalyan West, Thane",2 BHK Flat,Sq-ft,0,5 to 10 years,1,NA,1,1,1,1,1,1,1,1,1,1,1,1,1,1,1,1,1,1,1,1,1,1,1,1,1,1,1,1,1,1,1,1,1,1,1,1,1,1,1,1,1,1,1,1,1,1,1,1,1,1,1,1,1,1,1,1,1,1,1,1,1,1,1,1,1,1,1,1,1,1,0,1,1,1,1,1,1,1,1,1,1,1,1,1,1,1,1,1,1,1,NA,Y,NA,NA,NA
12525,Ready to Move,NA,2,N,Rutu Group,KDMC,NA,7800000,78 Lac,NA,No/Rare Powercut,Monthly,NA,NA,NA,985,Rutu Riverside Estate,7918,638,Kalyan West,East Facing Property,Sq-ft,N,NA,Furnished,2,1 Open,East,NA,Resale,2 of 10 Floor,Builder Floor Apartment,Thane,2,Owner,10,Water Availability 24 Hours Available,F,985,Sq-ft,Y,Bachelors/Family,"Kalyan West, Thane",2 BHK Flat,Sq-ft,0,NA,3,NA,1,1,0,1,0,0,1,0,1,1,0,0,1,1,0,1,0,1,1,1,1,0,0,0,0,0,0,0,0,0,0,0,0,0,0,0,0,0,0,0,0,0,0,0,0,0,0,0,0,0,0,0,0,0,0,0,0,0,0,0,0,0,0,0,0,0,0,0,0,0,0,0,0,0,0,0,0,0,0,0,0,0,0,0,0,0,0,0,0,0,NA,NA,NA,NA,NA
12524,Ready to Move,NA,13,N,TATA Housing Development Company Ltd.,NA,1,5500000,55 Lac,Ceramic Tiles,No/Rare Powercut,NA,NA,NA,Strategically located Bhiwandi Kalyan Junction on Mumbai Nashik expess,927,Tata Amantra,5933,612,Kalyan West,NA,Sq-ft,N,Freehold,Unfurnished,1,NA,North - East,NA,Resale,13 of 24 Floor,Apartment,Thane,2,Owner,24,NA,F,927,Sq-ft,Y,Bachelors/Family,"Kalyan West, Thane",2 BHK Flat,Sq-ft,0,5 to 10 years,1,NA,1,1,1,1,1,1,1,1,1,0,1,1,1,0,1,1,1,1,0,0,0,0,0,0,0,1,0,1,1,0,0,0,0,0,0,0,0,0,0,0,0,0,0,0,0,0,0,0,0,0,0,0,1,0,0,0,0,0,0,0,0,0,0,0,0,0,0,0,0,0,0,0,0,0,0,0,0,0,0,0,0,0,0,0,0,0,0,0,0,0,NA,NA,NA,NA,NA
12523,Under Construction,Apr '23,5,Y,Honest Developers,ABAAut,45,3500000,35 Lac,Vitrified,No/Rare Powercut,Monthly,1200,100000,Honest Kalyan Nagari is an housing project at Kon gaon in Beyond Thane,650,Kalyan Nagari,5384,450,Kalyan West,NA,Sq-ft,Y,Freehold,Unfurnished,2,1 Covered,East,"Pool, Garden/Park, Main Road",New Property,5 of 15 Floor,Apartment,Thane,1,Agent,15,Water Availability 24 Hours Available,F,650,Sq-ft,Y,Bachelors/Family,"Kalyan West, Thane",1 BHK Flat,Sq-ft,0,NA,3,Y,1,1,1,1,1,1,1,1,1,1,1,1,1,1,1,1,1,1,1,1,1,1,1,1,1,1,1,1,1,1,1,1,1,1,1,1,1,1,1,1,1,1,1,1,1,1,1,1,1,1,1,1,1,1,1,1,1,1,1,1,1,1,1,1,1,1,1,1,1,1,1,1,1,1,1,1,1,1,1,1,1,1,1,1,1,1,1,1,1,1,NA,NA,NA,NA,NA
12522,Under Construction,Dec '25,10,N,Tycoons Group,KDMC,79,3900000,39 Lac,Vitrified,No/Rare Powercut,Monthly,1500,100000,Kalyan has its Khadakpada  the most premium and prestigious address,650,Tycoons Square,6000,450,Kalyan West,NA,Sq-ft,Y,Freehold,Unfurnished,2,"1 Covered, 1 Open",East,"Pool, Garden/Park, Main Road",New Property,10 of 23 Floor,Apartment,Thane,1,Agent,23,Water Availability 24 Hours Available,F,650,Sq-ft,Y,Bachelors/Family,"Kalyan West, Thane",1 BHK Flat,Sq-ft,0,NA,3,Y,1,1,1,1,1,1,1,1,1,1,1,1,1,1,1,1,1,1,1,1,1,1,1,1,1,1,1,1,1,1,1,1,1,1,1,1,1,1,1,1,1,1,1,1,1,1,1,1,1,1,1,1,1,1,1,1,1,1,1,1,1,1,1,1,1,1,1,1,1,1,1,1,1,1,1,1,1,1,1,1,1,1,1,1,1,1,1,1,1,1,NA,NA,NA,NA,NA
12521,Under Construction,Mar '25,19,N,NA,KDMC,20,3673500,36.7 Lac,Ceramic Tiles,No/Rare Powercut,Per sq. Unit Monthly,3,100000,Excellent Location in Godrej Hills Behind DMart kalyan west,650,NA,5651,408,Kalyan West,NA,Sq-ft,Y,Freehold,Unfurnished,2,1 Covered,East,Main Road,New Property,19 of 26 Floor,Apartment,Thane,1,Agent,26,Water Availability 24 Hours Available,F,650,Sq-ft,Y,Bachelors/Family,"Kalyan West, Thane",1 BHK Flat,Sq-ft,0,NA,1,NA,1,1,1,1,1,1,1,1,1,1,1,1,1,1,1,1,1,1,1,1,1,1,1,1,1,1,1,1,1,1,1,1,1,1,1,1,1,1,1,1,1,1,1,1,1,1,1,1,1,1,1,1,1,1,1,1,1,1,1,1,1,1,1,1,1,1,1,1,1,1,1,1,1,1,1,1,1,1,1,1,1,1,1,1,1,1,1,1,1,1,NA,NA,NA,NA,NA
12520,Under Construction,Dec '24,9,Y,Godrej Properties,NA,NA,8820000,88.2 Lac,NA,NA,NA,NA,500000,majiwada metro station,875,Godrej Nirvaan,10080,675,Kalyan West,NA,Sq-ft,Y,Freehold,Semi-Furnished,2,NA,East,"Pool, Garden/Park",New Property,9 of 26 Floor,Apartment,Thane,2,Agent,26,NA,F,875,Sq-ft,Y,Bachelors/Family,"Kalyan West, Thane",2 BHK Flat,Sq-ft,0,NA,NA,Y,1,1,1,1,1,1,1,1,1,1,1,1,1,1,1,1,1,1,1,1,1,1,1,1,1,1,1,1,1,1,1,1,1,1,1,1,1,1,1,1,1,1,1,1,1,1,1,1,1,1,1,1,1,1,1,1,1,1,1,1,1,1,1,1,1,1,1,1,0,1,1,1,1,1,1,1,1,1,1,1,1,1,1,1,1,1,1,1,1,1,NA,NA,NA,NA,NA
12519,Under Construction,Mar '23,27,N,Tycoons Group,ABAAut,3,4569000,45.7 Lac,Vitrified,No/Rare Powercut,Monthly,2,50000,"opposite birla school, RTO road, Kalyan & Shahad station at 2km distan",674,Tycoons Goldmine Avenue 1,6778,421,Kalyan West,NA,Sq-ft,Y,Freehold,Unfurnished,2,1 Open,North - East,"Garden/Park, Main Road",New Property,27 of 35 Floor,Apartment,Thane,1,Agent,35,Water Availability 24 Hours Available,F,674,Sq-ft,Y,Bachelors/Family,"Kalyan West, Thane",1 BHK Flat,Sq-ft,0,NA,1,Y,1,1,1,1,1,1,1,1,1,1,1,1,1,1,1,1,1,1,1,1,1,1,1,1,1,1,1,1,1,1,1,1,1,1,1,1,1,1,1,1,1,1,1,1,1,1,1,1,1,1,1,1,1,1,1,1,1,1,1,1,1,1,1,1,1,1,1,1,1,1,1,1,1,1,1,1,1,1,1,1,1,1,1,1,1,1,1,1,1,1,NA,NA,NA,NA,NA
12518,Ready to Move,NA,16,N,Raunak Group,KDMC,2,3750000,37.5 Lac,Vitrified,No/Rare Powercut,Monthly,1500,99999,situated at Raunak City Rd kalyan west,630,Raunak City Sector 4,5952,405,Kalyan West,NA,Sq-ft,Y,Freehold,Semi-Furnished,1,1 Open,East,"Garden/Park, Pool, Main Road",New Property,16 of 24 Floor,Apartment,Thane,1,Agent,24,Water Availability 24 Hours Available,F,630,Sq-ft,Y,Bachelors/Family,"Kalyan West, Thane",1 BHK Flat,Sq-ft,0,New Construction,3,Y,1,1,1,1,1,1,1,1,1,1,1,1,1,1,1,1,1,1,1,1,1,1,1,1,1,1,1,1,1,1,1,1,1,1,1,1,1,1,1,1,1,1,1,1,1,1,1,1,1,1,1,1,1,1,1,1,1,1,1,1,1,1,1,1,1,1,1,1,1,1,1,1,1,1,1,1,1,1,1,1,1,1,1,1,1,1,1,1,1,1,NA,NA,NA,NA,NA
12517,Ready to Move,NA,5,N,NA,KDMC,0,5800000,58 Lac,Vitrified,No/Rare Powercut,Monthly,1800,100000,Near Agarwal College,970,NA,5979,670,Kalyan West,NA,Sq-ft,N,Freehold,Semi-Furnished,2,1 Open,East,Main Road,Resale,5 of 9 Floor,Apartment,Thane,2,Agent,9,Water Availability 24 Hours Available,F,970,Sq-ft,Y,Bachelors/Family,"Kalyan West, Thane",2 BHK Flat,Sq-ft,0,5 to 10 years,2,Y,1,1,1,1,1,1,1,1,1,1,1,1,1,1,1,1,1,1,1,1,1,1,1,1,1,1,1,1,1,1,1,1,1,1,1,1,1,1,1,1,1,1,1,1,1,1,1,1,1,1,1,1,1,1,1,1,1,1,1,1,1,1,1,1,1,1,1,1,1,1,1,1,1,1,1,1,1,1,1,1,1,1,1,1,1,1,1,1,1,1,NA,NA,NA,NA,NA
12516,Ready to Move,NA,2,N,NA,KDMC,0,4600000,46 Lac,Vitrified,No/Rare Powercut,Monthly,1500,100000,near khadak pada Circle,600,NA,7666,425,Kalyan West,NA,Sq-ft,Y,Freehold,Semi-Furnished,1,1 Open,East,Main Road,New Property,2 of 7 Floor,Apartment,Thane,1,Agent,7,Water Availability 24 Hours Available,F,600,Sq-ft,Y,Bachelors/Family,"Kalyan West, Thane",1 BHK Flat,Sq-ft,0,Less than 5 years,2,Y,1,1,1,1,1,1,1,1,1,1,1,1,1,1,1,1,1,1,1,1,1,1,1,1,1,1,1,1,1,1,1,1,1,1,1,1,1,1,1,1,1,1,1,1,1,1,1,1,1,1,1,1,1,1,1,1,1,1,1,1,1,1,1,1,1,1,1,1,1,1,1,1,1,1,1,1,1,1,1,1,1,1,1,1,1,1,1,1,1,1,NA,NA,NA,NA,NA
12515,Under Construction,Dec '25,15,N,Godrej Properties,ABAAut,20,5249000,52.5 Lac,Vitrified,No/Rare Powercut,Monthly,3,50000,"Within 12 mins from Kalyan station, Close to upcoming metro line 5",803,Godrej Riviera,6536,502,Kalyan West,NA,Sq-ft,Y,Freehold,Unfurnished,2,1 Covered,North - East,"Garden/Park, Main Road",New Property,15 of 22 Floor,Apartment,Thane,2,Agent,22,Water Availability 24 Hours Available,F,803,Sq-ft,Y,Bachelors/Family,"Kalyan West, Thane",2 BHK Flat,Sq-ft,0,NA,1,Y,1,1,1,1,1,1,1,1,1,1,1,1,1,1,1,1,1,1,1,1,1,1,1,1,1,1,1,1,1,1,1,1,1,1,1,1,1,1,1,1,1,1,1,1,1,1,1,1,1,1,1,1,1,1,1,1,1,1,1,1,1,1,1,1,1,1,1,1,1,1,1,1,1,1,1,1,1,1,1,1,1,1,1,1,1,1,1,1,1,1,NA,NA,NA,NA,NA
12514,Under Construction,Dec '24,12,N,Godrej Properties,ABAMNC,100,4440000,44.4 Lac,Vitrified,No/Rare Powercut,Per sq. Unit Monthly,7,100000,"Kalyan West, Mumbai Beyond Thane.",550,Godrej Nirvaan,9631,367,Kalyan West,NA,Sq-ft,Y,Freehold,Unfurnished,2,1 Open,North,"Pool, Garden/Park",New Property,12 of 31 Floor,Apartment,Thane,1,Agent,31,Water Availability 24 Hours Available,F,550,Sq-ft,Y,Bachelors/Family,"Kalyan West, Thane",1 BHK Flat,Sq-ft,0,NA,1,Y,1,1,1,1,1,1,1,1,1,1,1,1,1,1,1,1,1,1,1,1,1,1,1,1,1,1,1,1,1,1,1,1,1,1,1,1,1,1,1,1,1,1,1,1,1,1,1,1,1,1,1,1,1,1,1,1,1,1,1,1,1,1,1,1,1,1,1,1,1,1,1,1,1,1,1,1,1,1,1,1,1,1,1,1,1,1,1,1,1,1,NA,Y,NA,NA,NA
12513,Under Construction,Dec '24,10,N,NA,NA,25,3190000,31.9 Lac,Vitrified,NA,Monthly,1200,27000,near don bosco school,550,NA,5800,370,Kalyan West,NA,Sq-ft,Y,Freehold,Furnished,2,NA,East,"Garden/Park, Main Road, Pool",New Property,10 of 30 Floor,Apartment,Thane,1,Agent,30,NA,F,550,Sq-ft,Y,Bachelors/Family,"Kalyan West, Thane",1 BHK Flat,Sq-ft,0,NA,3,NA,1,1,1,1,1,1,1,1,1,1,1,1,1,1,1,1,1,1,1,1,1,1,1,1,1,1,1,1,1,1,1,1,1,1,1,1,1,1,1,1,1,1,1,1,1,1,1,1,1,1,1,1,1,1,1,1,1,1,1,1,1,1,1,1,1,1,1,1,1,1,1,1,1,1,1,1,1,1,1,1,1,1,1,1,1,1,1,1,1,1,NA,NA,NA,NA,NA
12512,Under Construction,Dec '24,8,N,NA,KDMC,50,3650000,36.5 Lac,"Ceramic Tiles,Granite,Vitrified",No/Rare Powercut,Monthly,1800,51000,"Shivaji Park at 700m, Mahavir Shopping Complex at 2.1km, Fortis Hospital at 1.7km, Kalyan Railway Station at 2.4km, Thakurli Railway Station at 2.6km and Kalyan Airstrip, Neval at 9.5km.",727,NA,5020,423,Kalyan West,NA,Sq-ft,Y,Freehold,Unfurnished,2,1 Covered,East,Main Road,New Property,8 of 17 Floor,Apartment,Thane,1,Agent,17,Water Availability 24 Hours Available,F,727,Sq-ft,Y,Bachelors/Family,"Kalyan West, Thane",1 BHK Flat,Sq-ft,0,NA,3,Y,1,1,1,1,1,1,1,1,1,1,1,1,1,1,1,1,1,1,1,1,1,1,1,1,1,1,1,1,1,1,1,1,1,1,1,1,1,1,1,1,1,1,1,1,1,1,1,1,1,1,1,1,1,1,1,1,1,1,1,1,1,1,1,1,1,1,1,1,1,1,1,1,1,1,1,1,1,1,1,1,1,1,1,1,1,1,1,1,1,1,NA,NA,NA,NA,NA
12511,Ready to Move,NA,7,N,Vasant Builders,KDMC,NA,4300000,43 Lac,NA,NA,Monthly,2317,100000,NA,650,Vasant Park,6615,NA,Kalyan West,NA,Sq-ft,N,Freehold,Unfurnished,1,NA,NA,Main Road,Resale,7 of 7 Floor,Apartment,Thane,1,Owner,7,NA,F,650,NA,Y,Bachelors/Family,"Kalyan West, Thane",1 BHK Flat,Sq-ft,0,NA,1,NA,1,1,1,1,1,1,1,1,1,1,1,1,1,1,1,1,1,1,1,1,1,1,1,1,1,1,1,1,1,1,1,1,1,1,1,1,1,1,1,1,1,1,1,1,1,1,1,1,1,1,1,1,1,1,1,1,1,1,1,1,1,1,1,1,1,1,1,0,1,1,1,1,1,1,1,1,1,1,1,1,1,1,1,1,1,1,1,1,1,1,NA,NA,NA,NA,NA
12510,Under Construction,Dec '24,10,N,NA,KDMC,25,3990000,39.9 Lac,Vitrified,No/Rare Powercut,Monthly,1500,27000,near don bosco school,850,NA,4694,570,Kalyan West,NA,Sq-ft,Y,Freehold,Semi-Furnished,2,1 Covered,East,"Garden/Park, Main Road",New Property,10 of 30 Floor,Apartment,Thane,2,Agent,30,Water Availability 24 Hours Available,F,850,Sq-ft,Y,Bachelors/Family,"Kalyan West, Thane",2 BHK Flat,Sq-ft,0,NA,3,Y,1,1,1,1,1,1,1,1,1,1,1,1,1,1,1,1,1,1,1,1,1,1,1,1,1,1,1,1,1,1,1,1,1,1,1,1,1,1,1,1,1,1,1,1,1,1,1,1,1,1,1,1,1,1,1,1,1,1,1,1,1,1,1,1,1,1,1,1,1,1,1,1,1,1,1,1,1,1,1,1,1,1,1,1,1,1,1,1,1,1,NA,NA,NA,NA,NA
12509,Ready to Move,NA,2,N,Zojwala Group,NA,NA,4000000,40 Lac,Vitrified,NA,Monthly,1700,200000,"Roads are technically connected to the railway station at a distance of 10 minutes for your easy travelling. Other facilities like Market, Hospitals and schools are available at a walking distance of 5 minutes.",675,Regency Paradise,5926,NA,Kalyan West,NA,Sq-ft,Y,Freehold,Unfurnished,2,NA,East,NA,New Property,2 of 7 Floor,Apartment,Thane,1,Agent,7,NA,F,675,NA,Y,Bachelors/Family,"Kalyan West, Thane",1 BHK Flat,Sq-ft,0,New Construction,1,NA,0,1,1,0,0,0,0,1,1,1,1,0,0,0,1,0,0,0,0,0,0,0,0,0,0,0,0,0,0,0,0,0,0,0,0,0,0,0,0,0,0,0,0,0,0,0,0,0,0,0,0,0,0,0,0,0,0,0,0,0,0,0,0,0,0,0,0,0,0,0,0,0,0,0,0,0,0,0,0,0,0,0,0,0,0,0,0,0,0,0,NA,Y,NA,NA,NA
12508,Ready to Move,NA,2,N,NA,ABAMNC,1,2187000,21.9 Lac,Vitrified,No/Rare Powercut,Monthly,NA,51000,Yash Hotel,595,NA,3675,450,Kalyan West,NA,Sq-ft,Y,Freehold,Unfurnished,1,1 Covered,North - East,Garden/Park,New Property,2 of 3 Floor,Apartment,Thane,1,Agent,3,Water Availability 24 Hours Available,F,595,Sq-ft,Y,Bachelors/Family,"Kalyan West, Thane",1 BHK Flat,Sq-ft,0,New Construction,NA,NA,1,1,0,0,0,0,1,1,1,0,0,1,0,0,1,0,0,0,0,0,0,0,0,0,0,0,0,0,0,0,0,0,0,0,0,0,0,0,0,0,0,0,0,0,0,0,0,0,0,0,0,0,0,0,0,0,0,0,0,0,0,0,0,0,0,0,0,0,0,0,0,0,0,0,0,0,0,0,0,0,0,0,0,0,0,0,0,0,0,0,NA,NA,NA,NA,NA
12507,Ready to Move,NA,6,N,Gurukrupa Group,NA,0,7000000,70 Lac,Vitrified,No/Rare Powercut,Per sq. Unit Monthly,2,100000,"Yogidham, Kalyan West.",890,Guru Atman,7865,585,Kalyan West,NA,Sq-ft,N,Freehold,Furnished,2,1 Covered,North - East,Main Road,Resale,6 of 12 Floor,Apartment,Thane,2,Agent,12,Water Availability 24 Hours Available,F,890,Sq-ft,Y,Bachelors/Family,"Kalyan West, Thane",2 BHK Flat,Sq-ft,0,Less than 5 years,3,NA,1,1,1,1,1,1,1,1,1,1,1,1,1,1,1,1,1,1,1,1,1,1,1,1,1,1,1,1,1,1,1,1,1,1,1,1,1,1,1,1,1,1,1,1,1,1,1,1,1,1,1,1,1,1,1,1,1,1,1,1,1,1,1,1,1,1,1,0,1,1,1,1,1,1,1,1,1,1,1,1,1,1,1,1,1,1,1,1,1,1,NA,Y,NA,NA,NA
12506,Ready to Move,NA,Ground,N,NA,ABAAut,1,6000000,60 Lac,"Vitrified,Marble",No/Rare Powercut,Monthly,700,1000000,Behind Aman Building,NA,NA,9523,530,Kalyan West,NA,NA,N,Co-operative Society,Unfurnished,1,1 Open,North - East,NA,Resale,Ground of 5 Floor,Apartment,Thane,1,Owner,5,Water Availability 24 Hours Available,F,NA,Sq-ft,Y,Bachelors/Family,"Kalyan West, Thane",1 BHK Flat,NA,0,Above 20 years,NA,NA,1,1,1,1,1,1,1,1,1,1,1,1,1,1,1,1,1,1,1,1,1,1,1,1,1,1,1,1,1,1,1,1,1,1,1,1,1,1,1,1,1,1,1,1,1,1,1,1,1,1,1,1,1,1,1,1,1,1,1,1,1,1,1,1,1,1,1,1,1,1,1,1,1,1,1,1,1,1,1,1,1,1,1,1,1,1,1,1,1,1,NA,NA,NA,NA,NA
12505,Under Construction,Jun '24,26,Y,Godrej Properties,KDMC,0,8500000,85 Lac,"Ceramic Tiles,Granite,Marble,Marbonite,Mosaic,Normal Tiles/Kotah Stone,Vitrified,Wooden",No/Rare Powercut,Monthly,2000,100000,main rod,1050,Godrej Nirvaan,8095,675,Bhoiwada,East Facing Property,Sq-ft,Y,Freehold,Unfurnished,2,1 Covered,East,"Garden/Park, Pool, Main Road",New Property,26 of 31 Floor,Apartment,Thane,2,Agent,31,Water Availability 24 Hours Available,F,1050,Sq-ft,Y,Bachelors/Family,"Bhoiwada, Thane",2 BHK Flat,Sq-ft,0,NA,NA,Y,1,1,1,1,1,1,1,1,1,1,1,1,1,1,1,1,1,1,1,1,1,1,1,1,1,1,1,1,1,1,1,1,1,1,1,1,1,1,1,1,1,1,1,1,1,1,1,1,1,1,1,1,1,1,1,1,1,1,1,1,1,1,1,1,1,1,1,1,1,1,1,1,1,1,1,1,1,1,1,1,1,1,1,1,1,1,1,1,1,1,NA,NA,NA,NA,NA
12504,Under Construction,Dec '23,5,N,Saisatyam Group,KDMC,60,4900000,49 Lac,Vitrified,No/Rare Powercut,Monthly,1200,51000,D b chouk  kalyan west.,627,Saisatyam Residency,7814,483,Kalyan West,East Facing Property,Sq-ft,Y,Freehold,Unfurnished,2,1 Open,East,"Garden/Park, Pool, Main Road",New Property,5 of 10 Floor,Apartment,Thane,1,Agent,10,Water Availability 24 Hours Available,F,627,Sq-ft,Y,Bachelors/Family,"Kalyan West, Thane",1 BHK Flat,Sq-ft,0,NA,2,Y,1,1,1,1,1,1,1,1,1,1,1,1,1,1,1,1,1,1,1,1,1,1,1,1,1,1,1,1,1,1,1,1,1,1,1,1,1,1,1,1,1,1,1,1,1,1,1,1,1,1,1,1,1,1,1,1,1,1,1,1,1,1,1,1,1,1,1,1,1,1,1,1,1,1,1,1,1,1,1,1,1,1,1,1,1,1,1,1,1,1,NA,NA,NA,NA,NA
12503,Ready to Move,NA,4,N,NA,ABAMNC,NA,3800000,38 Lac,Vitrified,No/Rare Powercut,Monthly,800,100000,St Lawrence International School,540,NA,7037,470,Kalyan West,NA,Sq-ft,N,Freehold,Semi-Furnished,1,NA,NA,"Garden/Park, Main Road",Resale,4 of 5 Floor,Apartment,Thane,1,Owner,5,Water Availability 24 Hours Available,F,540,Sq-ft,Y,Bachelors/Family,"Kalyan West, Thane",1 BHK Flat,Sq-ft,0,5 to 10 years,NA,NA,0,0,0,0,0,0,1,0,1,1,0,0,0,0,1,0,0,0,0,0,0,0,0,0,0,0,0,0,0,0,0,0,0,0,0,0,0,0,0,0,0,0,0,0,0,0,0,0,0,0,0,0,0,0,0,0,0,0,0,0,0,0,0,0,0,0,0,0,0,0,0,0,0,0,0,0,0,0,0,0,0,0,0,0,0,0,0,0,0,0,NA,Y,NA,NA,NA
12502,Ready to Move,NA,17,N,NA,KDMC,NA,5600000,56 Lac,Vitrified,No/Rare Powercut,Monthly,2000,50000,don bosco school aadhar wadi,NA,Triveni Dynamic Ultima,NA,450,Kalyan West,NA,NA,N,Power Of Attorney,Semi-Furnished,2,1 Open,North - East,"Garden/Park, Pool, Main Road",Resale,17 of 22 Floor,Apartment,Thane,1,Agent,22,Water Availability 24 Hours Available,F,NA,Sq-ft,Y,Bachelors/Family,"Kalyan West, Thane",1 BHK Flat,NA,0,Less than 5 years,2,NA,1,1,1,1,1,1,1,1,1,1,1,1,1,1,1,1,1,1,1,1,1,1,1,1,1,1,1,1,1,1,1,1,1,1,1,1,1,1,1,1,1,1,1,1,1,1,1,1,1,1,1,1,1,1,1,1,1,1,1,1,1,1,1,1,1,1,1,1,1,1,0,1,1,1,1,1,1,1,1,1,1,1,1,1,1,1,1,1,1,1,NA,NA,NA,NA,NA
12501,Under Construction,Mar '26,10,N,NA,KDMC,650,3800000,38 Lac,Vitrified,NA,Monthly,1500,51000,"Metro Station , Besides Tata Amantra and Godrej NIrvaan. On Highway.",520,NA,7308,393,Kalyan West,East Facing Property,Sq-ft,N,Freehold,Unfurnished,2,NA,East,"Garden/Park, Main Road",New Property,10 of 14 Floor,Apartment,Thane,1,Agent,14,NA,F,520,Sq-ft,Y,Bachelors/Family,"Kalyan West, Thane",1 BHK Flat,Sq-ft,0,NA,1,NA,1,1,1,1,1,1,1,1,1,1,1,1,1,1,1,1,1,1,1,1,1,1,1,1,1,1,1,1,1,1,1,1,1,1,1,1,1,1,1,1,1,1,1,1,1,1,1,1,1,1,1,1,1,1,1,1,1,1,1,1,1,1,1,1,1,1,1,0,1,1,1,1,1,1,1,1,1,1,1,1,1,1,1,1,1,1,1,1,1,1,NA,NA,NA,NA,NA
12500,Under Construction,Dec '24,17,N,Birla Estates,KDMC,4,4500000,45 Lac,"Granite,Vitrified",No/Rare Powercut,Monthly,2200,50000,The Property is located in kalyan,526,Birla Vanya,8555,428,Kalyan West,East Facing Property,Sq-ft,Y,Freehold,Unfurnished,2,1 Covered,East,"Garden/Park, Pool, Main Road",New Property,17 of 38 Floor,Apartment,Thane,1,Agent,38,Water Availability 24 Hours Available,F,526,Sq-ft,Y,Bachelors/Family,"Kalyan West, Thane",1 BHK Flat,Sq-ft,0,NA,2,Y,1,1,1,1,1,1,1,1,1,1,1,1,1,1,1,1,1,1,1,1,1,1,1,1,1,1,1,1,1,1,1,1,1,1,1,1,1,1,1,1,1,1,1,1,1,1,1,1,1,1,1,1,1,1,1,1,1,1,1,1,1,1,1,1,1,1,1,1,1,1,1,1,1,1,1,1,1,1,1,1,1,1,1,1,1,1,1,1,1,1,NA,NA,NA,NA,NA
12499,Under Construction,Jun '24,1,N,Godrej Properties,ABAAut,5,4650000,46.5 Lac,Vitrified,No/Rare Powercut,Monthly,3,50000,"Kalyan station 15min, upcoming metro station in 1 min, Samrudhi maha m",672,Godrej Nirvaan,6919,419,Kalyan West,NA,Sq-ft,Y,Freehold,Unfurnished,2,1 Covered,North - East,"Garden/Park, Pool, Main Road",New Property,1 of 1 Floor,Apartment,Thane,1,Agent,1,Water Availability 24 Hours Available,F,672,Sq-ft,Y,Bachelors/Family,"Kalyan West, Thane",1 BHK Flat,Sq-ft,0,NA,1,Y,1,1,1,1,1,1,1,1,1,1,1,1,1,1,1,1,1,1,1,1,1,1,1,1,1,1,1,1,1,1,1,1,1,1,1,1,1,1,1,1,1,1,1,1,1,1,1,1,1,1,1,1,1,1,1,1,1,1,1,1,1,1,1,1,1,1,1,1,1,1,1,1,1,1,1,1,1,1,1,1,1,1,1,1,1,1,1,1,1,1,NA,NA,NA,NA,NA
12498,Under Construction,Dec '24,21,N,Godrej Properties,ABAAut,5,3990000,39.9 Lac,Vitrified,No/Rare Powercut,Monthly,3,50000,"kalyan station 15 min, upcoming metro station 1min. -Walking distance",587,Godrej Upavan,6797,367,Kalyan West,NA,Sq-ft,Y,Freehold,Unfurnished,1,1 Covered,North - East,"Garden/Park, Pool, Main Road",New Property,21 of 31 Floor,Apartment,Thane,1,Agent,31,Water Availability 24 Hours Available,F,587,Sq-ft,Y,Bachelors/Family,"Kalyan West, Thane",1 BHK Flat,Sq-ft,0,NA,NA,Y,1,1,1,1,1,1,1,1,1,1,1,1,1,1,1,1,1,1,1,1,1,1,1,1,1,1,1,1,1,1,1,1,1,1,1,1,1,1,1,1,1,1,1,1,1,1,1,1,1,1,1,1,1,1,1,1,1,1,1,1,1,1,1,1,1,1,1,1,1,1,1,1,1,1,1,1,1,1,1,1,1,1,1,1,1,1,1,1,1,1,NA,NA,NA,NA,NA
12497,Under Construction,Jan '26,8,N,NA,ABADev,6,6540000,65.4 Lac,Vitrified,No/Rare Powercut,Monthly,1200,51000,Godrej Hills Behind DMart kalyan west,NA,NA,9954,658,Kalyan West,NA,NA,Y,Freehold,Unfurnished,2,1 Open,North,Garden/Park,New Property,8 of 26 Floor,Apartment,Thane,2,Agent,26,Water Availability 24 Hours Available,F,NA,Sq-ft,Y,Bachelors/Family,"Kalyan West, Thane",2 BHK Flat,NA,0,NA,2,NA,1,1,1,1,1,1,1,1,1,1,1,1,1,1,1,1,1,1,1,1,1,1,1,1,1,1,1,1,1,1,1,1,1,1,1,1,1,1,1,1,1,1,1,1,1,1,1,1,1,1,1,1,1,1,1,1,1,1,1,1,1,1,1,1,1,1,1,1,1,1,1,1,1,1,1,1,1,1,1,1,1,1,1,1,1,1,1,1,1,1,NA,NA,NA,NA,NA
12496,Under Construction,Dec '25,15,N,NA,KDMC,NA,8500000,85 Lac,Vitrified,No/Rare Powercut,Monthly,2500,100000,kalyan west khadhakpada vasnt park near by d mart,970,NA,12212,696,Kalyan West,East Facing Property,Sq-ft,Y,Power Of Attorney,Unfurnished,2,1 Open,East,"Garden/Park, Main Road",New Property,15 of 36 Floor,Apartment,Thane,2,Agent,36,Water Availability 24 Hours Available,F,970,Sq-ft,Y,Bachelors/Family,"Kalyan West, Thane",2 BHK Flat,Sq-ft,0,NA,2,NA,1,1,1,1,1,1,1,1,1,1,1,1,1,1,1,1,1,1,1,1,1,1,1,1,1,1,1,1,1,1,1,1,1,1,1,1,1,1,1,1,1,1,1,1,1,1,1,1,1,1,1,1,1,1,1,1,1,1,1,1,1,1,1,1,1,1,1,1,1,1,1,1,1,1,1,1,1,1,1,1,1,1,1,1,1,1,1,1,1,1,NA,NA,NA,NA,NA
12495,Under Construction,Mar '23,7,N,Gurukrupa Group,KDMC,2,6500000,65 Lac,Vitrified,No/Rare Powercut,Monthly,2500,51000,Dmart 500mbank    500mschool 500m.,920,Guru Atman,7065,620,Kalyan West,NA,Sq-ft,N,Freehold,Unfurnished,2,1 Open,North - East,"Garden/Park, Pool",Resale,7 of 23 Floor,Apartment,Thane,2,Agent,23,Water Availability 24 Hours Available,F,920,Sq-ft,Y,Bachelors/Family,"Kalyan West, Thane",2 BHK Flat,Sq-ft,0,NA,2,NA,1,1,1,1,1,1,1,1,1,1,1,1,1,1,1,1,1,1,1,1,1,1,1,1,1,1,1,1,1,1,1,1,1,1,1,1,1,1,1,1,1,1,1,1,1,1,1,1,1,1,1,1,1,1,1,1,1,1,1,1,1,1,1,1,1,1,1,1,1,1,0,1,1,1,1,1,1,1,1,1,1,1,1,1,1,1,1,1,1,1,NA,NA,NA,NA,NA
12494,Under Construction,Mar '23,11,N,Ajmera Realty & Infra India Ltd.,KDMC,NA,4500000,45 Lac,Vitrified,No/Rare Powercut,Monthly,0,100000,bus stop yogidham,625,Ajmera Bliss,7200,446,Kalyan West,East Facing Property,Sq-ft,Y,Freehold,Unfurnished,2,1 Open,East,"Pool, Garden/Park, Main Road",New Property,11 of 21 Floor,Apartment,Thane,1,Agent,21,Water Availability 24 Hours Available,F,625,Sq-ft,Y,Bachelors/Family,"Kalyan West, Thane",1 BHK Flat,Sq-ft,0,NA,1,NA,1,1,1,1,1,1,1,1,1,1,1,1,1,1,1,1,1,1,1,1,1,1,1,1,1,1,1,1,1,1,1,1,1,1,1,1,1,1,1,1,1,1,1,1,1,1,1,1,1,1,1,1,1,1,1,1,1,1,1,1,1,1,1,1,1,1,1,1,1,1,1,1,1,1,1,1,1,1,1,1,1,1,1,1,1,1,1,1,1,1,NA,NA,NA,NA,NA
12493,Under Construction,Dec '24,14,N,Ajmera Realty & Infra India Ltd.,KDMC,10,5499000,55 Lac,"Ceramic Tiles,Granite,Marble,Vitrified",No/Rare Powercut,Monthly,0,45000,"KalyanMurbad Rd, opp. KDMC Bus Depo, Yogidham, Kalyan West, Kalyan,",509,One Kalyan,10803,509,Kalyan West,NA,Sq-ft,Y,Freehold,Unfurnished,2,1 Covered,North - East,"Garden/Park, Pool, Main Road",New Property,14 of 27 Floor,Apartment,Thane,1,Agent,27,Water Availability 24 Hours Available,F,509,Sq-ft,Y,Bachelors/Family,"Kalyan West, Thane",1 BHK Flat,Sq-ft,0,NA,2,Y,1,1,1,1,1,1,1,1,1,1,1,1,1,1,1,1,1,1,1,1,1,1,1,1,1,1,1,1,1,1,1,1,1,1,1,1,1,1,1,1,1,1,1,1,1,1,1,1,1,1,1,1,1,1,1,1,1,1,1,1,1,1,1,1,1,1,1,1,1,1,1,1,1,1,1,1,1,1,1,1,1,1,1,1,1,1,1,1,1,1,NA,NA,NA,NA,NA
12492,Under Construction,Dec '24,11,N,NA,"ABAMNC,HMDA,GHMC,BIAAPA",2,4645000,46.5 Lac,Vitrified,No/Rare Powercut,Monthly,1350,51000,shahad railway station just 300 mtrs,800,NA,5806,528,Kalyan West,East Facing Property,Sq-ft,N,Freehold,Unfurnished,2,NA,East,Main Road,New Property,11 of 14 Floor,Apartment,Thane,2,Agent,14,Water Availability 24 Hours Available,F,800,Sq-ft,Y,Bachelors/Family,"Kalyan West, Thane",2 BHK Flat,Sq-ft,0,NA,1,NA,1,1,1,1,1,1,1,1,1,1,1,1,1,1,1,1,1,1,1,1,1,1,1,1,1,1,1,1,1,1,1,1,1,1,1,1,1,1,1,1,1,1,1,1,1,1,1,1,1,1,1,1,1,1,1,1,1,1,1,1,1,1,1,1,1,1,1,1,1,1,0,1,1,1,1,1,1,1,1,1,1,1,1,1,1,1,1,1,1,1,NA,NA,NA,NA,NA
12491,Under Construction,Dec '25,8,N,NA,ABAMNC,12,3519000,35.2 Lac,Vitrified,No/Rare Powercut,Monthly,1350,54000,Shahad Railway sation::::Gajanand Market::::Sacred Heart School,610,NA,5768,420,Kalyan West,East Facing Property,Sq-ft,N,Freehold,Unfurnished,2,NA,East,"Garden/Park, Main Road",New Property,8 of 14 Floor,Apartment,Thane,1,Agent,14,Water Availability 24 Hours Available,F,610,Sq-ft,Y,Bachelors/Family,"Kalyan West, Thane",1 BHK Flat,Sq-ft,0,NA,1,Y,1,1,1,1,1,1,1,1,1,1,1,1,1,1,1,1,1,1,1,1,1,1,1,1,1,1,1,1,1,1,1,1,1,1,1,1,1,1,1,1,1,1,1,1,1,1,1,1,1,1,1,1,1,1,1,1,1,1,1,1,1,1,1,1,1,1,1,1,1,1,1,1,1,1,1,1,1,1,1,1,1,1,1,1,1,1,1,1,1,1,NA,NA,NA,NA,NA
12490,Under Construction,Mar '25,7,N,Mehta Group,KDMC,5,4300000,43 Lac,Vitrified,No/Rare Powercut,Monthly,2000,51000,Kalyan station 2kmdmart 200m atm   200m.,720,Cornerstone,5972,460,Kalyan West,NA,Sq-ft,Y,Freehold,Unfurnished,2,NA,North - East,Garden/Park,New Property,7 of 18 Floor,Apartment,Thane,1,Agent,18,Water Availability 12 Hours Available,F,720,Sq-ft,Y,Bachelors/Family,"Kalyan West, Thane",1 BHK Flat,Sq-ft,0,NA,1,Y,1,1,1,1,1,1,1,1,1,1,1,1,1,1,1,1,1,1,1,1,1,1,1,1,1,1,1,1,1,1,1,1,1,1,1,1,1,1,1,1,1,1,1,1,1,1,1,1,1,1,1,1,1,1,1,1,1,1,1,1,1,1,1,1,1,1,1,1,1,1,1,1,1,1,1,1,1,1,1,1,1,1,1,1,1,1,1,1,1,1,NA,NA,NA,NA,NA
12489,Under Construction,Oct '25,10,N,NA,KDMC,50,8400000,84 Lac,"Vitrified,Wooden,Ceramic Tiles,Marble,Granite,Marbonite",NA,Monthly,3000,100000,yogidam  gauripada  kalyan west,1100,NA,7636,792,Kalyan West,East Facing Property,Sq-ft,Y,Freehold,Unfurnished,2,NA,East,"Garden/Park, Pool, Main Road",New Property,10 of 30 Floor,Apartment,Thane,2,Agent,30,NA,F,1100,Sq-ft,Y,Bachelors/Family,"Kalyan West, Thane",2 BHK Flat,Sq-ft,0,NA,2,NA,1,1,1,1,1,1,1,1,1,1,1,1,1,1,1,1,1,1,1,1,1,1,1,1,1,1,1,1,1,1,1,1,1,1,1,1,1,1,1,1,1,1,1,1,1,1,1,1,1,1,1,1,1,1,1,1,1,1,1,1,1,1,1,1,1,1,1,0,1,1,1,1,1,1,1,1,1,1,1,1,1,1,1,1,1,1,1,1,1,1,NA,NA,NA,NA,NA
12488,Under Construction,Dec '24,18,N,Ajmera Realty & Infra India Ltd.,KDMC,10,6699000,67 Lac,"Ceramic Tiles,Granite,Marble,Vitrified",No/Rare Powercut,Monthly,0,45000,"KalyanMurbad Rd, opp. KDMC Bus Depo, Yogidham, Kalyan West, Kalyan,",604,One Kalyan,11091,604,Kalyan West,NA,Sq-ft,Y,Freehold,Unfurnished,2,1 Covered,North - East,"Garden/Park, Pool, Main Road",New Property,18 of 27 Floor,Apartment,Thane,2,Agent,27,Water Availability 24 Hours Available,F,604,Sq-ft,Y,Bachelors/Family,"Kalyan West, Thane",2 BHK Flat,Sq-ft,0,NA,2,Y,1,1,1,1,1,1,1,1,1,1,1,1,1,1,1,1,1,1,1,1,1,1,1,1,1,1,1,1,1,1,1,1,1,1,1,1,1,1,1,1,1,1,1,1,1,1,1,1,1,1,1,1,1,1,1,1,1,1,1,1,1,1,1,1,1,1,1,1,1,1,1,1,1,1,1,1,1,1,1,1,1,1,1,1,1,1,1,1,1,1,NA,NA,NA,NA,NA
12487,Ready to Move,NA,5,N,Balaji World,KDMC,0,8800000,88 Lac,"Vitrified,Wooden",No/Rare Powercut,Monthly,3100,100000,Near Mangeshi Banquet Hall,1140,Balaji Exotica,7719,763,Kalyan West,East Facing Property,Sq-ft,N,Freehold,Unfurnished,2,1 Open,East,"Garden/Park, Pool",Resale,5 of 14 Floor,Apartment,Thane,2,Agent,14,Water Availability 24 Hours Available,F,1140,Sq-ft,Y,Bachelors/Family,"Kalyan West, Thane",2 BHK Flat,Sq-ft,0,New Construction,4,Y,1,1,1,1,1,1,1,1,1,1,1,1,1,1,1,1,1,1,1,1,1,1,1,1,1,1,1,1,1,1,1,1,1,1,1,1,1,1,1,1,1,1,1,1,1,1,1,1,1,1,1,1,1,1,1,1,1,1,1,1,1,1,1,1,1,1,1,1,1,1,1,1,1,1,1,1,1,1,1,1,1,1,1,1,1,1,1,1,1,1,NA,NA,NA,NA,NA
12486,Under Construction,Dec '25,Upper Basement,N,Godrej Properties,TMC,57,6900000,69 Lac,"Marble,Vitrified",No/Rare Powercut,Monthly,0,100000,"E10, Bhumi World  Industrial Park, Off, Mumbai  Nashik Expy",865,Godrej Upavan,7976,541,Kalyan West,East Facing Property,Sq-ft,Y,Freehold,Unfurnished,2,"1 Covered, 1 Open",East,"Garden/Park, Pool, Main Road",New Property,Upper Basement of 33 Floor,Apartment,Thane,2,Agent,33,Water Availability 24 Hours Available,F,865,Sq-ft,Y,Bachelors/Family,"Kalyan West, Thane",2 BHK Flat,Sq-ft,0,NA,NA,Y,1,1,1,1,1,1,1,1,1,1,1,1,1,1,1,1,1,1,1,1,1,1,1,1,1,1,1,1,1,1,1,1,1,1,1,1,1,1,1,1,1,1,1,1,1,1,1,1,1,1,1,1,1,1,1,1,1,1,1,1,1,1,1,1,1,1,1,1,1,1,1,1,1,1,1,1,1,1,1,1,1,1,1,1,1,1,1,1,1,1,NA,NA,NA,NA,NA
12485,Under Construction,Dec '25,Upper Basement,N,Godrej Properties,TMC,63,4300000,43 Lac,"Marble,Vitrified",No/Rare Powercut,Monthly,0,50000,"E10, Bhumi World  Industrial Park, Off, Mumbai  Nashik Expy",683,Godrej Upavan,6295,427,Kalyan West,East Facing Property,Sq-ft,Y,Freehold,Unfurnished,2,"1 Covered, 1 Open",East,"Garden/Park, Pool, Main Road",New Property,Upper Basement of 33 Floor,Apartment,Thane,1,Agent,33,Water Availability 24 Hours Available,F,683,Sq-ft,Y,Bachelors/Family,"Kalyan West, Thane",1 BHK Flat,Sq-ft,0,NA,NA,Y,1,1,1,1,1,1,1,1,1,1,1,1,1,1,1,1,1,1,1,1,1,1,1,1,1,1,1,1,1,1,1,1,1,1,1,1,1,1,1,1,1,1,1,1,1,1,1,1,1,1,1,1,1,1,1,1,1,1,1,1,1,1,1,1,1,1,1,1,1,1,1,1,1,1,1,1,1,1,1,1,1,1,1,1,1,1,1,1,1,1,NA,NA,NA,NA,NA
12484,Under Construction,Dec '25,21,N,Tharwani Infrastructures,KDMC,11,9900000,99 Lac,Vitrified,No/Rare Powercut,Monthly,0,100000,opp.dmart,980,Tharwani Vedant Signature,10102,700,Kalyan West,NA,Sq-ft,Y,Freehold,Semi-Furnished,2,1 Open,North - East,"Pool, Garden/Park, Main Road",New Property,21 of 36 Floor,Apartment,Thane,2,Agent,36,Water Availability 24 Hours Available,F,980,Sq-ft,Y,Bachelors/Family,"Kalyan West, Thane",2 BHK Flat,Sq-ft,0,NA,2,Y,1,1,1,1,1,1,1,1,1,1,1,1,1,1,1,1,1,1,1,1,1,1,1,1,1,1,1,1,1,1,1,1,1,1,1,1,1,1,1,1,1,1,1,1,1,1,1,1,1,1,1,1,1,1,1,1,1,1,1,1,1,1,1,1,1,1,1,1,1,1,1,1,1,1,1,1,1,1,1,1,1,1,1,1,1,1,1,1,1,1,NA,NA,NA,NA,NA
12483,Ready to Move,Feb '23,9,N,Regency Nirman Limited,ABADev,NA,4410000,44.1 Lac,Vitrified,No/Rare Powercut,Monthly,1400,51000,"Regency Antilia, Ulhasnagar, Maharashtra",756,Regency Avana,5872,520,Kalyan West,East Facing Property,Sq-ft,Y,Freehold,Unfurnished,2,"1 Covered, 1 Open",East,Garden/Park,New Property,9 of 27 Floor,Apartment,Thane,1,Agent,27,Water Availability 24 Hours Available,F,756,Sq-ft,Y,Bachelors/Family,"Kalyan West, Thane",1 BHK Flat,Sq-ft,0,NA,2,NA,1,1,1,1,1,1,1,1,1,1,1,1,1,1,1,1,1,1,1,1,1,1,1,1,1,1,1,1,1,1,1,1,1,1,1,1,1,1,1,1,1,1,1,1,1,1,1,1,1,1,1,1,1,1,1,1,1,1,1,1,1,1,1,1,1,1,1,1,1,1,1,1,1,1,1,1,1,1,1,1,1,1,1,1,1,1,1,1,1,1,NA,Y,NA,NA,NA
12482,Under Construction,Dec '23,Ground,N,Godrej Properties,ABAMNC,35,7604000,76 Lac,"Granite,Marbonite",No/Rare Powercut,Monthly,6,100000,"UPCOMING METRO LINE 5: Metro line 5 will run from Thane to Kalyan through Bhiwandi.::::THANE-DOMBIVLI BRIDGE: The proposed 980-metre-long-bridge reduces travel time from Mankoli to Dombivili to 5 minutes.::::THE KALYAN BUSINESS DISTRICT: The project will come up with the South Korean government’s assistance and will be completed by 2028 with an investment of ?56,676 crore.::::8 LANE 126 KM LONG VIRAR ALIBAUG CORRIDOR",593,Godrej Nirvaan,12822,593,Kalyan West,NA,Sq-ft,N,Freehold,Unfurnished,2,NA,North - East,"Garden/Park, Pool, Main Road",New Property,Ground of 21 Floor,Apartment,Thane,2,Agent,21,Water Availability 24 Hours Available,F,593,Sq-ft,Y,Bachelors/Family,"Kalyan West, Thane",2 BHK Flat,Sq-ft,0,NA,NA,Y,1,1,1,1,1,1,1,1,1,1,1,1,1,1,1,1,1,1,1,1,1,1,1,1,1,1,1,1,1,1,1,1,1,1,1,1,1,1,1,1,1,1,1,1,1,1,1,1,1,1,1,1,1,1,1,1,1,1,1,1,1,1,1,1,1,1,1,1,1,1,1,1,1,1,1,1,1,1,1,1,1,1,1,1,1,1,1,1,1,1,NA,NA,NA,NA,NA
12481,Ready to Move,Jun '19,14,N,Raunak Group,ABAMNC,NA,5600000,56 Lac,Vitrified,No/Rare Powercut,Monthly,2500,21000,Don Bosco School,886,Raunak City Sector 4,6321,490,Kalyan West,NA,Sq-ft,Y,Freehold,Unfurnished,2,1 Open,North - West,"Garden/Park, Pool",New Property,14 of 22 Floor,Apartment,Thane,2,Agent,22,Water Availability 24 Hours Available,F,886,Sq-ft,Y,Bachelors/Family,"Kalyan West, Thane",2 BHK Flat,Sq-ft,0,Less than 5 years,3,NA,1,1,1,1,1,1,1,1,1,1,0,1,1,0,1,1,1,1,1,0,0,0,1,1,0,0,0,1,1,0,0,0,0,0,0,0,0,0,0,0,0,0,0,0,0,0,0,0,0,0,0,0,0,0,0,0,0,0,0,0,0,0,0,0,0,0,0,0,0,0,0,0,0,0,0,0,0,0,0,0,0,0,0,0,0,0,0,0,0,0,NA,Y,NA,NA,NA
12480,Ready to Move,NA,1,N,Raunak Group,ABAMNC,NA,3650000,36.5 Lac,Vitrified,No/Rare Powercut,Monthly,800,100000,Don Bosco English School,650,Raunak City 2,5615,400,Kalyan West,East Facing Property,Sq-ft,N,Freehold,Unfurnished,1,1 Open,East,"Garden/Park, Pool, Main Road",Resale,1 of 22 Floor,Apartment,Thane,1,Agent,22,Water Availability 24 Hours Available,F,650,Sq-ft,Y,Bachelors/Family,"Kalyan West, Thane",1 BHK Flat,Sq-ft,0,Less than 5 years,2,NA,1,1,1,1,1,1,1,1,1,1,1,1,1,1,1,1,1,1,1,1,1,1,1,1,1,1,1,1,1,1,1,1,1,1,1,1,1,1,1,1,1,1,1,1,1,1,1,1,1,1,1,1,1,1,1,1,1,1,1,1,1,1,1,1,1,1,1,1,1,1,0,1,1,1,1,1,1,1,1,1,1,1,1,1,1,1,1,1,1,1,NA,Y,NA,NA,NA
12479,Ready to Move,NA,11,N,NA,ABAMNC,NA,7300000,73 Lac,Vitrified,No/Rare Powercut,Monthly,2000,500000,Hariya College,1180,NA,6186,758,Kalyan West,East Facing Property,Sq-ft,Y,Freehold,Unfurnished,2,1 Covered,East,"Garden/Park, Main Road",New Property,11 of 17 Floor,Apartment,Thane,2,Agent,17,Water Availability 24 Hours Available,F,1180,Sq-ft,Y,Bachelors/Family,"Kalyan West, Thane",2 BHK Flat,Sq-ft,0,New Construction,3,NA,1,1,1,1,1,1,1,1,1,1,1,1,1,1,1,1,1,1,1,1,1,1,1,1,1,1,1,1,1,1,1,1,1,1,1,1,1,1,1,1,1,1,1,1,1,1,1,1,1,1,1,1,1,1,1,1,1,1,1,1,1,1,1,1,1,1,1,1,1,1,0,1,1,1,1,1,1,1,1,1,1,1,1,1,1,1,1,1,1,1,NA,Y,NA,NA,NA
12478,Under Construction,Dec '23,7,N,NA,KDMC,2,6500000,65 Lac,"Granite,Marble,Vitrified",No/Rare Powercut,Monthly,3000,51000,"DB Chowk,New Khadakpada,Kalyan West",925,NA,7027,590,Kalyan West,East Facing Property,Sq-ft,N,Freehold,Unfurnished,2,1 Covered,East,Garden/Park,New Property,7 of 22 Floor,Apartment,Thane,2,Agent,22,Water Availability 24 Hours Available,F,925,Sq-ft,Y,Bachelors/Family,"Kalyan West, Thane",2 BHK Flat,Sq-ft,0,NA,3,Y,1,1,1,1,1,1,1,1,1,1,1,1,1,1,1,1,1,1,1,1,1,1,1,1,1,1,1,1,1,1,1,1,1,1,1,1,1,1,1,1,1,1,1,1,1,1,1,1,1,1,1,1,1,1,1,1,1,1,1,1,1,1,1,1,1,1,1,1,1,1,1,1,1,1,1,1,1,1,1,1,1,1,1,1,1,1,1,1,1,1,NA,NA,NA,NA,NA
12477,Under Construction,Dec '25,8,Y,NA,KDMC,12,4500000,45 Lac,Vitrified,No/Rare Powercut,Per sq. Unit Monthly,3,100000,Kalyan West Bapgaon,917,NA,4907,542,Kalyan West,NA,Sq-ft,Y,Freehold,Unfurnished,2,1 Covered,East,"Pool, Main Road",New Property,8 of 14 Floor,Apartment,Thane,2,Agent,14,Water Availability 24 Hours Available,F,917,Sq-ft,Y,Bachelors/Family,"Kalyan West, Thane",2 BHK Flat,Sq-ft,0,NA,2,NA,1,1,1,1,1,1,1,1,1,1,1,1,1,1,1,1,1,1,1,1,1,1,1,1,1,1,1,1,1,1,1,1,1,1,1,1,1,1,1,1,1,1,1,1,1,1,1,1,1,1,1,1,1,1,1,1,1,1,1,1,1,1,1,1,1,1,1,1,1,1,1,1,1,1,1,1,1,1,1,1,1,1,1,1,1,1,1,1,1,1,NA,NA,NA,NA,NA
12476,Under Construction,Mar '26,8,N,NA,KDMC,12,4399500,44 Lac,Vitrified,No/Rare Powercut,Per sq. Unit Monthly,3,100000,Kalyan Station,476,NA,9242,476,Kalyan West,NA,Sq-ft,Y,Freehold,Unfurnished,2,1 Covered,East,"Garden/Park, Pool",New Property,8 of 23 Floor,Apartment,Thane,1,Agent,23,Water Availability 24 Hours Available,F,476,Sq-ft,Y,Bachelors/Family,"Kalyan West, Thane",1 BHK Flat,Sq-ft,0,NA,2,NA,1,1,1,1,1,1,1,1,1,1,1,1,1,1,1,1,1,1,1,1,1,1,1,1,1,1,1,1,1,1,1,1,1,1,1,1,1,1,1,1,1,1,1,1,1,1,1,1,1,1,1,1,1,1,1,1,1,1,1,1,1,1,1,1,1,1,1,1,1,1,1,1,1,1,1,1,1,1,1,1,1,1,1,1,1,1,1,1,1,1,NA,NA,NA,NA,NA
12475,Ready to Move,NA,4,N,NA,NA,NA,3400000,34 Lac,NA,NA,NA,NA,100000,NA,630,NA,5397,435,Kalyan East,NA,Sq-ft,Y,NA,Unfurnished,1,NA,NA,NA,New Property,4 of 7 Floor,Apartment,Thane,1,Agent,7,NA,F,630,Sq-ft,Y,Bachelors/Family,"Kalyan East, Thane",1 BHK Flat,Sq-ft,0,New Construction,1,NA,0,0,0,0,0,0,0,0,0,0,0,0,0,0,0,0,0,0,0,0,0,0,0,0,0,0,0,0,0,0,0,0,0,0,0,0,0,0,0,0,0,0,0,0,0,0,0,0,0,0,0,0,0,0,0,0,0,0,0,0,0,0,0,0,0,0,0,0,0,0,0,0,0,0,0,0,0,0,0,0,0,0,0,0,0,0,0,0,0,0,NA,NA,NA,NA,NA
12474,Under Construction,Dec '23,12,N,Gopal Krishna Developers,KDMC,10,4545000,45.5 Lac,Vitrified,No/Rare Powercut,Monthly,1500,50000,Quick overview of Krishna UltimaPresenting Krishna Ultima The home,NA,Krishna Ultima,NA,494,Kalyan East,NA,NA,Y,Freehold,Unfurnished,2,1 Open,East,"Garden/Park, Main Road",New Property,12 of 20 Floor,Apartment,Thane,1,Agent,20,Water Availability 24 Hours Available,F,NA,Sq-ft,Y,Bachelors/Family,"Kalyan East, Thane",1 BHK Flat,NA,0,NA,2,Y,1,1,1,1,1,1,1,1,1,1,1,1,1,1,1,1,1,1,1,1,1,1,1,1,1,1,1,1,1,1,1,1,1,1,1,1,1,1,1,1,1,1,1,1,1,1,1,1,1,1,1,1,1,1,1,1,1,1,1,1,1,1,1,1,1,1,1,1,1,1,1,1,1,1,1,1,1,1,1,1,1,1,1,1,1,1,1,1,1,1,NA,NA,NA,NA,NA
12473,Under Construction,Dec '26,10,N,NA,KDMC,10,4900000,49 Lac,Vitrified,No/Rare Powercut,Per sq. Unit Monthly,3,100000,"Near Chetna School, Kalyan East.",531,Upgread saket group,9227,531,Kalyan East,"Near Chetna School, Kalyan East.",Sq-ft,Y,Freehold,Semi-Furnished,1,1 Open,East,NA,New Property,10 of 22 Floor,Apartment,Thane,1,Agent,22,Water Availability 24 Hours Available,F,531,Sq-ft,Y,Bachelors/Family,"Kalyan East, Thane",1 BHK Flat,Sq-ft,0,NA,1,Y,1,1,1,1,1,1,1,1,1,1,1,1,1,1,1,1,1,1,1,1,1,1,1,1,1,1,1,1,1,1,1,1,1,1,1,1,1,1,1,1,1,1,1,1,1,1,1,1,1,1,1,1,1,1,1,1,1,1,1,1,1,1,1,1,1,1,1,1,1,1,1,1,1,1,1,1,1,1,1,1,1,1,1,1,1,1,1,1,1,1,NA,NA,NA,NA,NA
12472,Ready to Move,NA,3,N,Sai Siddhi Developers,ABAMNC,3,2616500,26.2 Lac,Vitrified,No/Rare Powercut,Monthly,1200,51000,Near Neelam English School,576,Sai Heights,4543,376,Kalyan East,Near Neelam English School,Sq-ft,Y,Freehold,Unfurnished,1,"1 Covered, 1 Open",North - East,Garden/Park,New Property,3 of 7 Floor,Apartment,Thane,1,Agent,7,Water Availability 24 Hours Available,F,576,Sq-ft,Y,Bachelors/Family,"Kalyan East, Thane",1 BHK Flat,Sq-ft,0,New Construction,2,NA,1,1,1,0,0,0,0,1,0,1,0,1,1,0,1,0,0,1,0,0,0,0,0,0,0,0,0,0,0,0,0,0,0,0,0,0,0,0,0,0,0,0,0,0,0,0,0,0,0,0,0,0,0,0,0,0,0,0,0,0,0,0,0,0,0,0,0,0,0,0,0,0,0,0,0,0,0,0,0,0,0,0,0,0,0,0,0,0,0,0,NA,NA,NA,NA,NA
12471,Under Construction,Dec '24,3,N,Samarth Sai Builders & Developers,KDMC,4,3535000,35.4 Lac,Vitrified,No/Rare Powercut,Monthly,2000,54000,Kalyan east.,635,Seasons Sahara,5566,405,Kalyan East,East Facing Property,Sq-ft,Y,Freehold,Unfurnished,2,1 Open,East,"Garden/Park, Pool, Main Road",New Property,3 of 20 Floor,Apartment,Thane,1,Agent,20,Water Availability 24 Hours Available,F,635,Sq-ft,Y,Bachelors/Family,"Kalyan East, Thane",1 BHK Flat,Sq-ft,0,NA,1,Y,1,1,1,1,1,1,1,1,1,1,1,1,1,1,1,1,1,1,1,1,1,1,1,1,1,1,1,1,1,1,1,1,1,1,1,1,1,1,1,1,1,1,1,1,1,1,1,1,1,1,1,1,1,1,1,1,1,1,1,1,1,1,1,1,1,1,1,0,1,1,1,1,1,1,1,1,1,1,1,1,1,1,1,1,1,1,1,1,1,1,NA,Y,NA,NA,NA
12470,Under Construction,May '25,8,N,Kohinoor Group,ABADev,NA,3299000,33 Lac,Vitrified,No/Rare Powercut,Monthly,1200,51000,Kalyan east malangard road opposite suman hospital.,580,Kohinoor Eden,5687,399,Kalyan East,NA,Sq-ft,Y,Freehold,Unfurnished,1,1 Open,North - East,Garden/Park,New Property,8 of 23 Floor,Apartment,Thane,1,Agent,23,Water Availability 24 Hours Available,F,580,Sq-ft,Y,Bachelors/Family,"Kalyan East, Thane",1 BHK Flat,Sq-ft,0,NA,1,NA,1,1,1,1,1,1,1,1,1,1,1,1,1,1,1,1,1,1,1,1,1,1,1,1,1,1,1,1,1,1,1,1,1,1,1,1,1,1,1,1,1,1,1,1,1,1,1,1,1,1,1,1,1,1,1,1,1,1,1,1,1,1,1,1,1,1,1,1,1,1,1,1,1,1,1,1,1,1,1,1,1,1,1,1,1,1,1,1,1,1,NA,Y,NA,NA,NA
12469,Under Construction,May '25,10,N,Kohinoor Group,ABADev,NA,5050000,50.5 Lac,Vitrified,No/Rare Powercut,Monthly,1400,51000,Kalyan east malangard road opposite suman hospital.,872,Kohinoor Eden,5791,602,Kalyan East,East Facing Property,Sq-ft,Y,NA,Unfurnished,2,1 Open,East,Garden/Park,New Property,10 of 23 Floor,Apartment,Thane,2,Agent,23,Water Availability 24 Hours Available,F,872,Sq-ft,Y,Bachelors/Family,"Kalyan East, Thane",2 BHK Flat,Sq-ft,0,NA,2,NA,1,1,1,1,1,1,1,1,1,1,1,1,1,1,1,1,1,1,1,1,1,1,1,1,1,1,1,1,1,1,1,1,1,1,1,1,1,1,1,1,1,1,1,1,1,1,1,1,1,1,1,1,1,1,1,1,1,1,1,1,1,1,1,1,1,1,1,1,1,1,1,1,1,1,1,1,1,1,1,1,1,1,1,1,1,1,1,1,1,1,NA,Y,NA,NA,NA
12468,Under Construction,Mar '24,10,N,NA,KDMC,3,4646000,46.5 Lac,Vitrified,No/Rare Powercut,Monthly,1900,99000,Kalyan east.,950,NA,4890,645,Kalyan East,East Facing Property,Sq-ft,Y,Freehold,Unfurnished,2,1 Open,East,"Garden/Park, Main Road",New Property,10 of 15 Floor,Apartment,Thane,2,Agent,15,Water Availability 24 Hours Available,F,950,Sq-ft,Y,Bachelors/Family,"Kalyan East, Thane",2 BHK Flat,Sq-ft,0,NA,2,Y,1,1,1,1,1,1,1,1,1,1,1,1,1,1,1,1,1,1,1,1,1,1,1,1,1,1,1,1,1,1,1,1,1,1,1,1,1,1,1,1,1,1,1,1,1,1,1,1,1,1,1,1,1,1,1,1,1,1,1,1,1,1,1,1,1,1,1,0,1,1,1,1,1,1,1,1,1,1,1,1,1,1,1,1,1,1,1,1,1,1,NA,Y,NA,NA,NA
12467,Under Construction,Dec '24,9,N,Kohinoor Group,KDMC,4,3171000,31.7 Lac,Vitrified,No/Rare Powercut,Monthly,1350,54000,Kalyan east.,645,Kohinoor Eden,4916,400,Kalyan East,NA,Sq-ft,Y,Freehold,Unfurnished,2,1 Open,North - East,"Garden/Park, Pool, Main Road",New Property,9 of 24 Floor,Apartment,Thane,1,Agent,24,Water Availability 24 Hours Available,F,645,Sq-ft,Y,Bachelors/Family,"Kalyan East, Thane",1 BHK Flat,Sq-ft,0,NA,1,Y,1,1,1,1,1,1,1,1,1,1,1,1,1,1,1,1,1,1,1,1,1,1,1,1,1,1,1,1,1,1,1,1,1,1,1,1,1,1,1,1,1,1,1,1,1,1,1,1,1,1,1,1,1,1,1,1,1,1,1,1,1,1,1,1,1,1,1,0,1,1,1,1,1,1,1,1,1,1,1,1,1,1,1,1,1,1,1,1,1,1,NA,Y,NA,NA,NA
12466,Ready to Move,NA,7,Y,NA,KDMC,NA,4500000,45 Lac,Vitrified,No/Rare Powercut,Monthly,0,100000,railway colony,630,NA,7142,450,Kalyan East,Newly Constructed Property,Sq-ft,Y,Freehold,Unfurnished,2,1 Open,North - East,"Garden/Park, Main Road",New Property,7 of 18 Floor,Apartment,Thane,1,Agent,18,Water Availability 24 Hours Available,F,630,Sq-ft,Y,Bachelors/Family,"Kalyan East, Thane",1 BHK Flat,Sq-ft,0,New Construction,1,NA,1,1,1,1,1,1,1,1,1,1,1,1,1,1,1,1,1,1,1,1,1,1,1,1,1,1,1,1,1,1,1,1,1,1,1,1,1,1,1,1,1,1,1,1,1,1,1,1,1,1,1,1,1,1,1,1,1,1,1,1,1,1,1,1,1,1,1,1,1,1,1,1,1,1,1,1,1,1,1,1,1,1,1,1,1,1,1,1,1,1,NA,NA,NA,NA,NA
12465,Under Construction,Jun '25,6,N,Kohinoor Group,KDMC,12,3400000,34 Lac,Vitrified,No/Rare Powercut,Per sq. Unit Monthly,3,100000,Chakki naka Malang Road,550,Kohinoor Eden,6181,399,Kalyan East,NA,Sq-ft,Y,Freehold,Unfurnished,2,1 Covered,East,"Garden/Park, Pool",New Property,6 of 23 Floor,Apartment,Thane,1,Agent,23,Water Availability 24 Hours Available,F,550,Sq-ft,Y,Bachelors/Family,"Kalyan East, Thane",1 BHK Flat,Sq-ft,0,NA,2,NA,1,1,1,1,1,1,1,1,1,1,1,1,1,1,1,1,1,1,1,1,1,1,1,1,1,1,1,1,1,1,1,1,1,1,1,1,1,1,1,1,1,1,1,1,1,1,1,1,1,1,1,1,1,1,1,1,1,1,1,1,1,1,1,1,1,1,1,1,1,1,1,1,1,1,1,1,1,1,1,1,1,1,1,1,1,1,1,1,1,1,NA,NA,NA,NA,NA
12464,Under Construction,Jun '24,12,N,NA,NA,NA,5800000,58 Lac,NA,NA,NA,NA,100000,NA,950,NA,6105,675,Kalyan East,NA,Sq-ft,Y,Freehold,Unfurnished,2,NA,East,Main Road,New Property,12 of 22 Floor,Apartment,Thane,2,Agent,22,NA,F,950,Sq-ft,Y,Bachelors/Family,"Kalyan East, Thane",2 BHK Flat,Sq-ft,0,NA,1,NA,1,1,1,1,1,1,1,1,1,0,1,1,1,1,0,1,1,1,1,1,1,1,1,1,1,1,1,1,1,0,0,0,0,0,0,0,0,0,0,0,0,0,0,0,0,0,0,0,0,0,0,0,0,0,0,0,0,0,0,0,0,0,0,0,0,0,0,0,0,0,0,0,0,0,0,0,0,0,0,0,0,0,0,0,0,0,0,0,0,0,NA,NA,NA,NA,NA
12463,Under Construction,Jun '24,12,N,West Pioneer Properties India Pvt. Ltd.,KDMC,10,12100000,1.21 Cr,Wooden,No/Rare Powercut,Monthly,2800,200000,Metro Grande a luxurious project by The West Pioneer located at hotbed,1405,Metro Grande,8612,843,Kalyan East,NA,Sq-ft,Y,Freehold,Unfurnished,3,1 Open,East,"Garden/Park, Main Road",New Property,12 of 32 Floor,Apartment,Thane,3,Agent,32,Water Availability 24 Hours Available,F,1405,Sq-ft,Y,Bachelors/Family,"Kalyan East, Thane",3 BHK Flat,Sq-ft,0,NA,4,Y,1,1,1,1,1,1,1,1,1,1,1,1,1,1,1,1,1,1,1,1,1,1,1,1,1,1,1,1,1,1,1,1,1,1,1,1,1,1,1,1,1,1,1,1,1,1,1,1,1,1,1,1,1,1,1,1,1,1,1,1,1,1,1,1,1,1,1,1,1,1,1,1,1,1,1,1,1,1,1,1,1,1,1,1,1,1,1,1,1,1,NA,NA,NA,NA,NA
12462,Ready to Move,NA,5,N,Vaishnavi Buildcon,KDMC,0,6000000,60 Lac,Vitrified,No/Rare Powercut,Per sq. Unit Monthly,3,100000,"Chakki Nakk Road, Near Regency Jhozwala Kalyan East.",1020,Vaishnavi Highlife,5882,700,Chakki Naka,Newly Constructed Property,Sq-ft,Y,Freehold,Unfurnished,2,1 Open,East,NA,New Property,5 of 24 Floor,Apartment,Thane,2,Agent,24,Water Availability 24 Hours Available,F,1020,Sq-ft,Y,Bachelors/Family,"Chakki Naka, Thane",2 BHK Flat,Sq-ft,0,New Construction,1,NA,1,1,1,1,1,1,1,1,1,1,1,1,1,1,1,1,1,1,1,1,1,1,1,1,1,1,1,1,1,1,1,1,1,1,1,1,1,1,1,1,1,1,1,1,1,1,1,1,1,1,1,1,1,1,1,1,1,1,1,1,1,1,1,1,1,1,1,1,1,1,1,1,1,1,1,1,1,1,1,1,1,1,1,1,1,1,1,1,1,1,NA,Y,NA,NA,NA
12461,Under Construction,Dec '24,12,N,Kohinoor Group,KDMC,102,4290000,42.9 Lac,Vitrified,No/Rare Powercut,Monthly,900,21000,1km from chetna school,850,Kohinoor Eden,5047,590,Kalyan East,NA,Sq-ft,Y,Freehold,Unfurnished,2,"1 Covered, 1 Open",West,"Garden/Park, Pool, Main Road",New Property,12 of 23 Floor,Apartment,Thane,2,Agent,23,Water Availability 24 Hours Available,F,850,Sq-ft,Y,Bachelors/Family,"Kalyan East, Thane",2 BHK Flat,Sq-ft,0,NA,2,Y,1,1,1,1,1,1,1,1,1,1,1,1,1,1,1,1,1,1,1,1,1,1,1,1,1,1,1,1,1,1,1,1,1,1,1,1,1,1,1,1,1,1,1,1,1,1,1,1,1,1,1,1,1,1,1,1,1,1,1,1,1,1,1,1,1,1,1,1,1,1,1,1,1,1,1,1,1,1,1,1,1,1,1,1,1,1,1,1,1,1,NA,NA,NA,NA,NA
12460,Under Construction,Dec '24,5,N,Kohinoor Group,KDMC,79,2999000,30 Lac,Vitrified,No/Rare Powercut,Monthly,1200,54000,"Social infrastructure like banks, schools and parks surround Kalyan E",550,Kohinoor Eden,5452,390,Kalyan East,NA,Sq-ft,Y,Freehold,Unfurnished,2,"1 Covered, 1 Open",East,"Pool, Garden/Park, Main Road",New Property,5 of 23 Floor,Apartment,Thane,1,Agent,23,Water Availability 24 Hours Available,F,550,Sq-ft,Y,Bachelors/Family,"Kalyan East, Thane",1 BHK Flat,Sq-ft,0,NA,1,Y,1,1,1,1,1,1,1,1,1,1,1,1,1,1,1,1,1,1,1,1,1,1,1,1,1,1,1,1,1,1,1,1,1,1,1,1,1,1,1,1,1,1,1,1,1,1,1,1,1,1,1,1,1,1,1,1,1,1,1,1,1,1,1,1,1,1,1,1,1,1,1,1,1,1,1,1,1,1,1,1,1,1,1,1,1,1,1,1,1,1,NA,NA,NA,NA,NA
12459,Under Construction,Dec '24,12,N,Kohinoor Group,KDMC,102,3099000,31 Lac,Vitrified,No/Rare Powercut,Monthly,900,21000,1km from chetna school,550,Kohinoor Eden,5634,390,Kalyan East,NA,Sq-ft,Y,Freehold,Unfurnished,2,"1 Covered, 1 Open",West,"Garden/Park, Pool, Main Road",New Property,12 of 23 Floor,Apartment,Thane,1,Agent,23,Water Availability 24 Hours Available,F,550,Sq-ft,Y,Bachelors/Family,"Kalyan East, Thane",1 BHK Flat,Sq-ft,0,NA,1,Y,1,1,1,1,1,1,1,1,1,1,1,1,1,1,1,1,1,1,1,1,1,1,1,1,1,1,1,1,1,1,1,1,1,1,1,1,1,1,1,1,1,1,1,1,1,1,1,1,1,1,1,1,1,1,1,1,1,1,1,1,1,1,1,1,1,1,1,1,1,1,1,1,1,1,1,1,1,1,1,1,1,1,1,1,1,1,1,1,1,1,NA,NA,NA,NA,NA
12458,Ready to Move,NA,3,N,Sai Siddhi Developers,ABAMNC,NA,2616000,26.2 Lac,Vitrified,No/Rare Powercut,Monthly,1200,51000,Neelam English School,545,Sai Heights,4800,396,Kalyan East,NA,Sq-ft,Y,Freehold,Unfurnished,1,"1 Covered, 1 Open",North - East,Garden/Park,New Property,3 of 7 Floor,Apartment,Thane,1,Agent,7,Water Availability 24 Hours Available,F,545,Sq-ft,Y,Bachelors/Family,"Kalyan East, Thane",1 BHK Flat,Sq-ft,0,New Construction,2,NA,1,1,1,0,0,0,0,1,0,1,0,1,1,0,1,0,0,1,0,0,0,0,0,0,0,0,0,0,0,0,0,0,0,0,0,0,0,0,0,0,0,0,0,0,0,0,0,0,0,0,0,0,0,0,0,0,0,0,0,0,0,0,0,0,0,0,0,0,0,0,0,0,0,0,0,0,0,0,0,0,0,0,0,0,0,0,0,0,0,0,NA,NA,NA,NA,NA
12457,Under Construction,Dec '24,9,N,NA,KDMC,4,4550000,45.5 Lac,Vitrified,No/Rare Powercut,Monthly,1700,54000,Kalyan east.,935,NA,4866,619,Kalyan East,East Facing Property,Sq-ft,Y,Freehold,Unfurnished,2,1 Open,East,"Garden/Park, Main Road",New Property,9 of 18 Floor,Apartment,Thane,2,Agent,18,Water Availability 24 Hours Available,F,935,Sq-ft,Y,Bachelors/Family,"Kalyan East, Thane",2 BHK Flat,Sq-ft,0,NA,1,Y,1,1,1,1,1,1,1,1,1,1,1,1,1,1,1,1,1,1,1,1,1,1,1,1,1,1,1,1,1,1,1,1,1,1,1,1,1,1,1,1,1,1,1,1,1,1,1,1,1,1,1,1,1,1,1,1,1,1,1,1,1,1,1,1,1,1,1,0,1,1,1,1,1,1,1,1,1,1,1,1,1,1,1,1,1,1,1,1,1,1,NA,Y,NA,NA,NA
12456,Ready to Move,NA,3,Y,Kohinoor Group,KDMC,0,5000000,50 Lac,Vitrified,No/Rare Powercut,Monthly,2200,5000000,Chakkinaka Junction,680,Kohinoor Luxuria,7352,460,Chakki Naka,East Facing Property,Sq-ft,N,Freehold,Semi-Furnished,2,NA,East,"Garden/Park, Main Road",Resale,3 of 12 Floor,Apartment,Thane,1,Agent,12,Water Availability 24 Hours Available,F,680,Sq-ft,Y,Bachelors/Family,"Chakki Naka, Thane",1 BHK Flat,Sq-ft,0,Less than 5 years,3,NA,1,1,1,1,1,1,1,1,1,1,1,1,1,1,1,1,1,1,1,1,1,1,1,1,1,1,1,1,1,1,1,1,1,1,1,1,1,1,1,1,1,1,1,1,1,1,1,1,1,1,1,1,1,1,1,1,1,1,1,1,1,1,1,1,1,1,1,1,1,1,1,1,1,1,1,1,1,1,1,1,1,1,1,1,1,1,1,1,1,1,NA,NA,NA,NA,NA
12455,Under Construction,Dec '23,11,N,NA,KDMC,NA,4700000,47 Lac,Vitrified,No/Rare Powercut,Monthly,0,51000,chakki naka,600,NA,7833,424,Kalyan East,NA,Sq-ft,Y,Freehold,Unfurnished,2,1 Open,North - East,"Pool, Garden/Park, Main Road",New Property,11 of 22 Floor,Apartment,Thane,1,Agent,22,Water Availability 24 Hours Available,F,600,Sq-ft,Y,Bachelors/Family,"Kalyan East, Thane",1 BHK Flat,Sq-ft,0,NA,3,NA,1,1,1,1,1,1,1,1,1,1,1,1,1,1,1,1,1,1,1,1,1,1,1,1,1,1,1,1,1,1,1,1,1,1,1,1,1,1,1,1,1,1,1,1,1,1,1,1,1,1,1,1,1,1,1,1,1,1,1,1,1,1,1,1,1,1,1,1,1,1,1,1,1,1,1,1,1,1,1,1,1,1,1,1,1,1,1,1,1,1,NA,NA,NA,NA,NA
12454,Under Construction,May '25,8,N,Kohinoor Group,ABADev,NA,3699000,37 Lac,Vitrified,No/Rare Powercut,Monthly,1200,51000,Kalyan east malangard road opposite suman hospital.,640,Kohinoor Eden,5779,442,Kalyan East,NA,Sq-ft,Y,Freehold,Unfurnished,1,1 Open,North - East,Garden/Park,New Property,8 of 23 Floor,Apartment,Thane,1,Agent,23,Water Availability 24 Hours Available,F,640,Sq-ft,Y,Bachelors/Family,"Kalyan East, Thane",1 BHK Flat,Sq-ft,0,NA,1,NA,1,1,1,1,1,1,1,1,1,1,1,1,1,1,1,1,1,1,1,1,1,1,1,1,1,1,1,1,1,1,1,1,1,1,1,1,1,1,1,1,1,1,1,1,1,1,1,1,1,1,1,1,1,1,1,1,1,1,1,1,1,1,1,1,1,1,1,1,1,1,1,1,1,1,1,1,1,1,1,1,1,1,1,1,1,1,1,1,1,1,NA,Y,NA,NA,NA
12453,Under Construction,May '25,4,N,Kohinoor Group,ABADev,NA,5150000,51.5 Lac,Vitrified,No/Rare Powercut,Monthly,1400,51000,Kalyan east malangard road opposite suman hospital.,875,Kohinoor Eden,5892,603,Kalyan East,East Facing Property,Sq-ft,Y,Freehold,Unfurnished,2,1 Open,East,Garden/Park,New Property,4 of 23 Floor,Apartment,Thane,2,Agent,23,Water Availability 24 Hours Available,F,875,Sq-ft,Y,Bachelors/Family,"Kalyan East, Thane",2 BHK Flat,Sq-ft,0,NA,2,NA,1,1,1,1,1,1,1,1,1,1,1,1,1,1,1,1,1,1,1,1,1,1,1,1,1,1,1,1,1,1,1,1,1,1,1,1,1,1,1,1,1,1,1,1,1,1,1,1,1,1,1,1,1,1,1,1,1,1,1,1,1,1,1,1,1,1,1,1,1,1,1,1,1,1,1,1,1,1,1,1,1,1,1,1,1,1,1,1,1,1,NA,Y,NA,NA,NA
12452,Ready to Move,NA,7,N,NA,KDMC,NA,5200000,52 Lac,Vitrified,No/Rare Powercut,Monthly,2500,100000,chakkinaka,710,JH Zojwalla Regency Park,7323,490,Kalyan East,East Facing Property,Sq-ft,N,Freehold,Unfurnished,2,NA,East,Main Road,Resale,7 of 10 Floor,Apartment,Thane,1,Agent,10,Water Availability 24 Hours Available,F,710,Sq-ft,Y,Bachelors/Family,"Kalyan East, Thane",1 BHK Flat,Sq-ft,0,5 to 10 years,3,NA,1,1,1,1,1,1,1,1,1,1,1,1,1,1,1,1,1,1,1,1,1,1,1,1,1,1,1,1,1,1,1,1,1,1,1,1,1,1,1,1,1,1,1,1,1,1,1,1,1,1,1,1,1,1,1,1,1,1,1,1,1,1,1,1,1,1,1,1,1,1,0,1,1,1,1,1,1,1,1,1,1,1,1,1,1,1,1,1,1,1,NA,NA,NA,NA,NA
12451,Under Construction,Mar '25,13,N,NA,KDMC,3,2997000,30 Lac,Vitrified,No/Rare Powercut,Monthly,1200,54000,Kalyan east.,600,NA,4995,400,Kalyan East,NA,Sq-ft,Y,Freehold,Unfurnished,1,1 Open,North - East,"Garden/Park, Main Road",New Property,13 of 18 Floor,Apartment,Thane,1,Agent,18,Water Availability 24 Hours Available,F,600,Sq-ft,Y,Bachelors/Family,"Kalyan East, Thane",1 BHK Flat,Sq-ft,0,NA,2,Y,1,1,1,1,1,1,1,1,1,1,1,1,1,1,1,1,1,1,1,1,1,1,1,1,1,1,1,1,1,1,1,1,1,1,1,1,1,1,1,1,1,1,1,1,1,1,1,1,1,1,1,1,1,1,1,1,1,1,1,1,1,1,1,1,1,1,1,0,1,1,1,1,1,1,1,1,1,1,1,1,1,1,1,1,1,1,1,1,1,1,NA,Y,NA,NA,NA
12450,Under Construction,Dec '24,7,N,Samarth Sai Builders & Developers,KDMC,5,3491000,34.9 Lac,Vitrified,No/Rare Powercut,Monthly,1900,99000,Kalyan east.,650,Seasons Sahara,5370,450,Kalyan East,NA,Sq-ft,Y,Freehold,Unfurnished,2,1 Open,North - East,"Garden/Park, Pool, Main Road",New Property,7 of 20 Floor,Apartment,Thane,1,Agent,20,Water Availability 24 Hours Available,F,650,Sq-ft,Y,Bachelors/Family,"Kalyan East, Thane",1 BHK Flat,Sq-ft,0,NA,1,Y,1,1,1,1,1,1,1,1,1,1,1,1,1,1,1,1,1,1,1,1,1,1,1,1,1,1,1,1,1,1,1,1,1,1,1,1,1,1,1,1,1,1,1,1,1,1,1,1,1,1,1,1,1,1,1,1,1,1,1,1,1,1,1,1,1,1,1,0,1,1,1,1,1,1,1,1,1,1,1,1,1,1,1,1,1,1,1,1,1,1,NA,Y,NA,NA,NA
12449,Under Construction,Dec '24,10,Y,NA,KDMC,12,4400000,44 Lac,Vitrified,No/Rare Powercut,Per sq. Unit Monthly,2,100000,Kalyan East,580,NA,7586,580,Kalyan East,NA,Sq-ft,Y,Freehold,Unfurnished,2,1 Covered,East,"Garden/Park, Pool",New Property,10 of 23 Floor,Apartment,Thane,2,Agent,23,Water Availability 24 Hours Available,F,580,Sq-ft,Y,Bachelors/Family,"Kalyan East, Thane",2 BHK Flat,Sq-ft,0,NA,2,NA,1,1,1,1,1,1,1,1,1,1,1,1,1,1,1,1,1,1,1,1,1,1,1,1,1,1,1,1,1,1,1,1,1,1,1,1,1,1,1,1,1,1,1,1,1,1,1,1,1,1,1,1,1,1,1,1,1,1,1,1,1,1,1,1,1,1,1,1,1,1,1,1,1,1,1,1,1,1,1,1,1,1,1,1,1,1,1,1,1,1,NA,NA,NA,NA,NA
12448,Under Construction,Jun '25,7,N,Kohinoor Group,KDMC,12,4950000,49.5 Lac,Vitrified,No/Rare Powercut,Per sq. Unit Monthly,3,100000,Chakki Naka Malang Road,602,Kohinoor Eden,8222,602,Kalyan East,NA,Sq-ft,Y,Freehold,Unfurnished,2,1 Covered,East,"Garden/Park, Pool",New Property,7 of 23 Floor,Apartment,Thane,2,Agent,23,Water Availability 24 Hours Available,F,602,Sq-ft,Y,Bachelors/Family,"Kalyan East, Thane",2 BHK Flat,Sq-ft,0,NA,2,NA,1,1,1,1,1,1,1,1,1,1,1,1,1,1,1,1,1,1,1,1,1,1,1,1,1,1,1,1,1,1,1,1,1,1,1,1,1,1,1,1,1,1,1,1,1,1,1,1,1,1,1,1,1,1,1,1,1,1,1,1,1,1,1,1,1,1,1,1,1,1,1,1,1,1,1,1,1,1,1,1,1,1,1,1,1,1,1,1,1,1,NA,NA,NA,NA,NA
12447,Ready to Move,NA,5,N,Vaishnavi Buildcon,KDMC,0,6000000,60 Lac,Vitrified,No/Rare Powercut,Per sq. Unit Monthly,3,100000,"Chakki Nakk Road, Near Regency Jhozwala Kalyan East.",1020,Vaishnavi Highlife,5882,700,Chakki Naka,Newly Constructed Property,Sq-ft,Y,Freehold,Unfurnished,2,1 Open,East,NA,New Property,5 of 24 Floor,Apartment,Thane,2,Agent,24,Water Availability 24 Hours Available,F,1020,Sq-ft,Y,Bachelors/Family,"Chakki Naka, Thane",2 BHK Flat,Sq-ft,0,New Construction,1,NA,1,1,1,1,1,1,1,1,1,1,1,1,1,1,1,1,1,1,1,1,1,1,1,1,1,1,1,1,1,1,1,1,1,1,1,1,1,1,1,1,1,1,1,1,1,1,1,1,1,1,1,1,1,1,1,1,1,1,1,1,1,1,1,1,1,1,1,1,1,1,1,1,1,1,1,1,1,1,1,1,1,1,1,1,1,1,1,1,1,1,NA,Y,NA,NA,NA
12446,Under Construction,Dec '24,12,N,Kohinoor Group,KDMC,102,4290000,42.9 Lac,Vitrified,No/Rare Powercut,Monthly,900,21000,1km from chetna school,850,Kohinoor Eden,5047,590,Kalyan East,NA,Sq-ft,Y,Freehold,Unfurnished,2,"1 Covered, 1 Open",West,"Garden/Park, Pool, Main Road",New Property,12 of 23 Floor,Apartment,Thane,2,Agent,23,Water Availability 24 Hours Available,F,850,Sq-ft,Y,Bachelors/Family,"Kalyan East, Thane",2 BHK Flat,Sq-ft,0,NA,2,Y,1,1,1,1,1,1,1,1,1,1,1,1,1,1,1,1,1,1,1,1,1,1,1,1,1,1,1,1,1,1,1,1,1,1,1,1,1,1,1,1,1,1,1,1,1,1,1,1,1,1,1,1,1,1,1,1,1,1,1,1,1,1,1,1,1,1,1,1,1,1,1,1,1,1,1,1,1,1,1,1,1,1,1,1,1,1,1,1,1,1,NA,NA,NA,NA,NA
12445,Under Construction,Dec '24,5,N,Kohinoor Group,KDMC,79,2999000,30 Lac,Vitrified,No/Rare Powercut,Monthly,1200,54000,"Social infrastructure like banks, schools and parks surround Kalyan E",550,Kohinoor Eden,5452,390,Kalyan East,NA,Sq-ft,Y,Freehold,Unfurnished,2,"1 Covered, 1 Open",East,"Pool, Garden/Park, Main Road",New Property,5 of 23 Floor,Apartment,Thane,1,Agent,23,Water Availability 24 Hours Available,F,550,Sq-ft,Y,Bachelors/Family,"Kalyan East, Thane",1 BHK Flat,Sq-ft,0,NA,1,Y,1,1,1,1,1,1,1,1,1,1,1,1,1,1,1,1,1,1,1,1,1,1,1,1,1,1,1,1,1,1,1,1,1,1,1,1,1,1,1,1,1,1,1,1,1,1,1,1,1,1,1,1,1,1,1,1,1,1,1,1,1,1,1,1,1,1,1,1,1,1,1,1,1,1,1,1,1,1,1,1,1,1,1,1,1,1,1,1,1,1,NA,NA,NA,NA,NA
12444,Under Construction,Dec '24,12,N,Kohinoor Group,KDMC,102,3099000,31 Lac,Vitrified,No/Rare Powercut,Monthly,900,21000,1km from chetna school,550,Kohinoor Eden,5634,390,Kalyan East,NA,Sq-ft,Y,Freehold,Unfurnished,2,"1 Covered, 1 Open",West,"Garden/Park, Pool, Main Road",New Property,12 of 23 Floor,Apartment,Thane,1,Agent,23,Water Availability 24 Hours Available,F,550,Sq-ft,Y,Bachelors/Family,"Kalyan East, Thane",1 BHK Flat,Sq-ft,0,NA,1,Y,1,1,1,1,1,1,1,1,1,1,1,1,1,1,1,1,1,1,1,1,1,1,1,1,1,1,1,1,1,1,1,1,1,1,1,1,1,1,1,1,1,1,1,1,1,1,1,1,1,1,1,1,1,1,1,1,1,1,1,1,1,1,1,1,1,1,1,1,1,1,1,1,1,1,1,1,1,1,1,1,1,1,1,1,1,1,1,1,1,1,NA,NA,NA,NA,NA
12443,Ready to Move,NA,3,N,Sai Siddhi Developers,ABAMNC,NA,2616000,26.2 Lac,Vitrified,No/Rare Powercut,Monthly,1200,51000,Neelam English School,545,Sai Heights,4800,396,Kalyan East,NA,Sq-ft,Y,Freehold,Unfurnished,1,"1 Covered, 1 Open",North - East,Garden/Park,New Property,3 of 7 Floor,Apartment,Thane,1,Agent,7,Water Availability 24 Hours Available,F,545,Sq-ft,Y,Bachelors/Family,"Kalyan East, Thane",1 BHK Flat,Sq-ft,0,New Construction,2,NA,1,1,1,0,0,0,0,1,0,1,0,1,1,0,1,0,0,1,0,0,0,0,0,0,0,0,0,0,0,0,0,0,0,0,0,0,0,0,0,0,0,0,0,0,0,0,0,0,0,0,0,0,0,0,0,0,0,0,0,0,0,0,0,0,0,0,0,0,0,0,0,0,0,0,0,0,0,0,0,0,0,0,0,0,0,0,0,0,0,0,NA,NA,NA,NA,NA
12442,Under Construction,Dec '24,9,N,NA,KDMC,4,4550000,45.5 Lac,Vitrified,No/Rare Powercut,Monthly,1700,54000,Kalyan east.,935,NA,4866,619,Kalyan East,East Facing Property,Sq-ft,Y,Freehold,Unfurnished,2,1 Open,East,"Garden/Park, Main Road",New Property,9 of 18 Floor,Apartment,Thane,2,Agent,18,Water Availability 24 Hours Available,F,935,Sq-ft,Y,Bachelors/Family,"Kalyan East, Thane",2 BHK Flat,Sq-ft,0,NA,1,Y,1,1,1,1,1,1,1,1,1,1,1,1,1,1,1,1,1,1,1,1,1,1,1,1,1,1,1,1,1,1,1,1,1,1,1,1,1,1,1,1,1,1,1,1,1,1,1,1,1,1,1,1,1,1,1,1,1,1,1,1,1,1,1,1,1,1,1,0,1,1,1,1,1,1,1,1,1,1,1,1,1,1,1,1,1,1,1,1,1,1,NA,Y,NA,NA,NA
12441,Ready to Move,NA,3,Y,Kohinoor Group,KDMC,0,5000000,50 Lac,Vitrified,No/Rare Powercut,Monthly,2200,5000000,Chakkinaka Junction,680,Kohinoor Luxuria,7352,460,Chakki Naka,East Facing Property,Sq-ft,N,Freehold,Semi-Furnished,2,NA,East,"Garden/Park, Main Road",Resale,3 of 12 Floor,Apartment,Thane,1,Agent,12,Water Availability 24 Hours Available,F,680,Sq-ft,Y,Bachelors/Family,"Chakki Naka, Thane",1 BHK Flat,Sq-ft,0,Less than 5 years,3,NA,1,1,1,1,1,1,1,1,1,1,1,1,1,1,1,1,1,1,1,1,1,1,1,1,1,1,1,1,1,1,1,1,1,1,1,1,1,1,1,1,1,1,1,1,1,1,1,1,1,1,1,1,1,1,1,1,1,1,1,1,1,1,1,1,1,1,1,1,1,1,1,1,1,1,1,1,1,1,1,1,1,1,1,1,1,1,1,1,1,1,NA,NA,NA,NA,NA
12440,Under Construction,Dec '23,11,N,NA,KDMC,NA,4700000,47 Lac,Vitrified,No/Rare Powercut,Monthly,0,51000,chakki naka,600,NA,7833,424,Kalyan East,NA,Sq-ft,Y,Freehold,Unfurnished,2,1 Open,North - East,"Pool, Garden/Park, Main Road",New Property,11 of 22 Floor,Apartment,Thane,1,Agent,22,Water Availability 24 Hours Available,F,600,Sq-ft,Y,Bachelors/Family,"Kalyan East, Thane",1 BHK Flat,Sq-ft,0,NA,3,NA,1,1,1,1,1,1,1,1,1,1,1,1,1,1,1,1,1,1,1,1,1,1,1,1,1,1,1,1,1,1,1,1,1,1,1,1,1,1,1,1,1,1,1,1,1,1,1,1,1,1,1,1,1,1,1,1,1,1,1,1,1,1,1,1,1,1,1,1,1,1,1,1,1,1,1,1,1,1,1,1,1,1,1,1,1,1,1,1,1,1,NA,NA,NA,NA,NA
12439,Under Construction,May '25,8,N,Kohinoor Group,ABADev,NA,3699000,37 Lac,Vitrified,No/Rare Powercut,Monthly,1200,51000,Kalyan east malangard road opposite suman hospital.,640,Kohinoor Eden,5779,442,Kalyan East,NA,Sq-ft,Y,Freehold,Unfurnished,1,1 Open,North - East,Garden/Park,New Property,8 of 23 Floor,Apartment,Thane,1,Agent,23,Water Availability 24 Hours Available,F,640,Sq-ft,Y,Bachelors/Family,"Kalyan East, Thane",1 BHK Flat,Sq-ft,0,NA,1,NA,1,1,1,1,1,1,1,1,1,1,1,1,1,1,1,1,1,1,1,1,1,1,1,1,1,1,1,1,1,1,1,1,1,1,1,1,1,1,1,1,1,1,1,1,1,1,1,1,1,1,1,1,1,1,1,1,1,1,1,1,1,1,1,1,1,1,1,1,1,1,1,1,1,1,1,1,1,1,1,1,1,1,1,1,1,1,1,1,1,1,NA,Y,NA,NA,NA
12438,Under Construction,May '25,4,N,Kohinoor Group,ABADev,NA,5150000,51.5 Lac,Vitrified,No/Rare Powercut,Monthly,1400,51000,Kalyan east malangard road opposite suman hospital.,875,Kohinoor Eden,5892,603,Kalyan East,East Facing Property,Sq-ft,Y,Freehold,Unfurnished,2,1 Open,East,Garden/Park,New Property,4 of 23 Floor,Apartment,Thane,2,Agent,23,Water Availability 24 Hours Available,F,875,Sq-ft,Y,Bachelors/Family,"Kalyan East, Thane",2 BHK Flat,Sq-ft,0,NA,2,NA,1,1,1,1,1,1,1,1,1,1,1,1,1,1,1,1,1,1,1,1,1,1,1,1,1,1,1,1,1,1,1,1,1,1,1,1,1,1,1,1,1,1,1,1,1,1,1,1,1,1,1,1,1,1,1,1,1,1,1,1,1,1,1,1,1,1,1,1,1,1,1,1,1,1,1,1,1,1,1,1,1,1,1,1,1,1,1,1,1,1,NA,Y,NA,NA,NA
12437,Ready to Move,NA,7,N,NA,KDMC,NA,5200000,52 Lac,Vitrified,No/Rare Powercut,Monthly,2500,100000,chakkinaka,710,JH Zojwalla Regency Park,7323,490,Kalyan East,East Facing Property,Sq-ft,N,Freehold,Unfurnished,2,NA,East,Main Road,Resale,7 of 10 Floor,Apartment,Thane,1,Agent,10,Water Availability 24 Hours Available,F,710,Sq-ft,Y,Bachelors/Family,"Kalyan East, Thane",1 BHK Flat,Sq-ft,0,5 to 10 years,3,NA,1,1,1,1,1,1,1,1,1,1,1,1,1,1,1,1,1,1,1,1,1,1,1,1,1,1,1,1,1,1,1,1,1,1,1,1,1,1,1,1,1,1,1,1,1,1,1,1,1,1,1,1,1,1,1,1,1,1,1,1,1,1,1,1,1,1,1,1,1,1,0,1,1,1,1,1,1,1,1,1,1,1,1,1,1,1,1,1,1,1,NA,NA,NA,NA,NA
12436,Under Construction,Mar '25,13,N,NA,KDMC,3,2997000,30 Lac,Vitrified,No/Rare Powercut,Monthly,1200,54000,Kalyan east.,600,NA,4995,400,Kalyan East,NA,Sq-ft,Y,Freehold,Unfurnished,1,1 Open,North - East,"Garden/Park, Main Road",New Property,13 of 18 Floor,Apartment,Thane,1,Agent,18,Water Availability 24 Hours Available,F,600,Sq-ft,Y,Bachelors/Family,"Kalyan East, Thane",1 BHK Flat,Sq-ft,0,NA,2,Y,1,1,1,1,1,1,1,1,1,1,1,1,1,1,1,1,1,1,1,1,1,1,1,1,1,1,1,1,1,1,1,1,1,1,1,1,1,1,1,1,1,1,1,1,1,1,1,1,1,1,1,1,1,1,1,1,1,1,1,1,1,1,1,1,1,1,1,0,1,1,1,1,1,1,1,1,1,1,1,1,1,1,1,1,1,1,1,1,1,1,NA,Y,NA,NA,NA
12435,Under Construction,Dec '24,7,N,Samarth Sai Builders & Developers,KDMC,5,3491000,34.9 Lac,Vitrified,No/Rare Powercut,Monthly,1900,99000,Kalyan east.,650,Seasons Sahara,5370,450,Kalyan East,NA,Sq-ft,Y,Freehold,Unfurnished,2,1 Open,North - East,"Garden/Park, Pool, Main Road",New Property,7 of 20 Floor,Apartment,Thane,1,Agent,20,Water Availability 24 Hours Available,F,650,Sq-ft,Y,Bachelors/Family,"Kalyan East, Thane",1 BHK Flat,Sq-ft,0,NA,1,Y,1,1,1,1,1,1,1,1,1,1,1,1,1,1,1,1,1,1,1,1,1,1,1,1,1,1,1,1,1,1,1,1,1,1,1,1,1,1,1,1,1,1,1,1,1,1,1,1,1,1,1,1,1,1,1,1,1,1,1,1,1,1,1,1,1,1,1,0,1,1,1,1,1,1,1,1,1,1,1,1,1,1,1,1,1,1,1,1,1,1,NA,Y,NA,NA,NA
12434,Under Construction,Dec '24,10,Y,NA,KDMC,12,4400000,44 Lac,Vitrified,No/Rare Powercut,Per sq. Unit Monthly,2,100000,Kalyan East,580,NA,7586,580,Kalyan East,NA,Sq-ft,Y,Freehold,Unfurnished,2,1 Covered,East,"Garden/Park, Pool",New Property,10 of 23 Floor,Apartment,Thane,2,Agent,23,Water Availability 24 Hours Available,F,580,Sq-ft,Y,Bachelors/Family,"Kalyan East, Thane",2 BHK Flat,Sq-ft,0,NA,2,NA,1,1,1,1,1,1,1,1,1,1,1,1,1,1,1,1,1,1,1,1,1,1,1,1,1,1,1,1,1,1,1,1,1,1,1,1,1,1,1,1,1,1,1,1,1,1,1,1,1,1,1,1,1,1,1,1,1,1,1,1,1,1,1,1,1,1,1,1,1,1,1,1,1,1,1,1,1,1,1,1,1,1,1,1,1,1,1,1,1,1,NA,NA,NA,NA,NA
12433,Under Construction,Jun '25,7,N,Kohinoor Group,KDMC,12,4950000,49.5 Lac,Vitrified,No/Rare Powercut,Per sq. Unit Monthly,3,100000,Chakki Naka Malang Road,602,Kohinoor Eden,8222,602,Kalyan East,NA,Sq-ft,Y,Freehold,Unfurnished,2,1 Covered,East,"Garden/Park, Pool",New Property,7 of 23 Floor,Apartment,Thane,2,Agent,23,Water Availability 24 Hours Available,F,602,Sq-ft,Y,Bachelors/Family,"Kalyan East, Thane",2 BHK Flat,Sq-ft,0,NA,2,NA,1,1,1,1,1,1,1,1,1,1,1,1,1,1,1,1,1,1,1,1,1,1,1,1,1,1,1,1,1,1,1,1,1,1,1,1,1,1,1,1,1,1,1,1,1,1,1,1,1,1,1,1,1,1,1,1,1,1,1,1,1,1,1,1,1,1,1,1,1,1,1,1,1,1,1,1,1,1,1,1,1,1,1,1,1,1,1,1,1,1,NA,NA,NA,NA,NA
12432,Ready to Move,NA,2,Y,Madan Chikankar,NA,NA,NA,Call for Price,NA,NA,NA,NA,NA,NA,600,Sai Samarth,NA,NA,Kalyan East,NA,Sq-ft,Y,NA,Unfurnished,1,1 Covered,NA,NA,Resale,2 of 5 Floor,Apartment,Thane,1,Owner,5,NA,F,600,NA,N,Bachelors/Family,"Kalyan East, Thane",1 BHK Flat,Sq-ft,0,Less than 5 years,1,NA,0,0,0,0,0,0,0,0,0,0,0,0,0,0,0,0,0,0,0,0,0,0,0,0,0,0,0,0,0,0,0,0,0,0,0,0,0,0,0,0,0,0,0,0,0,0,0,0,0,0,0,0,0,0,0,0,0,0,0,0,0,0,0,0,0,0,0,0,0,0,0,0,0,0,0,0,0,0,0,0,0,0,0,0,0,0,0,0,0,0,NA,NA,NA,NA,NA
12431,Ready to Move,NA,2,N,Hindustan Enterprises,NA,NA,1500000,15 Lac,NA,NA,NA,NA,NA,NA,529,Swastik Park,2836,NA,Kalyan East,NA,Sq-ft,Y,NA,Unfurnished,1,NA,NA,NA,Resale,2 of 4 Floor,Apartment,Thane,1,Owner,4,NA,F,529,NA,N,Bachelors/Family,"Kalyan East, Thane",1 BHK Flat,Sq-ft,0,NA,NA,NA,0,0,0,0,0,0,0,0,0,0,0,0,0,0,0,0,0,0,0,0,0,0,0,0,0,0,0,0,0,0,0,0,0,0,0,0,0,0,0,0,0,0,0,0,0,0,0,0,0,0,0,0,0,0,0,0,0,0,0,0,0,0,0,0,0,0,0,0,0,0,0,0,0,0,0,0,0,0,0,0,0,0,0,0,0,0,0,0,0,0,NA,NA,NA,NA,NA
12430,Ready to Move,NA,1,N,Hindustan Enterprises,NA,NA,1900000,19 Lac,NA,NA,NA,NA,NA,NA,545,Swastik Park,3486,NA,Kalyan East,NA,Sq-ft,Y,NA,Semi-Furnished,1,NA,NA,NA,Resale,1 of 4 Floor,Apartment,Thane,1,Owner,4,NA,F,545,NA,N,Bachelors/Family,"Kalyan East, Thane",1 BHK Flat,Sq-ft,0,NA,NA,NA,0,0,0,0,0,0,0,0,0,0,0,0,0,0,0,0,0,0,0,0,0,0,0,0,0,0,0,0,0,0,0,0,0,0,0,0,0,0,0,0,0,0,0,0,0,0,0,0,0,0,0,0,0,0,0,0,0,0,0,0,0,0,0,0,0,0,0,0,0,0,0,0,0,0,0,0,0,0,0,0,0,0,0,0,0,0,0,0,0,0,NA,NA,NA,NA,NA
12429,Ready to Move,NA,2,N,NA,NA,NA,3000000,30 Lac,NA,NA,NA,NA,NA,NA,870,Om Sai Park,3448,NA,Kalyan East,NA,Sq-ft,Y,NA,Semi-Furnished,2,NA,NA,NA,Resale,2 of 4 Floor,Apartment,Thane,2,Owner,4,NA,F,870,NA,N,Bachelors/Family,"Kalyan East, Thane",2 BHK Flat,Sq-ft,0,NA,NA,NA,0,0,0,0,0,0,0,0,0,0,0,0,0,0,0,0,0,0,0,0,0,0,0,0,0,0,0,0,0,0,0,0,0,0,0,0,0,0,0,0,0,0,0,0,0,0,0,0,0,0,0,0,0,0,0,0,0,0,0,0,0,0,0,0,0,0,0,0,0,0,0,0,0,0,0,0,0,0,0,0,0,0,0,0,0,0,0,0,0,0,NA,NA,NA,NA,NA
12428,Ready to Move,NA,1,N,Soham Construction Pvt. Ltd.,NA,NA,1550000,15.5 Lac,NA,NA,NA,NA,NA,Diva Railway Station,635,Sai Darshan,2441,NA,Kalyan East,NA,Sq-ft,Y,NA,Semi-Furnished,1,NA,NA,Main Road,Resale,1 of 4 Floor,Apartment,Thane,1,Owner,4,NA,F,635,NA,Y,Bachelors/Family,"Kalyan East, Thane",1 BHK Flat,Sq-ft,0,10 to 15 years,NA,NA,0,0,0,0,0,0,0,0,0,0,0,0,0,0,0,0,1,0,0,0,0,0,0,0,0,0,0,0,0,0,0,0,0,0,0,0,0,0,0,0,0,0,0,0,0,0,0,0,0,0,0,0,0,0,0,0,0,0,0,0,0,0,0,0,0,0,0,0,0,0,0,0,0,0,0,0,0,0,0,0,0,0,0,0,0,0,0,0,0,0,NA,NA,NA,NA,NA
12427,Ready to Move,NA,2,N,NA,NA,NA,2000000,20 Lac,NA,NA,NA,NA,NA,NA,785,NA,2548,NA,Kalyan East,NA,Sq-ft,Y,NA,Unfurnished,1,NA,NA,NA,Resale,2 of 4 Floor,Apartment,Thane,2,Owner,4,NA,F,785,NA,Y,Bachelors/Family,"Kalyan East, Thane",2 BHK Flat,Sq-ft,0,NA,NA,NA,0,0,0,0,0,0,0,0,0,0,0,0,0,0,0,0,0,0,0,0,0,0,0,0,0,0,0,0,0,0,0,0,0,0,0,0,0,0,0,0,0,0,0,0,0,0,0,0,0,0,0,0,0,0,0,0,0,0,0,0,0,0,0,0,0,0,0,0,0,0,0,0,0,0,0,0,0,0,0,0,0,0,0,0,0,0,0,0,0,0,NA,NA,NA,NA,NA
12426,Ready to Move,NA,3,N,NA,NA,NA,1200000,12 Lac,NA,NA,NA,NA,100000,NA,450,Keshav Apartment,2667,450,Kalyan East,East Facing Property,Sq-ft,Y,Co-operative Society,Unfurnished,1,NA,East,NA,Resale,3 of 3 Floor,Apartment,Thane,1,Owner,3,NA,F,450,Sq-ft,Y,Bachelors/Family,"Kalyan East, Thane",1 BHK Flat,Sq-ft,0,Less than 5 years,NA,NA,0,0,0,0,0,0,0,0,1,0,0,0,0,0,0,0,0,0,1,1,0,0,0,0,0,0,0,0,0,0,0,0,0,0,0,0,0,0,0,0,0,0,0,0,0,0,0,0,0,0,0,0,0,0,0,0,0,0,0,0,0,0,0,0,0,0,0,0,0,0,0,0,0,0,0,0,0,0,0,0,0,0,0,0,0,0,0,0,0,0,NA,NA,NA,NA,NA
12425,Ready to Move,Oct '17,2,N,NA,NA,1,1211250,12.1 Lac,NA,No/Rare Powercut,Monthly,NA,NA,NA,425,NA,2850,NA,Kalyan East,East Facing Property,Sq-ft,Y,Freehold,Furnished,1,NA,East,Main Road,Resale,2 of 4 Floor,Apartment,Thane,1,Owner,4,Water Availability 24 Hours Available,F,425,NA,Y,Bachelors/Family,"Kalyan East, Thane",1 BHK Flat,Sq-ft,0,NA,1,NA,0,1,0,0,0,0,0,0,0,1,0,1,0,0,1,0,0,0,0,0,0,0,0,0,0,0,0,0,0,0,0,0,0,0,0,0,0,0,0,0,0,0,0,0,0,0,0,0,0,0,0,0,0,0,0,0,0,0,0,0,0,0,0,0,0,0,0,0,0,0,0,0,0,0,0,0,0,0,0,0,0,0,0,0,0,0,0,0,0,0,NA,NA,NA,NA,NA
12424,Ready to Move,NA,2,Y,NA,ABAMNC,NA,1300000,13 Lac,Vitrified,No/Rare Powercut,Monthly,800,51000,Holly Cross,455,NA,2857,345,Kalyan East,NA,Sq-ft,Y,Freehold,Unfurnished,1,1 Covered,North - East,Main Road,Resale,2 of 4 Floor,Residential House,Thane,1,Owner,4,Water Availability 24 Hours Available,F,455,Sq-ft,Y,Bachelors/Family,NA,NA,Sq-ft,0,New Construction,2,NA,0,1,0,0,0,0,1,0,1,0,0,0,0,0,1,0,0,0,0,0,0,0,0,0,0,0,0,0,0,0,0,0,0,0,0,0,0,0,0,0,0,0,0,0,0,0,0,0,0,0,0,0,0,0,0,0,0,0,0,0,0,0,0,0,0,0,0,0,0,0,0,0,0,0,0,0,0,0,0,0,0,0,0,0,0,0,0,0,0,0,NA,NA,NA,NA,NA
12423,Ready to Move,NA,2,N,MATHRE ENTERPRISE,NA,NA,1800000,18 Lac,NA,NA,NA,NA,100000,Namaskar Dhaba,500,Ambika Apartment,3600,490,Kalyan East,East Facing Property,Sq-ft,N,Co-operative Society,Unfurnished,1,NA,East,NA,Resale,2 of 4 Floor,Apartment,Thane,1,Owner,4,NA,F,500,Sq-ft,Y,Bachelors/Family,"Kalyan East, Thane",1 BHK Flat,Sq-ft,0,5 to 10 years,1,NA,1,1,1,1,1,1,1,1,1,1,1,1,1,1,1,1,1,1,1,1,1,1,1,1,1,1,1,1,1,1,1,1,1,1,1,1,1,1,1,1,1,1,1,1,1,1,1,1,1,1,1,1,1,1,1,1,1,1,1,1,1,1,1,1,1,1,1,1,1,1,1,1,1,1,1,1,1,1,1,1,1,1,1,1,1,1,1,1,1,1,NA,NA,NA,NA,NA
12422,Ready to Move,NA,1,N,Shree Ganesh Builders & Developers,NA,NA,3500000,35 Lac,NA,NA,NA,NA,NA,NA,550,Shree Ganesh  Apartment,6364,NA,Kalyan East,NA,Sq-ft,N,NA,Unfurnished,1,NA,NA,NA,Resale,1 of 4 Floor,Apartment,Thane,1,Owner,4,NA,F,550,NA,Y,Bachelors/Family,"Kalyan East, Thane",1 BHK Flat,Sq-ft,0,NA,NA,NA,0,0,0,0,0,0,0,0,0,0,0,0,0,0,0,0,0,0,0,0,0,0,0,0,0,0,0,0,0,0,0,0,0,0,0,0,0,0,0,0,0,0,0,0,0,0,0,0,0,0,0,0,0,0,0,0,0,0,0,0,0,0,0,0,0,0,0,0,0,0,0,0,0,0,0,0,0,0,0,0,0,0,0,0,0,0,0,0,0,0,NA,NA,NA,NA,NA
12421,Ready to Move,NA,5,N,NA,NA,NA,8500000,85 Lac,NA,NA,NA,NA,NA,NA,865,NA,9827,NA,Kalyan East,NA,Sq-ft,N,NA,Semi-Furnished,2,NA,NA,NA,Resale,5 of 7 Floor,Apartment,Thane,2,Owner,7,NA,F,865,NA,Y,Bachelors/Family,"Kalyan East, Thane",2 BHK Flat,Sq-ft,0,NA,NA,NA,0,0,0,0,0,0,0,0,0,0,0,0,0,0,0,0,0,0,0,0,0,0,0,0,0,0,0,0,0,0,0,0,0,0,0,0,0,0,0,0,0,0,0,0,0,0,0,0,0,0,0,0,0,0,0,0,0,0,0,0,0,0,0,0,0,0,0,0,0,0,0,0,0,0,0,0,0,0,0,0,0,0,0,0,0,0,0,0,0,0,NA,NA,NA,NA,NA
12420,Ready to Move,NA,3,N,The Wadhwa Group,NA,NA,2200000,22 Lac,Marble,NA,NA,NA,NA,NA,650,Wadhwa Mahek Residency,3385,430,Nandivali Gaon,East Facing Property,Sq-ft,N,Freehold,Unfurnished,1,NA,East,NA,New Property,3 of 4 Floor,Apartment,Thane,1,Owner,4,NA,F,650,Sq-ft,Y,Bachelors/Family,"Nandivali Gaon, Thane",1 BHK Flat,Sq-ft,0,Less than 5 years,2,NA,0,0,0,0,0,0,0,0,0,0,0,0,0,0,0,0,0,0,0,0,0,0,0,0,0,0,0,0,0,0,0,0,0,0,0,0,0,0,0,0,0,0,0,0,0,0,0,0,0,0,0,0,0,0,0,0,0,0,0,0,0,0,0,0,0,0,0,0,0,0,0,0,0,0,0,0,0,0,0,0,0,0,0,0,0,0,0,0,0,0,NA,NA,NA,NA,NA
12419,Under Construction,May '24,NA,Y,Mali Infra,NA,NA,2715125,27.2 Lac,NA,No/Rare Powercut,NA,NA,NA,NA,545,Mali Pinnacle,4982,376,Kalyan East,NA,Sq-ft,N,NA,Unfurnished,1,1 Open,NA,NA,New Property,NA,Apartment,Thane,1,Builder,NA,Water Availability 24 Hours Available,F,545,Sq-ft,Y,Bachelors/Family,"Kalyan East, Thane",1 BHK Flat,Sq-ft,0,NA,NA,NA,0,0,0,0,0,0,0,0,0,0,0,0,0,0,0,0,0,0,0,0,0,0,0,0,0,0,0,0,0,0,0,0,0,0,0,0,0,0,0,0,0,0,0,0,0,0,0,0,0,0,0,0,0,0,0,0,0,0,0,0,0,0,0,0,0,0,0,0,0,0,0,0,0,0,0,0,0,0,0,0,0,0,0,0,0,0,0,0,0,0,NA,NA,NA,NA,NA
12418,Ready to Move,NA,1,N,Shiv Shambho Construction,NA,NA,1700000,17 Lac,NA,NA,NA,NA,NA,NA,450,Shiv Shambho Apartment,3778,NA,Kalyan East,NA,Sq-ft,N,NA,Unfurnished,1,NA,NA,NA,Resale,1 of 14 Floor,Apartment,Thane,1,Owner,14,NA,F,450,NA,Y,Bachelors/Family,"Kalyan East, Thane",1 BHK Flat,Sq-ft,0,NA,NA,NA,0,0,0,0,0,0,0,0,0,0,0,0,0,0,0,0,0,0,0,0,0,0,0,0,0,0,0,0,0,0,0,0,0,0,0,0,0,0,0,0,0,0,0,0,0,0,0,0,0,0,0,0,0,0,0,0,0,0,0,0,0,0,0,0,0,0,0,0,0,0,0,0,0,0,0,0,0,0,0,0,0,0,0,0,0,0,0,0,0,0,NA,NA,NA,NA,NA
12417,Ready to Move,NA,1,N,Hindustan Enterprise,NA,NA,2700000,27 Lac,NA,NA,NA,NA,NA,NA,565,Swastik Apartment,4779,NA,Kalyan East,NA,Sq-ft,N,NA,Unfurnished,1,NA,NA,NA,Resale,1 of 5 Floor,Apartment,Thane,2,Owner,5,NA,F,565,NA,N,Bachelors/Family,"Kalyan East, Thane",2 BHK Flat,Sq-ft,0,NA,NA,NA,0,0,0,0,0,0,0,0,0,0,0,0,0,0,0,0,0,0,0,0,0,0,0,0,0,0,0,0,0,0,0,0,0,0,0,0,0,0,0,0,0,0,0,0,0,0,0,0,0,0,0,0,0,0,0,0,0,0,0,0,0,0,0,0,0,0,0,0,0,0,0,0,0,0,0,0,0,0,0,0,0,0,0,0,0,0,0,0,0,0,NA,NA,NA,NA,NA
12416,Ready to Move,NA,2,N,Vaishnavi Developers,NA,NA,2100000,21 Lac,NA,NA,NA,NA,NA,NA,592,Vaishnavi Pride,3547,NA,Kalyan East,NA,Sq-ft,N,NA,Unfurnished,1,1 Open,South,NA,Resale,2 of 4 Floor,Apartment,Thane,1,Owner,4,NA,F,592,NA,N,Bachelors/Family,"Kalyan East, Thane",1 BHK Flat,Sq-ft,0,5 to 10 years,NA,NA,0,0,0,0,0,0,0,0,0,0,0,0,0,0,0,0,0,0,0,0,0,0,0,0,0,0,0,0,0,0,0,0,0,0,0,0,0,0,0,0,0,0,0,0,0,0,0,0,0,0,0,0,0,0,0,0,0,0,0,0,0,0,0,0,0,0,0,0,0,0,0,0,0,0,0,0,0,0,0,0,0,0,0,0,0,0,0,0,0,0,NA,NA,NA,NA,NA
12415,Ready to Move,NA,4,N,Balaji Group,NA,NA,2200000,22 Lac,NA,NA,NA,NA,NA,NA,470,Balaji Paradise,4681,NA,Kalyan East,NA,Sq-ft,N,NA,Unfurnished,1,NA,NA,NA,Resale,4 of 5 Floor,Apartment,Thane,1,Owner,5,NA,F,470,NA,N,Bachelors/Family,"Kalyan East, Thane",1 BHK Flat,Sq-ft,0,NA,NA,NA,0,0,0,0,0,0,0,0,0,0,0,0,0,0,0,0,0,0,0,0,0,0,0,0,0,0,0,0,0,0,0,0,0,0,0,0,0,0,0,0,0,0,0,0,0,0,0,0,0,0,0,0,0,0,0,0,0,0,0,0,0,0,0,0,0,0,0,0,0,0,0,0,0,0,0,0,0,0,0,0,0,0,0,0,0,0,0,0,0,0,NA,NA,NA,NA,NA
12414,Ready to Move,NA,3,N,Lok Group,NA,NA,4500000,45 Lac,NA,NA,Monthly,620,NA,near Kalu apartments,565,Lok Dhara Phase III,7965,500,Kalyan East,East Facing Property,Sq-ft,N,Freehold,Unfurnished,1,NA,East,NA,Resale,3 of 4 Floor,Apartment,Thane,2,Owner,4,NA,F,565,Sq-ft,N,Bachelors/Family,"Kalyan East, Thane",2 BHK Flat,Sq-ft,0,15 to 20 years,1,NA,0,0,0,0,0,0,0,0,0,0,0,0,0,0,0,0,0,0,0,0,0,0,0,0,0,0,0,0,0,0,0,0,0,0,0,0,0,0,0,0,0,0,0,0,0,0,0,0,0,0,0,0,0,0,0,0,0,0,0,0,0,0,0,0,0,0,0,0,0,0,0,0,0,0,0,0,0,0,0,0,0,0,0,0,0,0,0,0,0,0,NA,NA,NA,NA,NA
12413,Ready to Move,NA,4,N,Madan Chikankar,NA,NA,3800000,38 Lac,NA,NA,NA,NA,NA,NA,700,Sai Samarth,5429,NA,Kalyan East,NA,Sq-ft,N,NA,Furnished,2,"1 Covered, 1 Open",NA,NA,Resale,4 of 4 Floor,Apartment,Thane,2,Owner,4,NA,F,700,NA,N,Bachelors/Family,"Kalyan East, Thane",2 BHK Flat,Sq-ft,0,5 to 10 years,NA,NA,0,0,0,0,0,0,0,0,0,0,0,0,0,0,0,0,0,0,0,0,0,0,0,0,0,0,0,0,0,0,0,0,0,0,0,0,0,0,0,0,0,0,0,0,0,0,0,0,0,0,0,0,0,0,0,0,0,0,0,0,0,0,0,0,0,0,0,0,0,0,0,0,0,0,0,0,0,0,0,0,0,0,0,0,0,0,0,0,0,0,NA,NA,NA,NA,NA
12412,Ready to Move,NA,1,N,Shree Krishna Developer,NA,NA,2800000,28 Lac,NA,NA,NA,NA,NA,NA,575,Sai Plaza,4870,470,Nandivali Gaon,NA,Sq-ft,N,NA,Unfurnished,1,NA,NA,NA,Resale,1 of 4 Floor,Apartment,Thane,1,Owner,4,NA,F,575,Sq-ft,N,Bachelors/Family,"Nandivali Gaon, Thane",1 BHK Flat,Sq-ft,0,5 to 10 years,NA,NA,0,0,0,0,0,0,0,0,0,0,0,0,0,0,0,0,0,0,0,0,0,0,0,0,0,0,0,0,0,0,0,0,0,0,0,0,0,0,0,0,0,0,0,0,0,0,0,0,0,0,0,0,0,0,0,0,0,0,0,0,0,0,0,0,0,0,0,0,0,0,0,0,0,0,0,0,0,0,0,0,0,0,0,0,0,0,0,0,0,0,NA,NA,NA,NA,NA
12411,Ready to Move,NA,7,N,Balaji Constructions,NA,NA,4000000,40 Lac,NA,NA,NA,NA,NA,NA,525,Balaji Apartment,7619,NA,Kalyan East,NA,Sq-ft,N,NA,Unfurnished,1,NA,NA,NA,Resale,7 of 8 Floor,Apartment,Thane,1,Owner,8,NA,F,525,NA,N,Bachelors/Family,"Kalyan East, Thane",1 BHK Flat,Sq-ft,0,NA,NA,NA,0,0,0,0,0,0,0,0,0,0,0,0,0,0,0,0,0,0,0,0,0,0,0,0,0,0,0,0,0,0,0,0,0,0,0,0,0,0,0,0,0,0,0,0,0,0,0,0,0,0,0,0,0,0,0,0,0,0,0,0,0,0,0,0,0,0,0,0,0,0,0,0,0,0,0,0,0,0,0,0,0,0,0,0,0,0,0,0,0,0,NA,NA,NA,NA,NA
12410,Ready to Move,NA,2,N,NA,NA,NA,3500000,35 Lac,NA,NA,NA,NA,NA,NA,728,NA,4808,NA,Kalyan East,NA,Sq-ft,N,NA,Unfurnished,2,NA,NA,NA,Resale,2 of 4 Floor,Apartment,Thane,1,Owner,4,NA,F,728,NA,N,Bachelors/Family,"Kalyan East, Thane",1 BHK Flat,Sq-ft,0,NA,2,NA,0,0,0,0,0,0,0,0,0,0,0,0,0,0,0,0,0,0,0,0,0,0,0,0,0,0,0,0,0,0,0,0,0,0,0,0,0,0,0,0,0,0,0,0,0,0,0,0,0,0,0,0,0,0,0,0,0,0,0,0,0,0,0,0,0,0,0,0,0,0,0,0,0,0,0,0,0,0,0,0,0,0,0,0,0,0,0,0,0,0,NA,NA,NA,NA,NA
12409,Ready to Move,NA,3,N,Famous Builders And Developers,NA,NA,1800000,18 Lac,NA,NA,NA,NA,NA,Lokmanya Nagar Pada No 2,300,Sai Leela,6000,250,Kalyan East,East Facing Property,Sq-ft,N,Co-operative Society,Semi-Furnished,1,NA,East,NA,New Property,3 of 4 Floor,Apartment,Thane,1,Owner,4,NA,F,300,Sq-ft,N,Bachelors/Family,"Kalyan East, Thane",1 BHK Flat,Sq-ft,0,New Construction,NA,NA,0,0,0,0,0,0,0,0,0,1,0,0,0,0,0,0,0,0,0,0,0,0,0,0,0,0,0,0,0,0,0,0,0,0,0,0,0,0,0,0,0,0,0,0,0,0,0,0,0,0,0,0,0,0,0,0,0,0,0,0,0,0,0,0,0,0,0,0,0,0,0,0,0,0,0,0,0,0,0,0,0,0,0,0,0,0,0,0,0,0,NA,NA,NA,NA,NA
12408,Ready to Move,NA,6,N,Sai Developer,NA,NA,4200000,42 Lac,NA,NA,NA,NA,NA,NA,600,Sai Villa,7000,NA,Kalyan East,NA,Sq-ft,N,NA,Unfurnished,1,NA,NA,NA,Resale,6 of 8 Floor,Apartment,Thane,1,Owner,8,NA,F,600,NA,N,Bachelors/Family,"Kalyan East, Thane",1 BHK Flat,Sq-ft,0,NA,NA,NA,0,0,0,0,0,0,0,0,0,0,0,0,0,0,0,0,0,0,0,0,0,0,0,0,0,0,0,0,0,0,0,0,0,0,0,0,0,0,0,0,0,0,0,0,0,0,0,0,0,0,0,0,0,0,0,0,0,0,0,0,0,0,0,0,0,0,0,0,0,0,0,0,0,0,0,0,0,0,0,0,0,0,0,0,0,0,0,0,0,0,NA,NA,NA,NA,NA
12407,NA,NA,6,N,Tisai Builders and Developers,NA,NA,4600000,46 Lac,NA,NA,Monthly,1200,NA,NA,1000,Vaishnavi Apartment,4600,NA,Kalyan East,NA,Sq-ft,N,NA,Unfurnished,2,NA,NA,NA,Resale,6 of 7 Floor,Apartment,Thane,2,Owner,7,NA,F,1000,NA,N,Bachelors/Family,"Kalyan East, Thane",2 BHK Flat,Sq-ft,0,NA,2,NA,0,0,0,0,0,0,0,0,0,0,0,0,0,0,0,0,0,0,0,0,0,0,0,0,0,0,0,0,0,0,0,0,0,0,0,0,0,0,0,0,0,0,0,0,0,0,0,0,0,0,0,0,0,0,0,0,0,0,0,0,0,0,0,0,0,0,0,0,0,0,0,0,0,0,0,0,0,0,0,0,0,0,0,0,0,0,0,0,0,0,NA,NA,NA,NA,NA
12406,Ready to Move,NA,1,Y,Balaji Constructions,ABAMNC,NA,4100000,41 Lac,Normal Tiles/Kotah Stone,NA,NA,NA,NA,Near Aai Mata Temple,555,Balaji Apartment,7387,420,Kalyan East,NA,Sq-ft,N,Freehold,Unfurnished,1,NA,NA,Garden/Park,Resale,1 of 7 Floor,Apartment,Thane,1,Owner,7,NA,F,555,Sq-ft,N,Bachelors/Family,"Kalyan East, Thane",1 BHK Flat,Sq-ft,0,10 to 15 years,1,NA,0,1,1,0,0,0,0,0,0,1,1,0,1,0,0,0,0,1,1,1,0,0,0,1,0,0,0,1,0,0,0,0,0,0,0,0,0,0,0,0,0,0,0,0,0,0,0,0,0,0,0,0,0,0,0,0,0,0,0,0,0,0,0,0,0,0,0,0,0,0,0,0,0,0,0,0,0,0,0,0,0,0,0,0,0,0,0,0,0,0,NA,NA,NA,NA,NA
12405,Ready to Move,NA,4,Y,NA,ABARWA,NA,3300000,33 Lac,NA,No/Rare Powercut,Monthly,NA,NA,NA,575,NA,5739,NA,Kalyan East,NA,Sq-ft,N,NA,Unfurnished,1,NA,NA,Main Road,Resale,4 of 5 Floor,Apartment,Thane,1,Owner,5,NA,F,575,NA,N,Bachelors/Family,"Kalyan East, Thane",1 BHK Flat,Sq-ft,0,5 to 10 years,2,NA,1,1,1,1,1,1,1,1,1,1,1,1,1,1,1,1,1,1,1,1,1,1,1,1,1,1,1,1,1,1,1,1,1,1,1,1,1,1,1,1,1,1,1,1,1,1,1,1,1,1,1,1,1,1,1,1,1,1,1,1,1,1,1,1,1,1,1,1,1,1,1,1,1,1,1,1,1,1,1,1,1,1,1,1,1,1,1,1,1,1,NA,NA,NA,NA,NA
12404,Under Construction,Dec '25,13,Y,Kohinoor Group,TMC,NA,3200000,32 Lac,Vitrified,No/Rare Powercut,Monthly,0,320000,off Hanimang road,NA,Kohinoor Eden,NA,385,Kalyan East,NA,NA,Y,Freehold,Unfurnished,1,NA,East,"Garden/Park, Pool",New Property,13 of 24 Floor,Apartment,Thane,1,Agent,24,Water Availability 24 Hours Available,F,NA,Sq-ft,Y,Bachelors/Family,"Kalyan East, Thane",1 BHK Flat,NA,0,NA,1,NA,1,1,1,1,1,1,1,1,1,1,1,1,1,1,1,1,1,1,1,1,1,1,1,1,1,1,1,1,1,1,1,1,1,1,1,1,1,1,1,1,1,1,1,1,1,1,1,1,1,1,1,1,1,1,1,1,1,1,1,1,1,1,1,1,1,1,1,1,1,1,1,1,1,1,1,1,1,1,1,1,1,1,1,1,1,1,1,1,1,1,NA,NA,NA,NA,NA
12403,Ready to Move,NA,3,N,NA,NA,NA,2200000,22 Lac,NA,NA,NA,NA,NA,NA,485,NA,4536,NA,Kalyan East,NA,Sq-ft,N,NA,Unfurnished,1,NA,NA,NA,Resale,3 of 4 Floor,Builder Floor Apartment,Thane,1,Owner,4,NA,F,485,NA,N,Bachelors/Family,"Kalyan East, Thane",1 BHK Flat,Sq-ft,0,NA,NA,NA,0,0,0,0,0,0,0,0,0,0,0,0,0,0,0,0,0,0,0,0,0,0,0,0,0,0,0,0,0,0,0,0,0,0,0,0,0,0,0,0,0,0,0,0,0,0,0,0,0,0,0,0,0,0,0,0,0,0,0,0,0,0,0,0,0,0,0,0,0,0,0,0,0,0,0,0,0,0,0,0,0,0,0,0,0,0,0,0,0,0,NA,NA,NA,NA,NA
12402,Ready to Move,NA,1,N,NA,NA,NA,2500000,25 Lac,NA,NA,NA,NA,NA,NA,500,NA,5000,NA,Kalyan East,NA,Sq-ft,N,NA,Unfurnished,1,NA,NA,NA,Resale,1 of 4 Floor,Apartment,Thane,1,Owner,4,NA,F,500,NA,N,Bachelors/Family,"Kalyan East, Thane",1 BHK Flat,Sq-ft,0,NA,NA,NA,0,0,0,0,0,0,0,0,0,0,0,0,0,0,0,0,0,0,0,0,0,0,0,0,0,0,0,0,0,0,0,0,0,0,0,0,0,0,0,0,0,0,0,0,0,0,0,0,0,0,0,0,0,0,0,0,0,0,0,0,0,0,0,0,0,0,0,0,0,0,0,0,0,0,0,0,0,0,0,0,0,0,0,0,0,0,0,0,0,0,NA,NA,NA,NA,NA
12401,Ready to Move,NA,Ground,N,NA,NA,NA,2000000,20 Lac,NA,NA,NA,NA,NA,NA,500,NA,4000,NA,Kalyan East,NA,Sq-ft,N,NA,Semi-Furnished,1,NA,NA,NA,Resale,Ground of 4 Floor,Apartment,Thane,1,Owner,4,NA,F,500,NA,N,Bachelors/Family,"Kalyan East, Thane",1 BHK Flat,Sq-ft,0,NA,NA,NA,0,0,0,0,0,0,0,0,0,0,0,0,0,0,0,0,0,0,0,0,0,0,0,0,0,0,0,0,0,0,0,0,0,0,0,0,0,0,0,0,0,0,0,0,0,0,0,0,0,0,0,0,0,0,0,0,0,0,0,0,0,0,0,0,0,0,0,0,0,0,0,0,0,0,0,0,0,0,0,0,0,0,0,0,0,0,0,0,0,0,NA,NA,NA,NA,NA
12400,Ready to Move,NA,3,N,NA,KDMC,NA,3200000,32 Lac,NA,NA,NA,NA,NA,NA,548,NA,5839,NA,Kalyan East,NA,Sq-ft,N,NA,Semi-Furnished,1,NA,NA,NA,Resale,3 of 3 Floor,Builder Floor Apartment,Thane,1,Owner,3,NA,F,548,NA,N,Bachelors/Family,"Kalyan East, Thane",1 BHK Flat,Sq-ft,0,NA,NA,NA,0,0,0,0,0,0,0,0,0,0,0,0,0,0,0,0,0,0,0,0,0,0,0,0,0,0,0,0,0,0,0,0,0,0,0,0,0,0,0,0,0,0,0,0,0,0,0,0,0,0,0,0,0,0,0,0,0,0,0,0,0,0,0,0,0,0,0,0,0,0,0,0,0,0,0,0,0,0,0,0,0,0,0,0,0,0,0,0,0,0,NA,NA,NA,NA,NA
12399,Ready to Move,NA,2,N,NA,NA,NA,3250000,32.5 Lac,NA,NA,NA,NA,NA,NA,645,NA,5039,NA,Kalyan East,NA,Sq-ft,N,NA,Semi-Furnished,1,NA,NA,NA,Resale,2 of 5 Floor,Apartment,Thane,2,Owner,5,NA,F,645,NA,N,Bachelors/Family,"Kalyan East, Thane",2 BHK Flat,Sq-ft,0,NA,NA,NA,0,0,0,0,0,0,0,0,0,0,0,0,0,0,0,0,0,0,0,0,0,0,0,0,0,0,0,0,0,0,0,0,0,0,0,0,0,0,0,0,0,0,0,0,0,0,0,0,0,0,0,0,0,0,0,0,0,0,0,0,0,0,0,0,0,0,0,0,0,0,0,0,0,0,0,0,0,0,0,0,0,0,0,0,0,0,0,0,0,0,NA,NA,NA,NA,NA
12398,Ready to Move,NA,2,N,NA,NA,NA,1350000,13.5 Lac,NA,NA,NA,NA,NA,NA,351,NA,3846,NA,Kalyan East,NA,Sq-ft,N,NA,Unfurnished,1,NA,NA,NA,Resale,2 of 4 Floor,Apartment,Thane,1,Owner,4,NA,F,351,NA,N,Bachelors/Family,"Kalyan East, Thane",1 BHK Flat,Sq-ft,0,NA,NA,NA,0,0,0,0,0,0,0,0,0,0,0,0,0,0,0,0,0,0,0,0,0,0,0,0,0,0,0,0,0,0,0,0,0,0,0,0,0,0,0,0,0,0,0,0,0,0,0,0,0,0,0,0,0,0,0,0,0,0,0,0,0,0,0,0,0,0,0,0,0,0,0,0,0,0,0,0,0,0,0,0,0,0,0,0,0,0,0,0,0,0,NA,NA,NA,NA,NA
12397,Ready to Move,NA,3,N,NA,NA,NA,2200000,22 Lac,NA,NA,Monthly,500,NA,balaji jwellers,500,NA,4400,478,Kalyan East,NA,Sq-ft,N,NA,Semi-Furnished,1,NA,NA,Main Road,Resale,3 of 3 Floor,Apartment,Kalyan,2,Owner,3,NA,F,500,Sq-ft,Y,Bachelors/Family,"Kalyan East, Kalyan",2 BHK Flat,Sq-ft,0,Less than 5 years,NA,NA,0,0,0,0,0,0,0,0,0,0,0,0,0,0,0,0,0,0,0,0,0,0,0,0,0,0,0,0,0,0,0,0,0,0,0,0,0,0,0,0,0,0,0,0,0,0,0,0,0,0,0,0,0,0,0,0,0,0,0,0,0,0,0,0,0,0,0,0,0,0,0,0,0,0,0,0,0,0,0,0,0,0,0,0,0,0,0,0,0,0,NA,NA,NA,NA,NA
12396,Ready to Move,NA,4,N,NA,NA,NA,2800000,28 Lac,NA,NA,NA,NA,50000,NA,NA,Ayush Heights,NA,310,Kalyan East,NA,NA,N,Co-operative Society,Unfurnished,1,NA,NA,Main Road,Resale,4 of 7 Floor,Apartment,Thane,1,Owner,7,NA,F,NA,Sq-ft,Y,Bachelors/Family,"Kalyan East, Thane",1 BHK Flat,NA,0,5 to 10 years,NA,NA,0,1,0,0,0,0,0,0,0,0,0,0,0,0,0,0,0,0,0,0,0,0,0,0,0,0,0,0,0,0,0,0,0,0,0,0,0,0,0,0,0,0,0,0,0,0,0,0,0,0,0,0,0,0,0,0,0,0,0,0,0,0,0,0,0,0,0,0,0,0,0,0,0,0,0,0,0,0,0,0,0,0,0,0,0,0,0,0,0,0,NA,NA,NA,NA,NA
12395,Ready to Move,NA,4,N,NA,NA,NA,9500000,95 Lac,NA,NA,NA,NA,NA,NA,1000,Royal Residency,9500,NA,Kalyan East,NA,Sq-ft,N,NA,Semi-Furnished,2,NA,NA,NA,Resale,4 of 14 Floor,Apartment,Thane,2,Owner,14,NA,F,1000,NA,Y,Bachelors/Family,"Kalyan East, Thane",2 BHK Flat,Sq-ft,0,NA,NA,NA,0,0,0,0,0,0,0,0,0,0,0,0,0,0,0,0,0,0,0,0,0,0,0,0,0,0,0,0,0,0,0,0,0,0,0,0,0,0,0,0,0,0,0,0,0,0,0,0,0,0,0,0,0,0,0,0,0,0,0,0,0,0,0,0,0,0,0,0,0,0,0,0,0,0,0,0,0,0,0,0,0,0,0,0,0,0,0,0,0,0,NA,NA,NA,NA,NA
12394,Ready to Move,NA,3,N,NA,NA,NA,3100000,31 Lac,"Marble,Vitrified",NA,NA,NA,NA,Tata power station,540,NA,5741,NA,Kalyan East,East Facing Property,Sq-ft,N,Co-operative Society,Unfurnished,1,NA,East,NA,Resale,3 of 7 Floor,Apartment,Mumbai,1,Owner,7,NA,F,540,NA,Y,Bachelors/Family,"Kalyan East, Mumbai",1 BHK Flat,Sq-ft,0,15 to 20 years,NA,NA,1,1,1,1,1,1,1,1,1,1,1,1,1,1,1,1,1,1,1,1,1,1,1,1,1,1,1,1,1,1,1,1,1,1,1,1,1,1,1,1,1,1,1,1,1,1,1,1,1,1,1,1,1,1,1,1,1,1,1,1,1,1,1,1,1,1,1,1,1,1,1,1,1,1,1,1,1,1,1,1,1,1,1,1,1,1,1,1,1,1,NA,NA,NA,NA,NA
12393,Ready to Move,NA,10,N,Rai Residency Pvt. Ltd.,NA,NA,5200000,52 Lac,Ceramic Tiles,NA,NA,NA,NA,NA,620,Rais Valley,8387,NA,Kalyan East,East Facing Property,Sq-ft,N,Co-operative Society,Unfurnished,2,1 Open,East,"Garden/Park, Main Road",Resale,10 of 14 Floor,Apartment,Thane,1,Owner,14,NA,F,620,NA,Y,Bachelors/Family,"Kalyan East, Thane",1 BHK Flat,Sq-ft,0,Less than 5 years,3,NA,0,0,0,0,0,0,0,0,0,0,0,0,0,0,0,0,0,0,0,0,0,0,0,0,0,0,0,0,0,0,0,0,0,0,0,0,0,0,0,0,0,0,0,0,0,0,0,0,0,0,0,0,0,0,0,0,0,0,0,0,0,0,0,0,0,0,0,0,0,0,0,0,0,0,0,0,0,0,0,0,0,0,0,0,0,0,0,0,0,0,NA,NA,NA,NA,NA
12392,Ready to Move,NA,3,N,NA,NA,NA,6000000,60 Lac,NA,NA,NA,NA,NA,NA,950,NA,6316,NA,Kalyan East,NA,Sq-ft,N,NA,Unfurnished,2,NA,NA,NA,Resale,3 of 7 Floor,Apartment,Thane,2,Owner,7,NA,F,950,NA,Y,Bachelors/Family,"Kalyan East, Thane",2 BHK Flat,Sq-ft,0,NA,NA,NA,0,0,0,0,0,0,0,0,0,0,0,0,0,0,0,0,0,0,0,0,0,0,0,0,0,0,0,0,0,0,0,0,0,0,0,0,0,0,0,0,0,0,0,0,0,0,0,0,0,0,0,0,0,0,0,0,0,0,0,0,0,0,0,0,0,0,0,0,0,0,0,0,0,0,0,0,0,0,0,0,0,0,0,0,0,0,0,0,0,0,NA,NA,NA,NA,NA
12391,Ready to Move,NA,1,N,NA,NA,1,5400000,54 Lac,NA,NA,Monthly,1000,NA,"na Near Jarimari school ,Vijaynagar bus rikshw stand",798,NA,6766,639,Kalyan East,NA,Sq-ft,N,NA,Unfurnished,2,NA,NA,NA,Resale,1 of 4 Floor,Apartment,Thane,2,Owner,4,NA,F,798,Sq-ft,Y,Bachelors/Family,"Kalyan East, Thane",2 BHK Flat,Sq-ft,0,Less than 5 years,1,NA,0,0,0,0,0,0,0,0,0,0,0,0,0,0,0,0,0,0,0,0,0,0,0,0,0,0,0,0,0,0,0,0,0,0,0,0,0,0,0,0,0,0,0,0,0,0,0,0,0,0,0,0,0,0,0,0,0,0,0,0,0,0,0,0,0,0,0,0,0,0,0,0,0,0,0,0,0,0,0,0,0,0,0,0,0,0,0,0,0,0,NA,NA,NA,NA,NA
12390,Ready to Move,NA,1,N,NA,NA,NA,1225000,12.3 Lac,NA,NA,NA,NA,NA,NA,350,NA,3500,NA,Kalyan East,NA,Sq-ft,N,NA,Unfurnished,1,NA,NA,NA,Resale,1 of 5 Floor,Builder Floor Apartment,Thane,1,Owner,5,NA,F,350,NA,Y,Bachelors/Family,"Kalyan East, Thane",1 BHK Flat,Sq-ft,0,NA,NA,NA,0,0,0,0,0,0,0,0,0,0,0,0,0,0,0,0,0,0,0,0,0,0,0,0,0,0,0,0,0,0,0,0,0,0,0,0,0,0,0,0,0,0,0,0,0,0,0,0,0,0,0,0,0,0,0,0,0,0,0,0,0,0,0,0,0,0,0,0,0,0,0,0,0,0,0,0,0,0,0,0,0,0,0,0,0,0,0,0,0,0,NA,NA,NA,NA,NA
12389,Ready to Move,NA,3,N,NA,NA,NA,3100000,31 Lac,NA,NA,NA,NA,NA,NA,675,NA,4593,NA,Kalyan East,NA,Sq-ft,N,NA,Semi-Furnished,1,NA,NA,NA,Resale,3 of 4 Floor,Apartment,Thane,1,Owner,4,NA,F,675,NA,Y,Bachelors/Family,"Kalyan East, Thane",1 BHK Flat,Sq-ft,0,NA,NA,NA,0,0,0,0,0,0,0,0,0,0,0,0,0,0,0,0,0,0,0,0,0,0,0,0,0,0,0,0,0,0,0,0,0,0,0,0,0,0,0,0,0,0,0,0,0,0,0,0,0,0,0,0,0,0,0,0,0,0,0,0,0,0,0,0,0,0,0,0,0,0,0,0,0,0,0,0,0,0,0,0,0,0,0,0,0,0,0,0,0,0,NA,NA,NA,NA,NA
12388,Ready to Move,NA,2,N,Shiv Shambho Construction,KDMC,0,1400000,14 Lac,Vitrified,Less Than 2 Hour Powercut,Monthly,NA,NA,Next to Suman Multispeciality Hospital,400,Shiv Shambho Apartment,3500,NA,Kalyan East,NA,Sq-ft,N,Freehold,Semi-Furnished,1,NA,North - East,Main Road,Resale,2 of 3 Floor,Builder Floor Apartment,Thane,1,Owner,3,Water Availability 24 Hours Available,F,400,NA,Y,Bachelors/Family,"Kalyan East, Thane",1 BHK Flat,Sq-ft,0,NA,NA,NA,1,1,1,1,1,1,1,1,1,1,1,1,1,1,1,1,1,1,1,1,1,1,1,1,1,1,1,1,1,1,1,1,1,1,1,1,1,1,1,1,1,1,1,1,1,1,1,1,1,1,1,1,1,1,1,1,1,1,1,1,1,1,1,1,1,1,1,1,1,1,1,1,1,1,1,1,1,1,1,1,1,1,1,1,1,1,1,1,1,1,NA,NA,NA,NA,NA
12387,Ready to Move,NA,Ground,N,NA,NA,NA,3700000,37 Lac,NA,NA,NA,NA,100000,Anmol garden,915,NA,4044,800,Kalyan East,East Facing Property,Sq-ft,N,Co-operative Society,Unfurnished,2,NA,East,Main Road,Resale,Ground of 4 Floor,Apartment,Kalyan,2,Owner,4,NA,F,915,Sq-ft,N,Bachelors/Family,"Kalyan East, Kalyan",2 BHK Flat,Sq-ft,0,5 to 10 years,4,NA,0,0,0,0,0,0,1,0,1,0,0,0,0,0,0,0,0,0,0,0,0,0,0,0,0,0,0,0,0,0,0,0,0,0,0,0,0,0,0,0,0,0,0,0,0,0,0,0,0,0,0,0,0,0,0,0,0,0,0,0,0,0,0,0,0,0,0,0,0,0,0,0,0,0,0,0,0,0,0,0,0,0,0,0,0,0,0,0,0,0,NA,NA,NA,NA,NA
12386,Ready to Move,NA,6,N,NA,NA,NA,5500000,55 Lac,NA,NA,NA,NA,NA,NA,733,NA,7503,NA,Kalyan East,NA,Sq-ft,N,NA,Unfurnished,1,NA,NA,NA,Resale,6 of 11 Floor,Apartment,Thane,2,Owner,11,NA,F,733,NA,N,Bachelors/Family,"Kalyan East, Thane",2 BHK Flat,Sq-ft,0,NA,NA,NA,0,0,0,0,0,0,0,0,0,0,0,0,0,0,0,0,0,0,0,0,0,0,0,0,0,0,0,0,0,0,0,0,0,0,0,0,0,0,0,0,0,0,0,0,0,0,0,0,0,0,0,0,0,0,0,0,0,0,0,0,0,0,0,0,0,0,0,0,0,0,0,0,0,0,0,0,0,0,0,0,0,0,0,0,0,0,0,0,0,0,NA,NA,NA,NA,NA
12385,Ready to Move,NA,1,N,NA,NA,NA,1900000,19 Lac,NA,NA,NA,NA,NA,NA,505,NA,3762,NA,Kalyan East,NA,Sq-ft,N,NA,Semi-Furnished,1,NA,NA,NA,Resale,1 of 5 Floor,Apartment,Thane,1,Owner,5,NA,F,505,NA,N,Bachelors/Family,"Kalyan East, Thane",1 BHK Flat,Sq-ft,0,NA,NA,NA,0,0,0,0,0,0,0,0,0,0,0,0,0,0,0,0,0,0,0,0,0,0,0,0,0,0,0,0,0,0,0,0,0,0,0,0,0,0,0,0,0,0,0,0,0,0,0,0,0,0,0,0,0,0,0,0,0,0,0,0,0,0,0,0,0,0,0,0,0,0,0,0,0,0,0,0,0,0,0,0,0,0,0,0,0,0,0,0,0,0,NA,NA,NA,NA,NA
12384,Ready to Move,NA,3,N,NA,NA,NA,1500000,15 Lac,NA,NA,NA,NA,NA,NA,390,NA,3846,NA,Kalyan East,NA,Sq-ft,N,NA,Unfurnished,1,NA,NA,NA,Resale,3 of 4 Floor,Builder Floor Apartment,Thane,1,Owner,4,NA,F,390,NA,N,Bachelors/Family,"Kalyan East, Thane",1 BHK Flat,Sq-ft,0,NA,NA,NA,0,0,0,0,0,0,0,0,0,0,0,0,0,0,0,0,0,0,0,0,0,0,0,0,0,0,0,0,0,0,0,0,0,0,0,0,0,0,0,0,0,0,0,0,0,0,0,0,0,0,0,0,0,0,0,0,0,0,0,0,0,0,0,0,0,0,0,0,0,0,0,0,0,0,0,0,0,0,0,0,0,0,0,0,0,0,0,0,0,0,NA,NA,NA,NA,NA
12383,Ready to Move,NA,3,N,NA,NA,NA,3350000,33.5 Lac,"Ceramic Tiles,Normal Tiles/Kotah Stone",NA,NA,NA,280000,"Nandivali talai, RTO office",670,NA,5000,460,Nandivali Gaon,NA,Sq-ft,N,Co-operative Society,Furnished,1,1 Open,South,NA,Resale,3 of 3 Floor,Apartment,Thane,2,Owner,3,NA,F,670,Sq-ft,N,Bachelors/Family,"Nandivali Gaon, Thane",2 BHK Flat,Sq-ft,0,New Construction,1,NA,1,1,1,1,1,1,1,1,1,1,1,1,1,1,1,1,1,1,1,1,1,1,1,1,1,1,1,1,1,1,1,1,1,1,1,1,1,1,1,1,1,1,1,1,1,1,1,1,1,1,1,1,1,1,1,1,1,1,1,1,1,1,1,1,1,1,1,1,1,1,1,1,1,1,1,1,1,1,1,1,1,1,1,1,1,1,1,1,1,1,NA,NA,NA,NA,NA
12382,Ready to Move,NA,Ground,N,NA,NA,NA,2160000,21.6 Lac,NA,NA,Monthly,500,NA,Gurukul High school,500,NA,4500,480,Kalyan East,Newly Constructed Property,Sq-ft,Y,NA,Unfurnished,1,NA,NA,"Garden/Park, Main Road",New Property,Ground of 3 Floor,Apartment,Thane,1,Owner,3,NA,F,500,Sq-ft,N,Bachelors/Family,"Kalyan East, Thane",1 BHK Flat,Sq-ft,0,Less than 5 years,NA,NA,0,0,0,0,0,0,0,0,0,0,0,0,0,0,0,0,0,0,0,0,0,0,0,0,0,0,0,0,0,0,0,0,0,0,0,0,0,0,0,0,0,0,0,0,0,0,0,0,0,0,0,0,0,0,0,0,0,0,0,0,0,0,0,0,0,0,0,0,0,0,0,0,0,0,0,0,0,0,0,0,0,0,0,0,0,0,0,0,0,0,NA,NA,NA,NA,NA
12381,Ready to Move,NA,2,N,NA,NA,NA,2500000,25 Lac,NA,NA,NA,NA,NA,NA,635,NA,3937,NA,Kalyan East,NA,Sq-ft,N,NA,Semi-Furnished,1,NA,NA,NA,Resale,2 of 4 Floor,Apartment,Thane,1,Owner,4,NA,F,635,NA,N,Bachelors/Family,"Kalyan East, Thane",1 BHK Flat,Sq-ft,0,NA,NA,NA,0,0,0,0,0,0,0,0,0,0,0,0,0,0,0,0,0,0,0,0,0,0,0,0,0,0,0,0,0,0,0,0,0,0,0,0,0,0,0,0,0,0,0,0,0,0,0,0,0,0,0,0,0,0,0,0,0,0,0,0,0,0,0,0,0,0,0,0,0,0,0,0,0,0,0,0,0,0,0,0,0,0,0,0,0,0,0,0,0,0,NA,NA,NA,NA,NA
12380,Ready to Move,NA,2,N,NA,NA,NA,2300000,23 Lac,NA,NA,NA,NA,NA,NA,525,NA,4381,NA,Kalyan East,NA,Sq-ft,N,NA,Semi-Furnished,1,NA,NA,NA,Resale,2 of 4 Floor,Apartment,Thane,1,Owner,4,NA,F,525,NA,N,Bachelors/Family,"Kalyan East, Thane",1 BHK Flat,Sq-ft,0,NA,NA,NA,0,0,0,0,0,0,0,0,0,0,0,0,0,0,0,0,0,0,0,0,0,0,0,0,0,0,0,0,0,0,0,0,0,0,0,0,0,0,0,0,0,0,0,0,0,0,0,0,0,0,0,0,0,0,0,0,0,0,0,0,0,0,0,0,0,0,0,0,0,0,0,0,0,0,0,0,0,0,0,0,0,0,0,0,0,0,0,0,0,0,NA,NA,NA,NA,NA
12379,Ready to Move,NA,Ground,N,NA,NA,NA,3500000,35 Lac,NA,NA,NA,NA,100000,NA,521,NA,6718,380,Kalyan East,NA,Sq-ft,N,NA,Semi-Furnished,1,NA,NA,Main Road,Resale,Ground of 7 Floor,Apartment,Thane,1,Owner,7,NA,F,521,Sq-ft,N,Bachelors/Family,"Kalyan East, Thane",1 BHK Flat,Sq-ft,0,5 to 10 years,NA,NA,0,0,0,0,0,0,0,0,0,0,0,0,0,0,0,0,0,0,0,0,0,0,0,0,0,0,0,0,0,0,0,0,0,0,0,0,0,0,0,0,0,0,0,0,0,0,0,0,0,0,0,0,0,0,0,0,0,0,0,0,0,0,0,0,0,0,0,0,0,0,0,0,0,0,0,0,0,0,0,0,0,0,0,0,0,0,0,0,0,0,NA,NA,NA,NA,NA
12378,Ready to Move,NA,2,N,NA,ABAMNC,NA,2300000,23 Lac,Vitrified,NA,Monthly,700,100000,Sharada English High School,565,NA,4071,450,Kalyan East,NA,Sq-ft,N,Freehold,Unfurnished,1,NA,NA,NA,Resale,2 of 5 Floor,Apartment,Thane,1,Owner,5,NA,F,565,Sq-ft,N,Bachelors/Family,"Kalyan East, Thane",1 BHK Flat,Sq-ft,0,Less than 5 years,2,NA,0,1,0,0,0,0,0,0,0,0,0,0,0,0,0,0,0,0,0,0,0,0,0,0,0,0,0,0,0,0,0,0,0,0,0,0,0,0,0,0,0,0,0,0,0,0,0,0,0,0,0,0,0,0,0,0,0,0,0,0,0,0,0,0,0,0,0,0,0,0,0,0,0,0,0,0,0,0,0,0,0,0,0,0,0,0,0,0,0,0,NA,Y,NA,NA,NA
12377,Ready to Move,NA,3,N,NA,NA,NA,2000000,20 Lac,NA,NA,NA,NA,NA,NA,450,NA,4444,NA,Nandivali Gaon,NA,Sq-ft,N,NA,Unfurnished,1,1 Open,NA,NA,Resale,3 of 5 Floor,Apartment,Thane,1,Owner,5,NA,F,450,NA,N,Bachelors/Family,"Nandivali Gaon, Thane",1 BHK Flat,Sq-ft,0,5 to 10 years,1,NA,0,0,0,0,0,0,0,0,0,0,0,0,0,0,0,0,0,0,0,0,0,0,0,0,0,0,0,0,0,0,0,0,0,0,0,0,0,0,0,0,0,0,0,0,0,0,0,0,0,0,0,0,0,0,0,0,0,0,0,0,0,0,0,0,0,0,0,0,0,0,0,0,0,0,0,0,0,0,0,0,0,0,0,0,0,0,0,0,0,0,NA,NA,NA,NA,NA
12376,Ready to Move,NA,2,N,NA,NA,NA,3900000,39 Lac,NA,NA,Monthly,NA,NA,NA,NA,NA,NA,745,Kalyan East,NA,NA,N,NA,Unfurnished,1,NA,NA,NA,Resale,2 of 3 Floor,Apartment,Thane,2,Owner,3,NA,F,NA,Sq-ft,N,Bachelors/Family,"Kalyan East, Thane",2 BHK Flat,NA,0,NA,NA,NA,0,0,0,0,0,0,0,0,0,0,0,0,0,0,0,0,0,0,0,0,0,0,0,0,0,0,0,0,0,0,0,0,0,0,0,0,0,0,0,0,0,0,0,0,0,0,0,0,0,0,0,0,0,0,0,0,0,0,0,0,0,0,0,0,0,0,0,0,0,0,0,0,0,0,0,0,0,0,0,0,0,0,0,0,0,0,0,0,0,0,NA,NA,NA,NA,NA
12375,Ready to Move,NA,3,N,Shree Ganesh Builders & Developers,ABADev,NA,2300000,23 Lac,NA,No/Rare Powercut,NA,NA,NA,Ganesh chawk nandivali,350,Shree Ganesh  Apartment,6571,245,Kalyan East,Newly Constructed Property,Sq-ft,N,Co-operative Society,Unfurnished,1,NA,North,NA,New Property,3 of 3 Floor,Apartment,Thane,1,Owner,3,Water Availability 24 Hours Available,F,350,Sq-ft,N,Bachelors/Family,"Kalyan East, Thane",1 BHK Flat,Sq-ft,0,New Construction,1,NA,0,0,0,0,0,0,0,0,0,0,0,0,0,0,0,0,0,0,0,0,0,0,0,0,0,0,0,0,0,0,0,0,0,0,0,0,0,0,0,0,0,0,0,0,0,0,0,0,0,0,0,0,0,0,0,0,0,0,0,0,0,0,0,0,0,0,0,0,0,0,0,0,0,0,0,0,0,0,0,0,0,0,0,0,0,0,0,0,0,0,NA,NA,NA,NA,NA
12374,Ready to Move,NA,4,N,NA,ABARWA,NA,3500000,35 Lac,Vitrified,No/Rare Powercut,Monthly,800,0,Tisai Mandir,725,NA,4828,680,Kalyan East,NA,Sq-ft,N,Freehold,Unfurnished,1,NA,NA,NA,Resale,4 of 4 Floor,Builder Floor Apartment,Thane,2,Owner,4,Water Availability 24 Hours Available,F,725,Sq-ft,N,Bachelors/Family,"Kalyan East, Thane",2 BHK Flat,Sq-ft,0,10 to 15 years,1,NA,0,0,0,0,0,0,0,0,0,0,0,0,0,0,0,0,0,0,0,0,0,0,0,0,0,0,0,0,0,0,0,0,0,0,0,0,0,0,0,0,0,0,0,0,0,0,0,0,0,0,0,0,0,0,0,0,0,0,0,0,0,0,0,0,0,0,0,0,0,0,0,0,0,0,0,0,0,0,0,0,0,0,0,0,0,0,0,0,0,0,NA,Y,NA,NA,NA
12373,Ready to Move,NA,7,N,Famous Builders And Developers,NA,NA,4000000,40 Lac,NA,NA,NA,NA,NA,NA,952,Sai Leela,4202,NA,Kalyan East,East Facing Property,Sq-ft,N,NA,Unfurnished,2,NA,East,"Garden/Park, Main Road",New Property,7 of 7 Floor,Apartment,Thane,2,Owner,7,NA,F,952,NA,N,Bachelors/Family,"Kalyan East, Thane",2 BHK Flat,Sq-ft,0,NA,3,NA,1,1,1,1,1,1,1,1,1,1,1,1,1,1,1,1,1,1,1,1,1,1,1,1,1,1,1,1,1,1,1,1,1,1,1,1,1,1,1,1,1,1,1,1,1,1,1,1,1,1,1,1,1,1,1,1,1,1,1,1,1,1,1,1,1,1,1,1,1,0,1,1,1,1,1,1,1,1,1,1,1,1,1,1,1,1,1,1,1,1,NA,NA,NA,NA,NA
12372,Ready to Move,NA,2,N,Samarth Sai Builders & Developers,NA,NA,6400000,64 Lac,NA,NA,NA,NA,NA,NA,900,Seasons Sahara,7111,NA,Kalyan East,NA,Sq-ft,N,NA,Unfurnished,2,NA,NA,NA,Resale,2 of 17 Floor,Apartment,Thane,2,Owner,17,NA,F,900,NA,N,Bachelors/Family,"Kalyan East, Thane",2 BHK Flat,Sq-ft,0,NA,NA,NA,1,1,1,0,0,0,0,0,0,0,0,0,0,0,0,0,0,0,0,0,0,0,0,0,0,0,0,0,0,0,0,0,0,0,0,0,0,0,0,0,0,0,0,0,0,0,0,0,0,0,1,0,0,0,0,0,1,0,0,0,0,0,0,0,0,0,0,0,0,0,0,0,0,0,0,0,0,0,0,0,0,0,0,0,0,0,0,0,1,0,NA,NA,NA,NA,NA
12371,Ready to Move,NA,3,N,The Wadhwa Group,NA,NA,5000000,50 Lac,NA,NA,NA,NA,NA,Near Nandivali Gaon,610,Wadhwa Mahek Residency,8197,NA,Kalyan East,NA,Sq-ft,N,NA,Unfurnished,1,NA,NA,NA,Resale,3 of 4 Floor,Apartment,Thane,1,Owner,4,NA,F,610,NA,N,Bachelors/Family,"Kalyan East, Thane",1 BHK Flat,Sq-ft,0,NA,NA,NA,0,0,0,0,0,0,0,1,0,1,0,0,0,0,1,0,1,0,0,0,0,0,0,0,0,0,0,0,0,0,0,0,0,0,0,0,0,0,0,0,0,0,0,0,0,0,0,0,0,0,0,0,0,0,0,0,0,0,0,0,0,0,0,0,0,0,0,0,0,0,0,0,0,0,0,0,0,0,0,1,0,0,0,0,0,0,0,0,0,0,NA,NA,NA,NA,NA
12370,Ready to Move,NA,9,N,Madan Chikankar,NA,NA,5800000,58 Lac,NA,No/Rare Powercut,NA,NA,NA,Property is in Chaani.NizampuraJagaat Nakka,1321,Sai Samarth,4391,NA,Chakki Naka,NA,Sq-ft,N,Co-operative Society,Furnished,2,1 Covered,NA,"Pool, Garden/Park",Resale,9 of 9 Floor,Apartment,Thane,2,Owner,9,Water Availability 24 Hours Available,F,1321,NA,N,Bachelors/Family,"Chakki Naka, Thane",2 BHK Flat,Sq-ft,0,5 to 10 years,NA,NA,0,0,0,1,1,0,0,1,1,0,0,0,0,1,1,1,1,0,0,0,0,0,1,0,0,0,0,0,0,0,0,0,0,0,0,0,0,0,0,0,0,0,0,0,0,0,0,0,0,0,0,0,0,0,0,0,0,0,0,0,0,0,0,0,0,0,0,0,0,0,0,0,0,0,0,0,0,0,0,0,0,0,0,0,0,0,0,0,0,0,NA,NA,NA,NA,NA
12369,Ready to Move,NA,4,N,NA,NA,NA,2400000,24 Lac,NA,NA,NA,NA,NA,NA,500,NA,4800,NA,Kalyan East,East Facing Property,Sq-ft,N,Freehold,Unfurnished,1,NA,East,NA,Resale,4 of 4 Floor,Apartment,Thane,1,Owner,4,NA,F,500,NA,N,Bachelors/Family,"Kalyan East, Thane",1 BHK Flat,Sq-ft,0,Less than 5 years,1,NA,1,1,0,0,0,0,0,0,1,1,0,0,1,0,1,0,1,0,0,0,0,0,0,0,0,0,0,0,0,0,0,0,0,0,0,0,0,0,0,0,0,0,0,0,0,0,0,0,0,0,0,0,0,0,0,0,0,0,0,0,0,0,0,0,0,0,0,0,0,0,0,0,0,0,0,0,0,0,0,0,0,0,0,0,0,0,0,0,0,0,NA,NA,NA,NA,NA
12368,Ready to Move,NA,4,N,NA,NA,NA,4500000,45 Lac,NA,NA,Monthly,700,NA,NA,875,NA,5143,NA,Kalyan East,NA,Sq-ft,N,Co-operative Society,Unfurnished,1,NA,NA,Main Road,Resale,4 of 4 Floor,Builder Floor Apartment,Thane,2,Owner,4,NA,F,875,NA,N,Bachelors/Family,"Kalyan East, Thane",2 BHK Flat,Sq-ft,0,5 to 10 years,1,NA,0,0,1,0,0,0,0,0,0,0,0,0,0,0,0,0,0,1,1,0,0,0,0,0,0,0,0,0,0,0,0,0,0,0,0,0,0,0,0,0,0,0,0,0,0,0,0,0,0,0,0,0,0,0,0,0,0,0,0,0,0,0,0,0,0,0,0,0,0,0,0,0,0,0,0,0,0,0,0,0,0,0,0,0,0,0,0,0,0,0,NA,NA,NA,NA,NA
12367,Ready to Move,NA,7,N,Soham Construction Pvt. Ltd.,NA,NA,3000000,30 Lac,NA,NA,NA,NA,NA,NA,585,Sai Darshan,5128,NA,Kalyan East,East Facing Property,Sq-ft,N,Co-operative Society,Unfurnished,1,NA,East,NA,Resale,7 of 7 Floor,Apartment,Thane,1,Owner,7,NA,F,585,NA,Y,Bachelors/Family,"Kalyan East, Thane",1 BHK Flat,Sq-ft,0,Less than 5 years,2,NA,1,1,1,1,1,1,1,1,1,1,1,1,1,1,1,1,1,1,1,1,1,1,1,1,1,1,1,1,1,1,1,1,1,1,1,1,1,1,1,1,1,1,1,1,1,1,1,1,1,1,1,1,1,1,1,1,1,1,1,1,1,1,1,1,1,1,1,1,1,1,0,1,1,1,1,1,1,1,1,1,1,1,1,1,1,1,1,1,1,1,NA,NA,NA,NA,NA
12366,Ready to Move,NA,4,N,NA,NA,NA,1250000,12.5 Lac,NA,NA,Monthly,1000,NA,NA,353,NA,3541,275,Kalyan East,Newly Constructed Property,Sq-ft,Y,Co-operative Society,Unfurnished,1,NA,West,NA,New Property,4 of 4 Floor,Apartment,Thane,1,Owner,4,NA,F,353,Sq-ft,Y,Bachelors/Family,"Kalyan East, Thane",1 BHK Flat,Sq-ft,0,New Construction,1,NA,0,0,0,0,0,0,0,0,1,0,0,0,0,0,1,0,0,0,1,0,0,0,0,0,0,0,0,0,0,0,0,0,0,0,0,0,0,0,0,0,0,0,0,0,0,0,0,0,0,0,0,0,0,0,0,0,0,0,0,0,0,0,0,0,0,0,0,0,0,0,0,0,0,0,0,0,0,0,0,0,0,0,0,0,0,0,0,0,0,0,NA,NA,NA,NA,NA
12365,Ready to Move,NA,Ground,N,NA,NA,NA,1600000,16 Lac,Normal Tiles/Kotah Stone,NA,Monthly,NA,NA,Arjun Colony,280,NA,5714,215,Kalyan East,NA,Sq-ft,N,Co-operative Society,Unfurnished,1,1 Open,North - East,NA,Resale,Ground of 2 Floor,Apartment,Thane,1,Owner,2,NA,F,280,Sq-ft,Y,Bachelors/Family,"Kalyan East, Thane",1 BHK Flat,Sq-ft,0,5 to 10 years,NA,NA,1,1,1,1,1,1,1,1,1,1,1,1,1,1,1,1,1,1,1,1,1,1,1,1,1,1,1,1,1,1,1,1,1,1,1,1,1,1,1,1,1,1,1,1,1,1,1,1,1,1,1,1,1,1,1,1,1,1,1,1,1,1,1,1,1,1,1,1,1,1,1,1,1,1,1,1,1,1,1,1,1,1,1,1,1,1,1,1,1,1,NA,NA,NA,NA,NA
12364,Ready to Move,NA,5,N,NA,ABAMNC,2,4000000,40 Lac,Vitrified,No/Rare Powercut,Monthly,1100,NA,NA,668,NA,5988,NA,Tisgaon Naka,NA,Sq-ft,N,Freehold,Unfurnished,1,2 Open,NA,NA,Resale,5 of 7 Floor,Apartment,Kalyan,1,Owner,7,Water Availability 24 Hours Available,F,668,NA,Y,Bachelors/Family,"Tisgaon Naka, Kalyan",1 BHK Flat,Sq-ft,0,NA,NA,NA,1,1,0,0,0,0,0,0,1,1,0,0,0,0,1,0,1,1,1,0,0,0,0,0,0,0,0,0,0,0,0,0,0,0,0,0,0,0,0,0,0,0,0,0,0,0,0,0,0,0,0,0,0,0,0,0,0,0,0,0,0,0,0,0,0,0,0,0,0,0,0,0,0,0,0,0,0,0,0,0,0,0,0,0,0,0,0,0,0,0,NA,NA,NA,NA,NA
12363,Ready to Move,NA,8,N,NA,NA,NA,3800000,38 Lac,NA,NA,NA,NA,NA,NA,420,NA,9048,NA,Kalyan East,NA,Sq-ft,N,Freehold,Unfurnished,2,NA,North - East,"Garden/Park, Main Road",Resale,8 of 22 Floor,Apartment,Thane,1,Owner,22,NA,F,420,NA,Y,Bachelors/Family,"Kalyan East, Thane",1 BHK Flat,Sq-ft,0,New Construction,2,NA,1,1,1,1,1,1,1,1,1,1,1,1,1,1,1,1,1,1,1,1,1,1,1,1,1,1,1,1,1,1,1,1,1,1,1,1,1,1,1,1,1,1,1,1,1,1,1,1,1,1,1,1,1,1,1,1,1,1,1,1,1,1,1,1,1,1,1,1,1,1,0,1,1,1,1,1,1,1,1,1,1,1,1,1,1,1,1,1,1,1,NA,NA,NA,NA,NA
12362,Ready to Move,NA,2,N,NA,NA,NA,6000000,60 Lac,NA,NA,NA,NA,NA,NA,550,NA,10909,NA,Kalyan East,East Facing Property,Sq-ft,N,Co-operative Society,Unfurnished,1,NA,East,Main Road,Resale,2 of 3 Floor,Apartment,Thane,2,Owner,3,NA,F,550,NA,Y,Bachelors/Family,"Kalyan East, Thane",2 BHK Flat,Sq-ft,0,15 to 20 years,1,NA,0,0,0,0,0,0,0,0,0,1,0,1,0,0,0,0,0,0,0,1,0,0,0,0,0,0,0,0,0,0,0,0,0,0,0,0,0,0,0,0,0,0,0,0,0,0,0,0,0,0,0,0,0,0,0,0,0,0,0,0,0,0,0,0,0,0,0,0,0,0,0,0,0,0,0,0,0,0,0,0,0,0,0,0,0,0,0,0,0,0,NA,NA,NA,NA,NA
12361,Ready to Move,NA,6,N,Lok Group,NA,NA,6000000,60 Lac,Vitrified,NA,NA,NA,NA,Metro Mall,725,Lok Dhara Phase III,8276,NA,Kalyan East,NA,Sq-ft,N,Co-operative Society,Semi-Furnished,2,NA,South,Main Road,Resale,6 of 16 Floor,Apartment,Thane,1,Owner,16,NA,F,725,NA,Y,Bachelors/Family,"Kalyan East, Thane",1 BHK Flat,Sq-ft,0,5 to 10 years,3,NA,1,1,1,1,1,1,1,1,1,1,1,1,1,1,1,1,1,1,1,1,1,1,1,1,1,1,1,1,1,1,1,1,1,1,1,1,1,1,1,1,1,1,1,1,1,1,1,1,1,1,1,1,1,1,1,1,1,1,1,1,1,1,1,1,1,1,1,1,1,1,1,1,1,1,1,1,1,1,1,1,1,1,1,1,1,1,1,1,1,1,NA,NA,NA,NA,NA
12360,Ready to Move,NA,2,N,NA,NA,NA,2000000,20 Lac,Vitrified,NA,Monthly,500,NA,Near by Zila Parishad School.,460,NA,4348,330,Kalyan East,East Facing Property,Sq-ft,Y,Freehold,Unfurnished,1,NA,East,Main Road,New Property,2 of 4 Floor,Apartment,Thane,1,Owner,4,NA,F,460,Sq-ft,Y,Bachelors/Family,"Kalyan East, Thane",1 BHK Flat,Sq-ft,0,Less than 5 years,1,NA,0,1,0,0,0,0,1,1,1,1,0,0,0,0,1,0,0,1,0,0,0,0,0,0,0,0,0,0,0,0,0,0,0,0,0,0,0,0,0,0,0,0,0,0,0,0,0,0,0,0,0,0,0,0,0,0,0,0,0,0,0,0,0,0,0,0,0,0,0,0,0,0,0,0,0,0,0,0,0,0,0,0,0,0,0,0,0,0,0,0,NA,Y,NA,NA,NA
12359,Ready to Move,NA,6,N,NA,ABAMNC,NA,4300000,43 Lac,"Vitrified,Ceramic Tiles",No/Rare Powercut,Monthly,NA,NA,Near Bamandev Mandir,665,NA,6466,540,Nandivali Gaon,East Facing Property,Sq-ft,N,Freehold,Semi-Furnished,1,1 Open,East,NA,Resale,6 of 7 Floor,Apartment,Thane,2,Owner,7,Water Availability 24 Hours Available,F,665,Sq-ft,Y,Bachelors/Family,"Nandivali Gaon, Thane",2 BHK Flat,Sq-ft,0,Less than 5 years,1,NA,0,1,0,0,0,0,0,0,1,1,0,0,0,0,1,0,0,1,0,1,1,0,0,0,0,0,0,0,0,0,0,0,0,0,0,0,0,0,0,0,0,0,0,0,0,0,0,0,0,0,0,0,0,0,0,0,0,0,0,0,0,0,0,0,0,0,0,0,0,0,0,0,0,0,0,0,0,0,0,0,0,0,0,0,0,0,0,0,0,0,NA,Y,NA,NA,NA
12358,Ready to Move,NA,2,N,Laxmi Housing Builders and Developers,ABAMNC,NA,3700000,37 Lac,Vitrified,No/Rare Powercut,Monthly,1000,100000,Sai Marriage Hall,550,Anmol Gardens,6727,400,Kalyan East,NA,Sq-ft,N,Freehold,Semi-Furnished,1,NA,NA,"Garden/Park, Main Road",Resale,2 of 3 Floor,Apartment,Thane,1,Owner,3,Water Availability 24 Hours Available,F,550,Sq-ft,Y,Bachelors/Family,"Kalyan East, Thane",1 BHK Flat,Sq-ft,0,10 to 15 years,NA,NA,0,0,0,0,0,0,1,0,1,1,0,0,0,0,1,0,0,0,0,0,0,0,0,0,0,0,0,0,0,0,0,0,0,0,0,0,0,0,0,0,0,0,0,0,0,0,0,0,0,0,0,0,0,0,0,0,0,0,0,0,0,0,0,0,0,0,0,0,0,0,0,0,0,0,0,0,0,0,0,0,0,0,0,0,0,0,0,0,0,0,NA,Y,NA,NA,NA
12357,Ready to Move,NA,7,N,NA,NA,NA,4600000,46 Lac,NA,NA,NA,NA,NA,NA,780,Ameya Heights,5897,610,Kalyan East,NA,Sq-ft,N,Freehold,Unfurnished,2,NA,North - East,"Garden/Park, Main Road",Resale,7 of 7 Floor,Apartment,Thane,1,Owner,7,NA,F,780,Sq-ft,Y,Bachelors/Family,"Kalyan East, Thane",1 BHK Flat,Sq-ft,0,5 to 10 years,4,NA,1,1,1,0,0,0,1,0,1,1,1,1,0,0,1,0,1,1,1,1,1,0,0,0,0,0,0,1,0,0,0,0,0,0,0,0,0,0,0,0,0,0,0,0,0,0,0,0,0,0,0,0,0,0,0,0,0,0,0,0,0,0,0,0,0,0,0,0,0,0,0,0,0,0,0,0,0,0,0,0,0,0,0,0,0,0,0,0,0,0,NA,NA,NA,NA,NA
12356,Under Construction,Dec '24,6,N,NA,KDMC,25,4800000,48 Lac,"Ceramic Tiles,Granite,Vitrified",No/Rare Powercut,Monthly,1800,51000,"Kalyan Junction East Railway, 2.7 km away in 14 minutes",705,NA,6808,423,Kalyan East,NA,Sq-ft,Y,Freehold,Unfurnished,1,"1 Covered, 1 Open",East,Main Road,New Property,6 of 22 Floor,Apartment,Thane,1,Agent,22,Water Availability 24 Hours Available,F,705,Sq-ft,Y,Bachelors/Family,"Kalyan East, Thane",1 BHK Flat,Sq-ft,0,NA,2,Y,1,1,1,1,1,1,1,1,1,1,1,1,1,1,1,1,1,1,1,1,1,1,1,1,1,1,1,1,1,1,1,1,1,1,1,1,1,1,1,1,1,1,1,1,1,1,1,1,1,1,1,1,1,1,1,1,1,1,1,1,1,1,1,1,1,1,1,1,1,1,1,1,1,1,1,1,1,1,1,1,1,1,1,1,1,1,1,1,1,1,NA,NA,NA,NA,NA
12355,Under Construction,Jun '24,12,N,NA,NA,NA,4100000,41 Lac,NA,NA,NA,NA,100000,NA,660,NA,6212,445,Kalyan East,NA,Sq-ft,Y,Freehold,Unfurnished,1,NA,East,Main Road,New Property,12 of 22 Floor,Apartment,Thane,1,Agent,22,NA,F,660,Sq-ft,Y,Bachelors/Family,"Kalyan East, Thane",1 BHK Flat,Sq-ft,0,NA,1,NA,1,1,1,1,1,1,1,1,1,0,1,1,1,1,0,1,1,1,1,1,1,1,1,1,1,1,1,1,1,0,0,0,0,0,0,0,0,0,0,0,0,0,0,0,0,0,0,0,0,0,0,0,0,0,0,0,0,0,0,0,0,0,0,0,0,0,0,0,0,0,0,0,0,0,0,0,0,0,0,0,0,0,0,0,0,0,0,0,0,0,NA,NA,NA,NA,NA
12354,Under Construction,Dec '24,13,N,NA,KDMC,4,3050000,30.5 Lac,"Vitrified,Ceramic Tiles,Marble,Granite",No/Rare Powercut,Monthly,1550,30000,The property is close to upcoming metro station,610,NA,5000,385,Kalyan East,East Facing Property,Sq-ft,Y,Freehold,Unfurnished,2,1 Covered,East,"Garden/Park, Main Road",New Property,13 of 23 Floor,Apartment,Thane,1,Agent,23,Water Availability 24 Hours Available,F,610,Sq-ft,Y,Bachelors/Family,"Kalyan East, Thane",1 BHK Flat,Sq-ft,0,NA,NA,NA,1,1,1,1,1,1,1,1,1,1,1,1,1,1,1,1,1,1,1,1,1,1,1,1,1,1,1,1,1,1,1,1,1,1,1,1,1,1,1,1,1,1,1,1,1,1,1,1,1,1,1,1,1,1,1,1,1,1,1,1,1,1,1,1,1,1,1,0,1,1,1,1,1,1,1,1,1,1,1,1,1,1,1,1,1,1,1,1,1,1,NA,NA,NA,NA,NA
12353,Under Construction,Jun '25,19,N,NA,KDMC,0,2900000,29 Lac,Vitrified,NA,Per sq. Unit Monthly,3,51000,"Connectivity  247,5 Mins From Upcoming Metro",650,NA,4462,423,Kalyan East,NA,Sq-ft,Y,Freehold,Unfurnished,2,NA,East,"Garden/Park, Main Road",New Property,19 of 23 Floor,Apartment,Thane,1,Agent,23,NA,F,650,Sq-ft,Y,Bachelors/Family,"Kalyan East, Thane",1 BHK Flat,Sq-ft,0,New Construction,2,NA,1,1,1,1,1,1,1,1,1,1,1,1,1,1,1,1,1,1,1,1,1,1,1,1,1,1,1,1,1,1,1,1,1,1,1,1,1,1,1,1,1,1,1,1,1,1,1,1,1,1,1,1,1,1,1,1,1,1,1,1,1,1,1,1,1,1,1,0,1,1,1,1,1,1,1,1,1,1,1,1,1,1,1,1,1,1,1,1,1,1,NA,NA,NA,NA,NA
12352,Under Construction,Dec '25,20,N,Kohinoor Group,KDMC,NA,2999000,30 Lac,Vitrified,No/Rare Powercut,Per sq. Unit Monthly,3,100000,NA,550,Kohinoor Eden,5452,417,Kalyan East,NA,Sq-ft,Y,Freehold,Unfurnished,1,NA,East,Garden/Park,New Property,20 of 23 Floor,Apartment,Thane,1,Agent,23,Water Availability 24 Hours Available,F,550,Sq-ft,Y,Bachelors/Family,"Kalyan East, Thane",1 BHK Flat,Sq-ft,0,NA,1,Y,1,1,1,1,1,1,1,1,1,1,1,1,1,1,1,1,1,1,1,1,1,1,1,1,1,1,1,1,1,1,1,1,1,1,1,1,1,1,1,1,1,1,1,1,1,1,1,1,1,1,1,1,1,1,1,1,1,1,1,1,1,1,1,1,1,1,1,1,1,1,1,1,1,1,1,1,1,1,1,1,1,1,1,1,1,1,1,1,1,1,NA,NA,NA,NA,NA
12351,Under Construction,Jun '24,11,N,West Pioneer Properties India Pvt. Ltd.,KDMC,10,9000000,90 Lac,Vitrified,No/Rare Powercut,Per sq. Unit Monthly,3,500000,"Netivili, Kalyan East.",1165,Metro Grande,7725,718,Kalyan East,NA,Sq-ft,Y,Freehold,Unfurnished,2,1 Covered,East,Main Road,New Property,11 of 32 Floor,Apartment,Thane,2,Agent,32,Water Availability 24 Hours Available,F,1165,Sq-ft,Y,Bachelors/Family,"Kalyan East, Thane",2 BHK Flat,Sq-ft,0,NA,1,Y,1,1,1,1,1,1,1,1,1,1,1,1,1,1,1,1,1,1,1,1,1,1,1,1,1,1,1,1,1,1,1,1,1,1,1,1,1,1,1,1,1,1,1,1,1,1,1,1,1,1,1,1,1,1,1,1,1,1,1,1,1,1,1,1,1,1,1,1,1,1,1,1,1,1,1,1,1,1,1,1,1,1,1,1,1,1,1,1,1,1,NA,NA,NA,NA,NA
12350,Under Construction,Dec '24,12,N,Kohinoor Group,KDMC,102,6590000,65.9 Lac,Vitrified,No/Rare Powercut,Monthly,900,21000,1km from chetna school,1300,Kohinoor Eden,5069,890,Kalyan East,NA,Sq-ft,Y,Freehold,Unfurnished,3,"1 Covered, 1 Open",West,"Garden/Park, Pool, Main Road",New Property,12 of 23 Floor,Apartment,Thane,3,Agent,23,Water Availability 24 Hours Available,F,1300,Sq-ft,Y,Bachelors/Family,"Kalyan East, Thane",3 BHK Flat,Sq-ft,0,NA,3,Y,1,1,1,1,1,1,1,1,1,1,1,1,1,1,1,1,1,1,1,1,1,1,1,1,1,1,1,1,1,1,1,1,1,1,1,1,1,1,1,1,1,1,1,1,1,1,1,1,1,1,1,1,1,1,1,1,1,1,1,1,1,1,1,1,1,1,1,1,1,1,1,1,1,1,1,1,1,1,1,1,1,1,1,1,1,1,1,1,1,1,NA,NA,NA,NA,NA
12349,Under Construction,Dec '24,5,N,Mali Infra,KDMC,79,2550000,25.5 Lac,Vitrified,No/Rare Powercut,Monthly,1200,100000,"Social infrastructure like banks, schools and parks surround Bhal Gaon",540,Mali Pinnacle,4722,371,Chakki Naka,NA,Sq-ft,Y,Freehold,Unfurnished,2,"1 Covered, 1 Open",East,"Pool, Garden/Park, Main Road",New Property,5 of 19 Floor,Apartment,Thane,1,Agent,19,Water Availability 24 Hours Available,F,540,Sq-ft,Y,Bachelors/Family,"Chakki Naka, Thane",1 BHK Flat,Sq-ft,0,NA,1,Y,1,1,1,1,1,1,1,1,1,1,1,1,1,1,1,1,1,1,1,1,1,1,1,1,1,1,1,1,1,1,1,1,1,1,1,1,1,1,1,1,1,1,1,1,1,1,1,1,1,1,1,1,1,1,1,1,1,1,1,1,1,1,1,1,1,1,1,1,1,1,1,1,1,1,1,1,1,1,1,1,1,1,1,1,1,1,1,1,1,1,NA,NA,NA,NA,NA
12348,Under Construction,Dec '24,12,N,Kohinoor Group,KDMC,102,2940000,29.4 Lac,Vitrified,No/Rare Powercut,Monthly,900,21000,1km from chetna school,550,Kohinoor Eden,5345,390,Kalyan East,NA,Sq-ft,Y,Freehold,Unfurnished,2,"1 Covered, 1 Open",West,"Garden/Park, Pool, Main Road",New Property,12 of 23 Floor,Apartment,Thane,1,Agent,23,Water Availability 24 Hours Available,F,550,Sq-ft,Y,Bachelors/Family,"Kalyan East, Thane",1 BHK Flat,Sq-ft,0,NA,1,Y,1,1,1,1,1,1,1,1,1,1,1,1,1,1,1,1,1,1,1,1,1,1,1,1,1,1,1,1,1,1,1,1,1,1,1,1,1,1,1,1,1,1,1,1,1,1,1,1,1,1,1,1,1,1,1,1,1,1,1,1,1,1,1,1,1,1,1,1,1,1,1,1,1,1,1,1,1,1,1,1,1,1,1,1,1,1,1,1,1,1,NA,NA,NA,NA,NA
12347,Ready to Move,NA,3,N,Sai Siddhi Developers,ABAMNC,3,2616000,26.2 Lac,Vitrified,No/Rare Powercut,Monthly,1200,51000,Near Nilam English School,576,Sai Heights,4542,376,Kalyan East,Near Nilam English School,Sq-ft,Y,Freehold,Unfurnished,1,"1 Covered, 1 Open",North - East,Garden/Park,New Property,3 of 7 Floor,Apartment,Thane,1,Agent,7,Water Availability 24 Hours Available,F,576,Sq-ft,Y,Bachelors/Family,"Kalyan East, Thane",1 BHK Flat,Sq-ft,0,New Construction,2,NA,1,1,1,0,0,0,0,1,0,1,0,1,1,0,1,0,0,1,0,0,0,0,0,0,0,0,0,0,0,0,0,0,0,0,0,0,0,0,0,0,0,0,0,0,0,0,0,0,0,0,0,0,0,0,0,0,0,0,0,0,0,0,0,0,0,0,0,0,0,0,0,0,0,0,0,0,0,0,0,0,0,0,0,0,0,0,0,0,0,0,NA,NA,NA,NA,NA
12346,Under Construction,Jun '25,12,Y,Kohinoor Group,KDMC,45,3000000,30 Lac,"Ceramic Tiles,Granite,Marble,Marbonite,Vitrified,Wooden",No/Rare Powercut,Monthly,1500,51000,kohinoor eden  suman hospitail,550,Kohinoor Eden,5454,385,Kalyan East,East Facing Property,Sq-ft,Y,Freehold,Unfurnished,2,"1 Covered, 1 Open",East,"Garden/Park, Pool, Main Road",New Property,12 of 23 Floor,Apartment,Thane,1,Agent,23,Water Availability 24 Hours Available,F,550,Sq-ft,Y,Bachelors/Family,"Kalyan East, Thane",1 BHK Flat,Sq-ft,0,NA,2,Y,1,1,1,1,1,1,1,1,1,1,1,1,1,1,1,1,1,1,1,1,1,1,1,1,1,1,1,1,1,1,1,1,1,1,1,1,1,1,1,1,1,1,1,1,1,1,1,1,1,1,1,1,1,1,1,1,1,1,1,1,1,1,1,1,1,1,1,1,1,1,1,1,1,1,1,1,1,1,1,1,1,1,1,1,1,1,1,1,1,1,NA,NA,NA,NA,NA
12345,Ready to Move,NA,2,N,NA,ABAMNC,1,2900000,29 Lac,Vitrified,No/Rare Powercut,Monthly,700,100000,Govind Hospital,630,Keshav Apartment,4603,450,Kalyan East,NA,Sq-ft,N,Freehold,Unfurnished,1,NA,NA,Main Road,Resale,2 of 3 Floor,Apartment,Thane,1,Owner,3,Water Availability 24 Hours Available,F,630,Sq-ft,Y,Bachelors/Family,"Kalyan East, Thane",1 BHK Flat,Sq-ft,0,15 to 20 years,NA,NA,0,0,0,0,0,0,0,1,0,0,0,0,0,0,1,0,0,0,0,0,0,0,0,0,0,0,0,0,0,0,0,0,0,0,0,0,0,0,0,0,0,0,0,0,0,0,0,0,0,0,0,0,0,0,0,0,0,0,0,0,0,0,0,0,0,0,0,0,0,0,0,0,0,0,0,0,0,0,0,0,0,0,0,0,0,0,0,0,0,0,NA,Y,NA,NA,NA
12344,Ready to Move,NA,Ground,N,NA,ABAMNC,1,4200000,42 Lac,Vitrified,NA,Monthly,800,500000,Jari Mari Mandir,700,NA,6000,650,Tisgaon Naka,East Facing Property,Sq-ft,N,Freehold,Unfurnished,2,NA,East,Main Road,Resale,Ground of 3 Floor,Apartment,Thane,2,Owner,3,NA,F,700,Sq-ft,Y,Bachelors/Family,"Tisgaon Naka, Thane",2 BHK Flat,Sq-ft,0,10 to 15 years,NA,NA,0,1,0,0,0,0,1,1,0,0,0,0,0,0,1,0,0,0,0,0,0,0,0,0,0,0,0,0,0,0,0,0,0,0,0,0,0,0,0,0,0,0,0,0,0,0,0,0,0,0,0,0,0,0,0,0,0,0,0,0,0,0,0,0,0,0,0,0,0,0,0,0,0,0,0,0,0,0,0,0,0,0,0,0,0,0,0,0,0,0,NA,Y,NA,NA,NA
12343,Under Construction,Dec '24,8,N,NA,KDMC,3,2995000,30 Lac,Vitrified,No/Rare Powercut,Monthly,1300,54000,Kalyan east.,600,NA,4991,400,Kalyan East,East Facing Property,Sq-ft,Y,Freehold,Unfurnished,2,1 Open,East,"Garden/Park, Main Road",New Property,8 of 18 Floor,Apartment,Thane,1,Agent,18,Water Availability 24 Hours Available,F,600,Sq-ft,Y,Bachelors/Family,"Kalyan East, Thane",1 BHK Flat,Sq-ft,0,NA,1,Y,1,1,1,1,1,1,1,1,1,1,1,1,1,1,1,1,1,1,1,1,1,1,1,1,1,1,1,1,1,1,1,1,1,1,1,1,1,1,1,1,1,1,1,1,1,1,1,1,1,1,1,1,1,1,1,1,1,1,1,1,1,1,1,1,1,1,1,0,1,1,1,1,1,1,1,1,1,1,1,1,1,1,1,1,1,1,1,1,1,1,NA,NA,NA,NA,NA
12342,Ready to Move,NA,3,N,Lok Group,KDMC,2,7000000,70 Lac,Vitrified,No/Rare Powercut,Monthly,2200,100000,Near Water tank LOkdhara,791,Lok Dhara Phase 2,8849,650,Kalyan East,Near Water tank LOkdhara,Sq-ft,N,Freehold,Semi-Furnished,2,1 Open,NA,Garden/Park,Resale,3 of 7 Floor,Apartment,Thane,2,Agent,7,Water Availability 24 Hours Available,F,791,Sq-ft,Y,Bachelors/Family,"Kalyan East, Thane",2 BHK Flat,Sq-ft,0,15 to 20 years,NA,NA,1,1,1,1,1,1,1,1,1,1,1,1,1,1,1,1,1,1,1,1,1,1,1,1,1,1,1,1,1,1,1,1,1,1,1,1,1,1,1,1,1,1,1,1,1,1,1,1,1,1,1,1,1,1,1,1,1,1,1,1,1,1,1,1,1,1,1,1,1,1,1,1,1,1,1,1,1,1,1,1,1,1,1,1,1,1,1,1,1,1,NA,NA,NA,NA,NA
12341,Under Construction,Dec '23,15,N,NA,KDMC,4,4119000,41.2 Lac,Vitrified,No/Rare Powercut,Monthly,0,51000,on 100 feet,705,NA,5842,495,Kalyan East,NA,Sq-ft,Y,Freehold,Unfurnished,2,1 Open,North - East,"Pool, Garden/Park, Main Road",New Property,15 of 20 Floor,Apartment,Thane,1,Agent,20,Water Availability 24 Hours Available,F,705,Sq-ft,Y,Bachelors/Family,"Kalyan East, Thane",1 BHK Flat,Sq-ft,0,NA,1,Y,1,1,1,1,1,1,1,1,1,1,1,1,1,1,1,1,1,1,1,1,1,1,1,1,1,1,1,1,1,1,1,1,1,1,1,1,1,1,1,1,1,1,1,1,1,1,1,1,1,1,1,1,1,1,1,1,1,1,1,1,1,1,1,1,1,1,1,1,1,1,1,1,1,1,1,1,1,1,1,1,1,1,1,1,1,1,1,1,1,1,NA,NA,NA,NA,NA
12340,Under Construction,Jun '25,15,N,Kohinoor Group,KDMC,10,5500000,55 Lac,"Ceramic Tiles,Normal Tiles/Kotah Stone,Vitrified",No/Rare Powercut,Monthly,0,100000,"chakki naka, suchak naka kalyan shil road badlapur pipeline",550,Kohinoor Eden,14473,550,Chakki Naka,NA,Sq-ft,Y,Freehold,Unfurnished,3,1 Covered,North - East,"Garden/Park, Pool, Main Road",New Property,15 of 23 Floor,Apartment,Thane,2,Agent,23,Water Availability 24 Hours Available,F,550,Sq-ft,Y,Bachelors/Family,"Chakki Naka, Thane",2 BHK Flat,Sq-ft,0,NA,NA,NA,1,1,1,1,1,1,1,1,1,1,1,1,1,1,1,1,1,1,1,1,1,1,1,1,1,1,1,1,1,1,1,1,1,1,1,1,1,1,1,1,1,1,1,1,1,1,1,1,1,1,1,1,1,1,1,1,1,1,1,1,1,1,1,1,1,1,1,1,1,1,1,1,1,1,1,1,1,1,1,1,1,1,1,1,1,1,1,1,1,1,NA,NA,NA,NA,NA
12339,Under Construction,Jun '25,9,N,Kohinoor Group,KDMC,10,3200000,32 Lac,"Ceramic Tiles,Normal Tiles/Kotah Stone,Vitrified",No/Rare Powercut,One-Time,72000,54000,"chakki naka, suchak naka kalyan shil road badlapur pipeline",385,Kohinoor Eden,8311,385,Chakki Naka,NA,Sq-ft,Y,Freehold,Unfurnished,2,1 Covered,North - East,"Garden/Park, Pool, Main Road",New Property,9 of 23 Floor,Apartment,Thane,1,Agent,23,Water Availability 24 Hours Available,F,385,Sq-ft,Y,Bachelors/Family,"Chakki Naka, Thane",1 BHK Flat,Sq-ft,0,NA,NA,Y,1,1,1,1,1,1,1,1,1,1,1,1,1,1,1,1,1,1,1,1,1,1,1,1,1,1,1,1,1,1,1,1,1,1,1,1,1,1,1,1,1,1,1,1,1,1,1,1,1,1,1,1,1,1,1,1,1,1,1,1,1,1,1,1,1,1,1,1,1,1,1,1,1,1,1,1,1,1,1,1,1,1,1,1,1,1,1,1,1,1,NA,NA,NA,NA,NA
12338,Under Construction,Dec '25,5,N,Kohinoor Group,KDMC,2,4200000,42 Lac,Vitrified,No/Rare Powercut,Monthly,1500,51000,Kalyan Station  13 min,890,Kohinoor Eden,7636,572,Kalyan East,NA,Sq-ft,Y,Freehold,Unfurnished,2,NA,North - East,Garden/Park,New Property,5 of 7 Floor,Apartment,Thane,2,Agent,7,Water Availability 12 Hours Available,F,890,Sq-ft,Y,Bachelors/Family,"Kalyan East, Thane",2 BHK Flat,Sq-ft,0,NA,1,Y,1,1,1,1,1,1,1,1,1,1,1,1,1,1,1,1,1,1,1,1,1,1,1,1,1,1,1,1,1,1,1,1,1,1,1,1,1,1,1,1,1,1,1,1,1,1,1,1,1,1,1,1,1,1,1,1,1,1,1,1,1,1,1,1,1,1,1,0,1,1,1,1,1,1,1,1,1,1,1,1,1,1,1,1,1,1,1,1,1,1,NA,NA,NA,NA,NA
12337,Under Construction,Dec '25,5,N,Kohinoor Group,KDMC,2,2990000,29.9 Lac,Vitrified,No/Rare Powercut,Monthly,1500,51000,Kalyan Station  13 min,550,Kohinoor Eden,5436,385,Kalyan East,NA,Sq-ft,Y,Freehold,Unfurnished,2,NA,North - East,Garden/Park,New Property,5 of 23 Floor,Apartment,Thane,1,Agent,23,Water Availability 12 Hours Available,F,550,Sq-ft,Y,Bachelors/Family,"Kalyan East, Thane",1 BHK Flat,Sq-ft,0,NA,1,Y,1,1,1,1,1,1,1,1,1,1,1,1,1,1,1,1,1,1,1,1,1,1,1,1,1,1,1,1,1,1,1,1,1,1,1,1,1,1,1,1,1,1,1,1,1,1,1,1,1,1,1,1,1,1,1,1,1,1,1,1,1,1,1,1,1,1,1,0,1,1,1,1,1,1,1,1,1,1,1,1,1,1,1,1,1,1,1,1,1,1,NA,NA,NA,NA,NA
12336,Ready to Move,NA,10,N,Samarth Sai Builders & Developers,KDMC,50,3400000,34 Lac,Ceramic Tiles,No/Rare Powercut,Monthly,1000,51000,"Thane, it is 100 Feet Rd, opposite Essar Petrol Pump, Kalyan East, Pis",650,Seasons Sahara,5230,450,Kalyan East,East Facing Property,Sq-ft,Y,Freehold,Semi-Furnished,2,1 Covered,East,Garden/Park,New Property,10 of 18 Floor,Apartment,Thane,1,Agent,18,Water Availability 24 Hours Available,F,650,Sq-ft,Y,Bachelors/Family,"Kalyan East, Thane",1 BHK Flat,Sq-ft,0,New Construction,3,Y,1,1,1,1,1,1,1,1,1,1,1,1,1,1,1,1,1,1,1,1,1,1,1,1,1,1,1,1,1,1,1,1,1,1,1,1,1,1,1,1,1,1,1,1,1,1,1,1,1,1,1,1,1,1,1,1,1,1,1,1,1,1,1,1,1,1,1,1,1,1,0,1,1,1,1,1,1,1,1,1,1,1,1,1,1,1,1,1,1,1,NA,NA,NA,NA,NA
12335,Under Construction,May '25,8,N,Kohinoor Group,ABADev,NA,3640000,36.4 Lac,Vitrified,No/Rare Powercut,Monthly,1200,51000,Kalyan east malangard road opposite suman hospital.,642,Kohinoor Eden,5669,444,Kalyan East,NA,Sq-ft,Y,Freehold,Unfurnished,1,1 Open,North - East,Garden/Park,New Property,8 of 23 Floor,Apartment,Thane,1,Agent,23,Water Availability 24 Hours Available,F,642,Sq-ft,Y,Bachelors/Family,"Kalyan East, Thane",1 BHK Flat,Sq-ft,0,NA,1,NA,1,1,1,1,1,1,1,1,1,1,1,1,1,1,1,1,1,1,1,1,1,1,1,1,1,1,1,1,1,1,1,1,1,1,1,1,1,1,1,1,1,1,1,1,1,1,1,1,1,1,1,1,1,1,1,1,1,1,1,1,1,1,1,1,1,1,1,1,1,1,1,1,1,1,1,1,1,1,1,1,1,1,1,1,1,1,1,1,1,1,NA,Y,NA,NA,NA
12334,Under Construction,May '25,10,N,Kohinoor Group,ABADev,NA,3153000,31.5 Lac,Vitrified,No/Rare Powercut,Monthly,1400,51000,Kalyan east malangard road opposite suman hospital.,876,Kohinoor Eden,3607,605,Kalyan East,East Facing Property,Sq-ft,Y,Freehold,Unfurnished,2,1 Open,East,Garden/Park,New Property,10 of 23 Floor,Apartment,Thane,2,Agent,23,Water Availability 24 Hours Available,F,876,Sq-ft,Y,Bachelors/Family,"Kalyan East, Thane",2 BHK Flat,Sq-ft,0,NA,2,NA,1,1,1,1,1,1,1,1,1,1,1,1,1,1,1,1,1,1,1,1,1,1,1,1,1,1,1,1,1,1,1,1,1,1,1,1,1,1,1,1,1,1,1,1,1,1,1,1,1,1,1,1,1,1,1,1,1,1,1,1,1,1,1,1,1,1,1,1,1,1,1,1,1,1,1,1,1,1,1,1,1,1,1,1,1,1,1,1,1,1,NA,Y,NA,NA,NA
12333,Ready to Move,NA,15,N,Gopal Krishna Developers,KDMC,2,5400000,54 Lac,Vitrified,No/Rare Powercut,Monthly,2500,100000,Patel mart.,710,Krishna Square,7605,460,Chakki Naka,East Facing Property,Sq-ft,N,Freehold,Semi-Furnished,2,NA,East,"Garden/Park, Main Road",Resale,15 of 29 Floor,Apartment,Thane,1,Agent,29,Water Availability 24 Hours Available,F,710,Sq-ft,Y,Bachelors/Family,"Chakki Naka, Thane",1 BHK Flat,Sq-ft,0,New Construction,3,NA,1,1,1,1,1,1,1,1,1,1,1,1,1,1,1,1,1,1,1,1,1,1,1,1,1,1,1,1,1,1,1,1,1,1,1,1,1,1,1,1,1,1,1,1,1,1,1,1,1,1,1,1,1,1,1,1,1,1,1,1,1,1,1,1,1,1,1,1,1,1,1,1,1,1,1,1,1,1,1,1,1,1,1,1,1,1,1,1,1,1,NA,NA,NA,NA,NA
12332,Under Construction,Dec '25,11,N,Kohinoor Group,KDMC,25,4100000,41 Lac,Vitrified,No/Rare Powercut,Monthly,0,51000,relax hotel,780,Kohinoor Eden,5256,555,Kalyan East,NA,Sq-ft,Y,Freehold,Unfurnished,2,1 Open,North - East,"Pool, Garden/Park, Main Road",New Property,11 of 23 Floor,Apartment,Thane,2,Agent,23,Water Availability 24 Hours Available,F,780,Sq-ft,Y,Bachelors/Family,"Kalyan East, Thane",2 BHK Flat,Sq-ft,0,NA,1,Y,1,1,1,1,1,1,1,1,1,1,1,1,1,1,1,1,1,1,1,1,1,1,1,1,1,1,1,1,1,1,1,1,1,1,1,1,1,1,1,1,1,1,1,1,1,1,1,1,1,1,1,1,1,1,1,1,1,1,1,1,1,1,1,1,1,1,1,1,1,1,1,1,1,1,1,1,1,1,1,1,1,1,1,1,1,1,1,1,1,1,NA,NA,NA,NA,NA
12331,Under Construction,Mar '25,13,N,NA,KDMC,4,4000000,40 Lac,Ceramic Tiles,No/Rare Powercut,Monthly,1500,54909,Kalyan east.,850,NA,4705,600,Kalyan East,NA,Sq-ft,Y,Freehold,Unfurnished,2,1 Open,North - East,"Garden/Park, Main Road",New Property,13 of 18 Floor,Apartment,Thane,2,Agent,18,Water Availability 24 Hours Available,F,850,Sq-ft,Y,Bachelors/Family,"Kalyan East, Thane",2 BHK Flat,Sq-ft,0,NA,2,Y,1,1,1,1,1,1,1,1,1,1,1,1,1,1,1,1,1,1,1,1,1,1,1,1,1,1,1,1,1,1,1,1,1,1,1,1,1,1,1,1,1,1,1,1,1,1,1,1,1,1,1,1,1,1,1,1,1,1,1,1,1,1,1,1,1,1,1,0,1,1,1,1,1,1,1,1,1,1,1,1,1,1,1,1,1,1,1,1,1,1,NA,Y,NA,NA,NA
12330,Under Construction,Dec '24,13,N,Kohinoor Group,KDMC,2,4387000,43.9 Lac,Vitrified,No/Rare Powercut,Monthly,1750,54000,Kalyan east.,850,Kohinoor Eden,5161,555,Kalyan East,East Facing Property,Sq-ft,Y,Freehold,Unfurnished,2,1 Open,East,"Garden/Park, Pool, Main Road",New Property,13 of 23 Floor,Apartment,Thane,2,Agent,23,Water Availability 24 Hours Available,F,850,Sq-ft,Y,Bachelors/Family,"Kalyan East, Thane",2 BHK Flat,Sq-ft,0,NA,1,Y,1,1,1,1,1,1,1,1,1,1,1,1,1,1,1,1,1,1,1,1,1,1,1,1,1,1,1,1,1,1,1,1,1,1,1,1,1,1,1,1,1,1,1,1,1,1,1,1,1,1,1,1,1,1,1,1,1,1,1,1,1,1,1,1,1,1,1,0,1,1,1,1,1,1,1,1,1,1,1,1,1,1,1,1,1,1,1,1,1,1,NA,Y,NA,NA,NA
12329,Under Construction,Dec '24,8,Y,NA,KDMC,12,2899000,29 Lac,Vitrified,No/Rare Powercut,Per sq. Unit Monthly,2,100000,Kalyan East,423,NA,6853,423,Kalyan East,NA,Sq-ft,Y,Freehold,Unfurnished,2,1 Covered,East,"Garden/Park, Pool",New Property,8 of 23 Floor,Apartment,Thane,1,Agent,23,Water Availability 24 Hours Available,F,423,Sq-ft,Y,Bachelors/Family,"Kalyan East, Thane",1 BHK Flat,Sq-ft,0,NA,2,NA,1,1,1,1,1,1,1,1,1,1,1,1,1,1,1,1,1,1,1,1,1,1,1,1,1,1,1,1,1,1,1,1,1,1,1,1,1,1,1,1,1,1,1,1,1,1,1,1,1,1,1,1,1,1,1,1,1,1,1,1,1,1,1,1,1,1,1,1,1,1,1,1,1,1,1,1,1,1,1,1,1,1,1,1,1,1,1,1,1,1,NA,NA,NA,NA,NA
12328,Under Construction,Jun '25,8,N,Kohinoor Group,KDMC,12,4750000,47.5 Lac,Vitrified,No/Rare Powercut,Per sq. Unit Monthly,3,100000,Chakki Naka Malang Road,790,Kohinoor Eden,6012,555,Kalyan East,NA,Sq-ft,Y,Freehold,Unfurnished,2,1 Covered,East,"Garden/Park, Pool",New Property,8 of 23 Floor,Apartment,Thane,2,Agent,23,Water Availability 24 Hours Available,F,790,Sq-ft,Y,Bachelors/Family,"Kalyan East, Thane",2 BHK Flat,Sq-ft,0,NA,2,NA,1,1,1,1,1,1,1,1,1,1,1,1,1,1,1,1,1,1,1,1,1,1,1,1,1,1,1,1,1,1,1,1,1,1,1,1,1,1,1,1,1,1,1,1,1,1,1,1,1,1,1,1,1,1,1,1,1,1,1,1,1,1,1,1,1,1,1,1,1,1,1,1,1,1,1,1,1,1,1,1,1,1,1,1,1,1,1,1,1,1,NA,NA,NA,NA,NA
12327,Under Construction,Dec '23,29,N,NA,MMRDA,10,23000000,2.30 Cr,"Granite,Vitrified",No/Rare Powercut,Monthly,5152,200000,The property is part of Oshiwara District Center and Highway near.,890,NA,25842,644,Oshiwara,NA,Sq-ft,N,Freehold,Unfurnished,2,1 Covered,East,"Garden/Park, Pool, Main Road",New Property,29 of 42 Floor,Apartment,Mumbai,2,Agent,42,Water Availability 24 Hours Available,F,890,Sq-ft,Y,Bachelors/Family,"Oshiwara, Mumbai",2 BHK Flat,Sq-ft,0,NA,NA,Y,1,1,1,1,1,1,1,1,1,1,1,1,1,1,1,1,1,1,1,1,1,1,1,1,1,1,1,1,1,1,1,1,1,1,1,1,1,1,1,1,1,1,1,1,1,1,1,1,1,1,1,1,1,1,1,1,1,1,1,1,1,1,1,1,1,1,1,1,1,1,0,1,1,1,1,1,1,1,1,1,1,1,1,1,1,1,1,1,1,1,NA,NA,NA,NA,NA
12326,Under Construction,Dec '26,29,Y,Roswalt Realty,MCGM,500,14800000,1.48 Cr,Vitrified,No/Rare Powercut,Monthly,1,200000,"Its close to SV Road, near Ruby hospital, Jogeshwari west.",980,Roswalt Zaiden,15102,605,Oshiwara,NA,Sq-ft,Y,Freehold,Unfurnished,2,1 Covered,East,"Garden/Park, Pool, Main Road",New Property,29 of 38 Floor,Apartment,Mumbai,2,Agent,38,Water Availability 24 Hours Available,F,980,Sq-ft,Y,Bachelors/Family,"Oshiwara, Mumbai",2 BHK Flat,Sq-ft,0,NA,NA,NA,1,1,1,1,1,1,1,1,1,1,1,1,1,1,1,1,1,1,1,1,1,1,1,1,1,1,1,1,1,1,1,1,1,1,1,1,1,1,1,1,1,1,1,1,1,1,1,1,1,1,1,1,1,1,1,1,1,1,1,1,1,1,1,1,1,1,1,1,1,1,1,1,1,1,1,1,1,1,1,1,1,1,1,1,1,1,1,1,1,1,NA,NA,NA,NA,NA
12325,Under Construction,Dec '25,10,Y,Paradigm Realty,MCGM,5,11000000,1.10 Cr,Ceramic Tiles,No/Rare Powercut,Monthly,0,100000,Mega Mall,474,Paradigm Antalya,27500,474,Oshiwara,East Facing Property,Sq-ft,Y,Freehold,Unfurnished,2,1 Covered,East,"Garden/Park, Main Road",New Property,10 of 38 Floor,Apartment,Mumbai,2,Agent,38,Water Availability 24 Hours Available,F,474,Sq-ft,Y,Bachelors/Family,"Oshiwara, Mumbai",2 BHK Flat,Sq-ft,0,NA,NA,Y,1,1,1,1,1,1,1,1,1,1,1,1,1,1,1,1,1,1,1,1,1,1,1,1,1,1,1,1,1,1,1,1,1,1,1,1,1,1,1,1,1,1,1,1,1,1,1,1,1,1,1,1,1,1,1,1,1,1,1,1,1,1,1,1,1,1,1,1,1,1,1,1,1,1,1,1,1,1,1,1,1,1,1,1,1,1,1,1,1,1,NA,NA,NA,NA,NA
12324,Ready to Move,NA,8,Y,Indra Darshan Developer,MCGM,2,26500000,2.65 Cr,"Ceramic Tiles,Granite,Marble,Marbonite,Vitrified",No/Rare Powercut,Monthly,0,1000000,"Near Celebration Club, Opp. Tarapore Tower.",1050,Indradarshan II,25238,800,Oshiwara,"Near Celebration Club, Opp. Tarapore Tower.",Sq-ft,Y,Freehold,Semi-Furnished,2,1 Covered,North - West,"Garden/Park, Pool",Resale,8 of 19 Floor,Apartment,Mumbai,2,Agent,19,Water Availability 24 Hours Available,F,1050,Sq-ft,Y,Bachelors/Family,"Oshiwara, Mumbai",2 BHK Flat,Sq-ft,0,10 to 15 years,1,NA,1,1,1,1,1,1,1,1,1,1,1,1,1,1,1,1,1,1,1,1,1,1,1,1,1,1,1,1,1,1,1,1,1,1,1,1,1,1,1,1,1,1,1,1,1,1,1,1,1,1,1,1,1,1,1,1,1,1,1,1,1,1,1,1,1,1,1,0,1,1,1,1,1,1,1,1,1,1,1,1,1,1,1,1,1,1,1,1,1,1,NA,NA,NA,NA,NA
12323,Under Construction,Dec '25,Upper Basement,N,Sunteck Realty Ltd.,MCGM,3,20300000,2.03 Cr,Vitrified,No/Rare Powercut,Monthly,6500,100000,"Ram Mandir Road, Goregao West.",1064,Sunteck City 4th Avenue,19078,645,Oshiwara,NA,Sq-ft,Y,Co-operative Society,Unfurnished,2,1 Covered,East,Main Road,New Property,Upper Basement of 40 Floor,Apartment,Mumbai,2,Agent,40,Water Availability 24 Hours Available,F,1064,Sq-ft,Y,Bachelors/Family,"Oshiwara, Mumbai",2 BHK Flat,Sq-ft,0,NA,NA,NA,1,1,1,1,1,1,1,1,1,1,1,1,1,1,1,1,1,1,1,1,1,1,1,1,1,1,1,1,1,1,1,1,1,1,1,1,1,1,1,1,1,1,1,1,1,1,1,1,1,1,1,1,1,1,1,1,1,1,1,1,1,1,1,1,1,1,1,1,1,1,1,1,1,1,1,1,1,1,1,1,1,1,1,1,1,1,1,1,1,1,NA,NA,NA,NA,NA
12322,Under Construction,Mar '25,15,N,Paradigm Realty,MCGM,1,11500000,1.15 Cr,"Vitrified,Ceramic Tiles,Marble,Granite",NA,Monthly,2500,200000,102 Downtown is a centrally located limelight for Oshiwara.,780,Paradigm Antalya,14744,601,Oshiwara,NA,Sq-ft,Y,Freehold,Unfurnished,2,NA,West,"Garden/Park, Pool, Main Road",New Property,15 of 28 Floor,Apartment,Mumbai,2,Agent,28,NA,F,780,Sq-ft,Y,Bachelors/Family,"Oshiwara, Mumbai",2 BHK Flat,Sq-ft,0,NA,1,NA,1,1,1,1,1,1,1,1,1,1,1,1,1,1,1,1,1,1,1,1,1,1,1,1,1,1,1,1,1,1,1,1,1,1,1,1,1,1,1,1,1,1,1,1,1,1,1,1,1,1,1,1,1,1,1,1,1,1,1,1,1,1,1,1,1,1,1,1,1,1,1,1,1,1,1,1,1,1,1,1,1,1,1,1,1,1,1,1,1,1,NA,NA,NA,NA,NA
12321,Under Construction,Dec '25,25,Y,Paradigm Realty,NA,NA,8400000,84 Lac,NA,NA,NA,NA,NA,very close to main road,NA,Paradigm Antalya,NA,384,Oshiwara,NA,NA,Y,Freehold,Unfurnished,1,NA,West,Garden/Park,New Property,25 of 38 Floor,Apartment,Mumbai,1,Agent,38,NA,F,NA,Sq-ft,Y,Bachelors/Family,"Oshiwara, Mumbai",1 BHK Flat,NA,0,NA,NA,NA,0,1,0,1,0,1,0,0,1,0,0,0,0,0,0,1,1,0,0,0,1,0,0,0,1,0,0,0,0,0,0,0,0,0,0,0,0,0,0,0,0,0,0,0,0,0,0,0,0,0,0,0,0,0,0,0,0,0,0,0,0,0,0,0,0,0,0,0,0,0,0,0,0,0,0,0,0,0,0,0,0,0,0,0,0,0,0,0,0,0,NA,NA,NA,NA,NA
12320,Under Construction,Mar '23,19,N,NA,NA,NA,12200000,1.22 Cr,NA,NA,NA,NA,NA,"Garden, Hospital,Convent School, Doctors, Grocery shops.",509,NA,23969,NA,Bandivali,NA,Sq-ft,Y,Freehold,Unfurnished,2,NA,North - West,"Garden/Park, Main Road",Resale,19 of 23 Floor,Apartment,Mumbai,1,Agent,23,NA,F,509,NA,Y,Bachelors/Family,"Bandivali, Mumbai",1 BHK Flat,Sq-ft,0,NA,NA,NA,1,1,1,1,1,1,1,1,1,1,1,1,1,1,1,1,1,1,1,1,1,1,1,1,1,1,1,1,1,1,1,1,1,1,1,1,1,1,1,1,1,1,1,1,1,1,1,1,1,1,1,1,1,1,1,1,1,1,1,1,1,1,1,1,1,1,1,1,1,1,0,1,1,1,1,1,1,1,1,1,1,1,1,1,1,1,1,1,1,1,NA,NA,NA,NA,NA
12319,Ready to Move,NA,15,N,NA,MCGM,NA,28500000,2.85 Cr,"Vitrified,Marble,Marbonite",No/Rare Powercut,Monthly,5000,500000,Main Road Near Samarth aagan,1150,NA,24782,815,Oshiwara,NA,Sq-ft,Y,Co-operative Society,Semi-Furnished,2,1 Covered,North,"Pool, Garden/Park, Main Road",Resale,15 of 22 Floor,Apartment,Mumbai,2,Agent,22,Water Availability 24 Hours Available,F,1150,Sq-ft,Y,Bachelors/Family,"Oshiwara, Mumbai",2 BHK Flat,Sq-ft,0,10 to 15 years,NA,NA,1,1,1,1,1,1,1,1,1,1,1,1,1,1,1,1,1,1,1,1,1,1,1,1,1,1,1,1,1,1,1,1,1,1,1,1,1,1,1,1,1,1,1,1,1,1,1,1,1,1,1,1,1,1,1,1,1,1,1,1,1,1,1,1,1,1,1,1,1,1,1,1,1,1,1,1,1,1,1,1,1,1,1,1,1,1,1,1,1,1,NA,NA,NA,NA,NA
12318,Ready to Move,NA,15,N,Lodha,NA,NA,50000000,5 Cr,NA,NA,NA,NA,500000,Ryan school,2500,Lodha Bel Air,20000,1530,Jogeshwari West,NA,Sq-ft,Y,Freehold,Unfurnished,4,NA,West,"Garden/Park, Pool",New Property,15 of 21 Floor,Apartment,Mumbai,5,Agent,21,NA,F,2500,Sq-ft,Y,Bachelors/Family,"Jogeshwari West, Mumbai",5 BHK Flat,Sq-ft,0,New Construction,1,NA,1,1,1,1,1,1,1,1,1,1,1,1,1,1,1,1,1,1,1,1,1,1,1,1,1,1,1,1,1,1,1,1,1,1,1,1,1,1,1,1,1,1,1,1,1,1,1,1,1,1,1,1,1,1,1,1,1,1,1,1,1,1,1,1,1,1,1,1,1,1,1,1,1,1,1,1,1,1,1,1,1,1,1,1,1,1,1,1,1,1,NA,NA,NA,NA,NA
12317,Ready to Move,NA,7,N,Chunawalas Constructions,MCGM,0,14000000,1.40 Cr,Ceramic Tiles,No/Rare Powercut,Monthly,NA,NA,"close to station,school,banks,resturant,market",650,Abba Residency,21538,470,Malcom Baug,NA,Sq-ft,Y,Freehold,Semi-Furnished,2,1 Covered,West,Garden/Park,Resale,7 of 14 Floor,Apartment,Mumbai,1,Agent,14,Water Availability 24 Hours Available,F,650,Sq-ft,Y,Bachelors/Family,"Malcom Baug, Mumbai",1 BHK Flat,Sq-ft,0,10 to 15 years,NA,NA,1,1,1,1,1,1,1,1,1,1,1,1,1,1,1,1,1,1,1,1,1,1,1,1,1,1,1,1,1,1,1,1,1,1,1,1,1,1,1,1,1,1,1,1,1,1,1,1,1,1,1,1,1,1,1,1,1,1,1,1,1,1,1,1,1,1,1,1,1,1,1,1,1,1,1,1,1,1,1,1,1,1,1,1,1,1,1,1,1,1,NA,NA,NA,NA,NA
12316,Under Construction,Dec '25,12,N,Paradigm Realty,MCGM,5,12900000,1.29 Cr,"Ceramic Tiles,Vitrified",No/Rare Powercut,Monthly,6000,1000000,"Relief Road, Off, Sv Rd, Oshiwara, Mumbai, Maharashtra 400102.",927,Paradigm Antalya,13915,601,Oshiwara,East Facing Property,Sq-ft,Y,Freehold,Unfurnished,2,NA,East,"Garden/Park, Main Road",New Property,12 of 34 Floor,Apartment,Mumbai,2,Agent,34,Water Availability 24 Hours Available,F,927,Sq-ft,Y,Bachelors/Family,"Oshiwara, Mumbai",2 BHK Flat,Sq-ft,0,NA,NA,NA,1,1,1,1,1,1,1,1,1,1,1,1,1,1,1,1,1,1,1,1,1,1,1,1,1,1,1,1,1,1,1,1,1,1,1,1,1,1,1,1,1,1,1,1,1,1,1,1,1,1,1,1,1,1,1,1,1,1,1,1,1,1,1,1,1,1,1,1,1,1,1,1,1,1,1,1,1,1,1,1,1,1,1,1,1,1,1,1,1,1,NA,NA,NA,NA,NA
12315,Ready to Move,NA,NA,N,Matra Realty Ltd.,ABAAut,11,19500000,1.95 Cr,Ceramic Tiles,No/Rare Powercut,Monthly,4000,500000,"Oshiwara Mhada, Andheri West",1000,Oshiwara mhada,17500,750,Oshiwara,NA,Sq-ft,Y,Co-operative Society,Semi-Furnished,2,1 Open,North,"Garden/Park, Main Road",Resale,NA,Apartment,Mumbai,2,Agent,NA,Water Availability 24 Hours Available,F,1000,Sq-ft,Y,Bachelors/Family,"Oshiwara, Mumbai",2 BHK Flat,Sq-ft,0,10 to 15 years,NA,NA,1,1,1,1,1,1,1,1,1,1,1,1,1,1,1,1,1,1,1,1,1,1,1,1,1,1,1,1,1,1,1,1,1,1,1,1,1,1,1,1,1,1,1,1,1,1,1,1,1,1,1,1,1,1,1,1,1,1,1,1,1,1,1,1,1,1,1,1,1,1,1,1,1,1,1,1,1,1,1,1,1,1,1,1,1,1,1,1,1,1,NA,Y,NA,NA,NA
12314,Under Construction,Dec '25,29,N,Paradigm Realty,ABADev,4,8000000,80 Lac,Vitrified,No/Rare Powercut,Per sq. Unit Monthly,5,100000,"Off, Swami Vivekananda Rd, Oshiwara, Mumbai, Maharashtra 400102",610,Paradigm Antalya,13114,378,Oshiwara,NA,Sq-ft,Y,Freehold,Unfurnished,1,"1 Covered, 1 Open",East,"Garden/Park, Pool, Main Road",New Property,29 of 38 Floor,Apartment,Mumbai,1,Agent,38,Water Availability 24 Hours Available,F,610,Sq-ft,Y,Bachelors/Family,"Oshiwara, Mumbai",1 BHK Flat,Sq-ft,0,NA,NA,NA,1,1,1,1,1,1,1,1,1,1,1,1,1,1,1,1,1,1,1,1,1,1,1,1,1,1,1,1,1,1,1,1,1,1,1,1,1,1,1,1,1,1,1,1,1,1,1,1,1,1,1,1,1,1,1,1,1,1,1,1,1,1,1,1,1,1,1,1,1,1,1,1,1,1,1,1,1,1,1,1,1,1,1,1,1,1,1,1,1,1,NA,Y,NA,NA,NA
12313,Under Construction,Nov '26,24,N,Roswalt Realty,MCGM,2,19500000,1.95 Cr,"Ceramic Tiles,Marble",No/Rare Powercut,Monthly,4500,200000,Near By Jogeshwari Station,809,Roswalt Zaiden,24103,675,Jogeshwari West,East Facing Property,Sq-ft,Y,Freehold,Unfurnished,2,1 Covered,East,"Garden/Park, Pool, Main Road",New Property,24 of 33 Floor,Apartment,Mumbai,2,Agent,33,Water Availability 24 Hours Available,F,809,Sq-ft,Y,Bachelors/Family,"Jogeshwari West, Mumbai",2 BHK Flat,Sq-ft,0,NA,NA,NA,1,1,1,1,1,1,1,1,1,1,1,1,1,1,1,1,1,1,1,1,1,1,1,1,1,1,1,1,1,1,1,1,1,1,1,1,1,1,1,1,1,1,1,1,1,1,1,1,1,1,1,1,1,1,1,1,1,1,1,1,1,1,1,1,1,1,1,1,0,1,1,1,1,1,1,1,1,1,1,1,1,1,1,1,1,1,1,1,1,1,NA,NA,NA,NA,NA
12312,Ready to Move,NA,2,N,NA,MCGM,0,11000000,1.10 Cr,"Ceramic Tiles,Vitrified",No/Rare Powercut,Per sq. Unit Monthly,5,100000,"opp malkani tower, near delhi darbar hotel",615,NA,17886,435,Bandivali,East Facing Property,Sq-ft,Y,Freehold,Semi-Furnished,1,1 Covered,East,"Garden/Park, Main Road",Resale,2 of 7 Floor,Apartment,Mumbai,1,Agent,7,Water Availability 24 Hours Available,F,615,Sq-ft,Y,Bachelors/Family,"Bandivali, Mumbai",1 BHK Flat,Sq-ft,0,10 to 15 years,NA,NA,1,1,1,1,1,1,1,1,1,1,1,1,1,1,1,1,1,1,1,1,1,1,1,1,1,1,1,1,1,1,1,1,1,1,1,1,1,1,1,1,1,1,1,1,1,1,1,1,1,1,1,1,1,1,1,1,1,1,1,1,1,1,1,1,1,1,1,1,1,1,1,1,1,1,1,1,1,1,1,1,1,1,1,1,1,1,1,1,1,1,NA,Y,NA,NA,NA
12311,Ready to Move,NA,4,N,Lodha,MCGM,0,22500000,2.25 Cr,Ceramic Tiles,No/Rare Powercut,Monthly,7000,200000,near Amboli police station,820,Lodha Bel Air,27439,720,Jogeshwari West,NA,Sq-ft,Y,Freehold,Unfurnished,2,1 Open,North - East,"Garden/Park, Pool",Resale,4 of 21 Floor,Apartment,Mumbai,2,Agent,21,Water Availability 24 Hours Available,F,820,Sq-ft,Y,Bachelors/Family,"Jogeshwari West, Mumbai",2 BHK Flat,Sq-ft,0,New Construction,NA,NA,1,1,1,1,1,1,1,1,1,1,1,1,1,1,1,1,1,1,1,1,1,1,1,1,1,1,1,1,1,1,1,1,1,1,1,1,1,1,1,1,1,1,1,1,1,1,1,1,1,1,1,1,1,1,1,1,1,1,1,1,1,1,1,1,1,1,1,1,1,1,1,1,1,1,1,1,1,1,1,1,1,1,1,1,1,1,1,1,1,1,NA,NA,NA,NA,NA
12310,Ready to Move,NA,4,N,Serenity Groups,MCGM,0,20000000,2 Cr,Vitrified,No/Rare Powercut,Monthly,5000,500000,opp heer panna mall oshiwara sndheri west,985,Serenity Apartment,20304,700,Oshiwara,East Facing Property,Sq-ft,Y,Freehold,Unfurnished,2,1 Covered,East,Garden/Park,Resale,4 of 7 Floor,Apartment,Mumbai,2,Agent,7,Water Availability 24 Hours Available,F,985,Sq-ft,Y,Bachelors/Family,"Oshiwara, Mumbai",2 BHK Flat,Sq-ft,0,Above 20 years,NA,NA,1,1,1,1,1,1,1,1,1,1,1,1,1,1,1,1,1,1,1,1,1,1,1,1,1,1,1,1,1,1,1,1,1,1,1,1,1,1,1,1,1,1,1,1,1,1,1,1,1,1,1,1,1,1,1,1,1,1,1,1,1,1,1,1,1,1,1,1,0,1,1,1,1,1,1,1,1,1,1,1,1,1,1,1,1,1,1,1,1,1,NA,Y,NA,NA,NA
12309,Ready to Move,NA,Lower Basement,N,NA,MCGM,NA,16700000,1.67 Cr,"Mosaic,Marble,Granite,Marbonite",No/Rare Powercut,Monthly,5000,500000,Near Ruby Hospital Jogeshwari West,1043,Chandiwala Pearl Platinum,16011,652,Jogeshwari West,Near Ruby Hospital Jogeshwari West,Sq-ft,Y,Freehold,Unfurnished,2,1 Covered,West,"Main Road, Garden/Park",New Property,Lower Basement of 21 Floor,Apartment,Mumbai,2,Agent,21,Water Availability 24 Hours Available,F,1043,Sq-ft,Y,Bachelors/Family,"Jogeshwari West, Mumbai",2 BHK Flat,Sq-ft,0,New Construction,NA,NA,1,1,1,1,1,1,1,1,1,1,1,1,1,1,1,1,1,1,1,1,1,1,1,1,1,1,1,1,1,1,1,1,1,1,1,1,1,1,1,1,1,1,1,1,1,1,1,1,1,1,1,1,1,1,1,1,1,1,1,1,1,1,1,1,1,1,1,1,1,1,1,1,1,1,1,1,1,1,1,1,1,1,1,1,1,1,1,1,1,1,NA,NA,NA,NA,NA
12308,Under Construction,Dec '26,8,N,Roswalt Realty,MCGM,35,22000000,2.20 Cr,"Ceramic Tiles,Vitrified",No/Rare Powercut,Per sq. Unit Monthly,7,200000,S V road,809,Roswalt Zaiden,27194,809,Jogeshwari West,NA,Sq-ft,N,Freehold,Unfurnished,3,1 Covered,North - East,"Garden/Park, Main Road",New Property,8 of 33 Floor,Apartment,Mumbai,3,Agent,33,Water Availability 24 Hours Available,F,809,Sq-ft,Y,Bachelors/Family,"Jogeshwari West, Mumbai",3 BHK Flat,Sq-ft,0,NA,NA,Y,1,1,1,1,1,1,1,1,1,1,1,1,1,1,1,1,1,1,1,1,1,1,1,1,1,1,1,1,1,1,1,1,1,1,1,1,1,1,1,1,1,1,1,1,1,1,1,1,1,1,1,1,1,1,1,1,1,1,1,1,1,1,1,1,1,1,1,1,1,1,1,1,1,1,1,1,1,1,1,1,1,1,1,1,1,1,1,1,1,1,NA,NA,NA,NA,NA
12307,Under Construction,Dec '23,23,N,Paradigm Realty,MCGM,NA,10900000,1.09 Cr,Marble,NA,Monthly,NA,500000,Oshiwara,650,Paradigm Antalya,16769,515,Oshiwara,NA,Sq-ft,Y,Freehold,Unfurnished,2,NA,West,Garden/Park,New Property,23 of 38 Floor,Apartment,Mumbai,2,Agent,38,NA,F,650,Sq-ft,Y,Bachelors/Family,"Oshiwara, Mumbai",2 BHK Flat,Sq-ft,0,NA,NA,NA,1,1,1,1,1,1,1,1,1,1,1,1,1,1,1,1,1,1,1,1,1,1,1,1,1,1,1,1,1,1,1,1,1,1,1,1,1,1,1,1,1,1,1,1,1,1,1,1,1,1,1,1,1,1,1,1,1,1,1,1,1,1,1,1,1,1,1,1,1,1,1,1,1,1,1,1,1,1,1,1,1,1,1,1,1,1,1,1,1,1,NA,NA,NA,NA,NA
12306,Ready to Move,NA,4,N,Samarth Development Corporation,MCGM,0,28500000,2.85 Cr,Vitrified,No/Rare Powercut,Monthly,5600,500000,"The. Property is close to Metro Station , Schools , Colleges , Rsturnt",1150,Samartha Deep,24782,850,Oshiwara,NA,Sq-ft,Y,Co-operative Society,Semi-Furnished,2,1 Open,North,"Garden/Park, Pool, Main Road",Resale,4 of 18 Floor,Apartment,Mumbai,2,Agent,18,Water Availability 24 Hours Available,F,1150,Sq-ft,Y,Bachelors/Family,"Oshiwara, Mumbai",2 BHK Flat,Sq-ft,0,10 to 15 years,NA,NA,1,1,1,1,1,1,1,1,1,1,1,1,1,1,1,1,1,1,1,1,1,1,1,1,1,1,1,1,1,1,1,1,1,1,1,1,1,1,1,1,1,1,1,1,1,1,1,1,1,1,1,1,1,1,1,1,1,1,1,1,1,1,1,1,1,1,1,1,1,1,0,1,1,1,1,1,1,1,1,1,1,1,1,1,1,1,1,1,1,1,NA,Y,NA,NA,NA
12305,Ready to Move,NA,8,Y,NA,MCGM,0,135000000,13.50 Cr,"Vitrified,Marble",No/Rare Powercut,Per sq. Unit Monthly,14,5100000,Next to Raheja Windermere,3300,NA,40909,2300,Oshiwara,NA,Sq-ft,Y,Freehold,Unfurnished,5,2 Open,North,"Garden/Park, Pool, Main Road",Resale,8 of 36 Floor,Apartment,Mumbai,4,Agent,36,Water Availability 24 Hours Available,F,3300,Sq-ft,Y,Bachelors/Family,"Oshiwara, Mumbai",4 BHK Flat,Sq-ft,0,Less than 5 years,6,NA,1,1,1,1,1,1,1,1,1,1,1,1,1,1,1,1,1,1,1,1,1,1,1,1,1,1,1,1,1,1,1,1,1,1,1,1,1,1,1,1,1,1,1,1,1,1,1,1,1,1,1,1,1,1,1,1,1,1,1,1,1,1,1,1,1,1,1,1,1,0,1,1,1,1,1,1,1,1,1,1,1,1,1,1,1,1,1,1,1,1,NA,NA,NA,NA,NA
12304,Ready to Move,NA,15,N,Windsor Realty,MHADA,5,120000000,12 Cr,"Granite,Marble,Marbonite",No/Rare Powercut,Monthly,30000,2500000,Located @ oshiwara::::prime location::::with all amenities.,4300,Windsor Grande Residences,27906,2800,Oshiwara,NA,Sq-ft,Y,Freehold,Furnished,5,3 Covered,South -West,Main Road,Resale,15 of 25 Floor,Apartment,Mumbai,4,Agent,25,Water Availability 24 Hours Available,F,4300,Sq-ft,Y,Bachelors/Family,"Oshiwara, Mumbai",4 BHK Flat,Sq-ft,0,5 to 10 years,3,NA,1,1,1,1,1,1,1,1,1,1,1,1,1,1,1,1,1,1,1,1,1,1,1,1,1,1,1,1,1,1,1,1,1,1,1,1,1,1,1,1,1,1,1,1,1,1,1,1,1,1,1,1,1,1,1,1,1,1,1,1,1,1,1,1,1,1,1,1,1,1,0,1,1,1,1,1,1,1,1,1,1,1,1,1,1,1,1,1,1,1,NA,NA,NA,NA,NA
12303,Under Construction,Dec '25,23,N,Paradigm Realty,ABADev,4,7800000,78 Lac,Vitrified,No/Rare Powercut,Per sq. Unit Monthly,5,100000,"Relief Road, Off, Swami Vivekananda Rd, Oshiwara, Mumbai, Maharashtra",610,Paradigm Antalya,12786,378,Oshiwara,NA,Sq-ft,Y,Freehold,Unfurnished,1,"1 Covered, 1 Open",East,"Garden/Park, Pool, Main Road",New Property,23 of 38 Floor,Apartment,Mumbai,1,Agent,38,Water Availability 24 Hours Available,F,610,Sq-ft,Y,Bachelors/Family,"Oshiwara, Mumbai",1 BHK Flat,Sq-ft,0,NA,NA,NA,1,1,1,1,1,1,1,1,1,1,1,1,1,1,1,1,1,1,1,1,1,1,1,1,1,1,1,1,1,1,1,1,1,1,1,1,1,1,1,1,1,1,1,1,1,1,1,1,1,1,1,1,1,1,1,1,1,1,1,1,1,1,1,1,1,1,1,1,1,1,1,1,1,1,1,1,1,1,1,1,1,1,1,1,1,1,1,1,1,1,NA,Y,NA,NA,NA
12302,Jun '26,Jun '26,NA,Y,Paradigm Realty,NA,NA,12300000,1.23 Cr,NA,No/Rare Powercut,NA,NA,NA,NA,NA,Paradigm Antalya,NA,534,Oshiwara,NA,NA,N,NA,Unfurnished,2,1 Open,NA,NA,New Property,NA,Apartment,Mumbai,2,Builder,NA,Water Availability 24 Hours Available,F,NA,Sq-ft,Y,Bachelors/Family,"Oshiwara, Mumbai",2 BHK Flat,NA,0,NA,NA,NA,0,0,0,0,0,0,0,0,0,0,0,0,0,0,0,0,0,0,0,0,0,0,0,0,0,0,0,0,0,0,0,0,0,0,0,0,0,0,0,0,0,0,0,0,0,0,0,0,0,0,0,0,0,0,0,0,0,0,0,0,0,0,0,0,0,0,0,0,0,0,0,0,0,0,0,0,0,0,0,0,0,0,0,0,0,0,0,0,0,0,Jun '26,NA,NA,NA,NA
12301,Jun '26,Jun '26,NA,Y,Paradigm Realty,NA,NA,7100000,71 Lac,NA,No/Rare Powercut,NA,NA,NA,NA,NA,Paradigm Antalya,NA,358,Oshiwara,NA,NA,N,NA,Unfurnished,1,1 Open,NA,NA,New Property,NA,Apartment,Mumbai,1,Builder,NA,Water Availability 24 Hours Available,F,NA,Sq-ft,Y,Bachelors/Family,"Oshiwara, Mumbai",1 BHK Flat,NA,0,NA,NA,NA,0,0,0,0,0,0,0,0,0,0,0,0,0,0,0,0,0,0,0,0,0,0,0,0,0,0,0,0,0,0,0,0,0,0,0,0,0,0,0,0,0,0,0,0,0,0,0,0,0,0,0,0,0,0,0,0,0,0,0,0,0,0,0,0,0,0,0,0,0,0,0,0,0,0,0,0,0,0,0,0,0,0,0,0,0,0,0,0,0,0,Jun '26,NA,NA,NA,NA
12300,Dec '28,NA,NA,Y,Roswalt Realty,NA,NA,15800000,1.58 Cr,NA,No/Rare Powercut,NA,NA,NA,NA,NA,Roswalt Zaiden,NA,605,Jogeshwari West,NA,NA,N,NA,Unfurnished,3,NA,NA,NA,New Property,NA,Apartment,Mumbai,2,Builder,NA,Water Availability 24 Hours Available,F,NA,Sq-ft,Y,Bachelors/Family,"Jogeshwari West, Mumbai",2 BHK Flat,NA,0,NA,NA,Y,0,0,0,0,0,0,0,0,0,0,0,0,0,0,0,0,0,0,0,0,0,0,0,0,0,0,0,0,0,0,0,0,0,0,0,0,0,0,0,0,0,0,0,0,0,0,0,0,0,0,0,0,0,0,0,0,0,0,0,0,0,0,0,0,0,0,0,0,0,0,0,0,0,0,0,0,0,0,0,0,0,0,0,0,0,0,0,0,0,0,Dec '28,NA,NA,NA,NA
12299,Nov '25,NA,NA,Y,Lashkaria Housing and Infrastructure Pvt Ltd,NA,NA,9420000,94.2 Lac,NA,No/Rare Powercut,NA,NA,NA,NA,NA,Lashkaria Pearl,NA,351,Jogeshwari West,NA,NA,N,NA,Unfurnished,1,NA,NA,NA,New Property,NA,Apartment,Mumbai,1,Builder,NA,Water Availability 24 Hours Available,F,NA,Sq-ft,Y,Bachelors/Family,"Jogeshwari West, Mumbai",1 BHK Flat,NA,0,NA,NA,Y,0,0,0,0,0,0,0,0,0,0,0,0,0,0,0,0,0,0,0,0,0,0,0,0,0,0,0,0,0,0,0,0,0,0,0,0,0,0,0,0,0,0,0,0,0,0,0,0,0,0,0,0,0,0,0,0,0,0,0,0,0,0,0,0,0,0,0,0,0,0,0,0,0,0,0,0,0,0,0,0,0,0,0,0,0,0,0,0,0,0,Nov '25,NA,NA,NA,NA
12298,Dec '28,NA,NA,Y,Roswalt Realty,NA,NA,10300000,1.03 Cr,NA,No/Rare Powercut,NA,NA,NA,NA,NA,Roswalt Zaiden,NA,401,Jogeshwari West,NA,NA,N,NA,Unfurnished,2,NA,NA,NA,New Property,NA,Apartment,Mumbai,1,Builder,NA,Water Availability 24 Hours Available,F,NA,Sq-ft,Y,Bachelors/Family,"Jogeshwari West, Mumbai",1 BHK Flat,NA,0,NA,NA,Y,0,0,0,0,0,0,0,0,0,0,0,0,0,0,0,0,0,0,0,0,0,0,0,0,0,0,0,0,0,0,0,0,0,0,0,0,0,0,0,0,0,0,0,0,0,0,0,0,0,0,0,0,0,0,0,0,0,0,0,0,0,0,0,0,0,0,0,0,0,0,0,0,0,0,0,0,0,0,0,0,0,0,0,0,0,0,0,0,0,0,Dec '28,NA,NA,NA,NA
12297,Under Construction,Dec '25,29,N,Paradigm Realty,ABADev,4,8000000,80 Lac,Vitrified,No/Rare Powercut,Per sq. Unit Monthly,5,100000,"Off, Swami Vivekananda Rd, Oshiwara, Mumbai, Maharashtra 400102",610,Paradigm Antalya,13114,378,Oshiwara,NA,Sq-ft,Y,Freehold,Unfurnished,1,"1 Covered, 1 Open",East,"Garden/Park, Pool, Main Road",New Property,29 of 38 Floor,Apartment,Mumbai,1,Agent,38,Water Availability 24 Hours Available,F,610,Sq-ft,Y,Bachelors/Family,"Oshiwara, Mumbai",1 BHK Flat,Sq-ft,0,NA,NA,NA,1,1,1,1,1,1,1,1,1,1,1,1,1,1,1,1,1,1,1,1,1,1,1,1,1,1,1,1,1,1,1,1,1,1,1,1,1,1,1,1,1,1,1,1,1,1,1,1,1,1,1,1,1,1,1,1,1,1,1,1,1,1,1,1,1,1,1,1,1,1,1,1,1,1,1,1,1,1,1,1,1,1,1,1,1,1,1,1,1,1,NA,Y,NA,NA,NA
12296,Under Construction,Nov '26,24,N,Roswalt Realty,MCGM,2,19500000,1.95 Cr,"Ceramic Tiles,Marble",No/Rare Powercut,Monthly,4500,200000,Near By Jogeshwari Station,809,Roswalt Zaiden,24103,675,Jogeshwari West,East Facing Property,Sq-ft,Y,Freehold,Unfurnished,2,1 Covered,East,"Garden/Park, Pool, Main Road",New Property,24 of 33 Floor,Apartment,Mumbai,2,Agent,33,Water Availability 24 Hours Available,F,809,Sq-ft,Y,Bachelors/Family,"Jogeshwari West, Mumbai",2 BHK Flat,Sq-ft,0,NA,NA,NA,1,1,1,1,1,1,1,1,1,1,1,1,1,1,1,1,1,1,1,1,1,1,1,1,1,1,1,1,1,1,1,1,1,1,1,1,1,1,1,1,1,1,1,1,1,1,1,1,1,1,1,1,1,1,1,1,1,1,1,1,1,1,1,1,1,1,1,1,0,1,1,1,1,1,1,1,1,1,1,1,1,1,1,1,1,1,1,1,1,1,NA,NA,NA,NA,NA
12295,Ready to Move,NA,2,N,NA,MCGM,0,11000000,1.10 Cr,"Ceramic Tiles,Vitrified",No/Rare Powercut,Per sq. Unit Monthly,5,100000,"opp malkani tower, near delhi darbar hotel",615,NA,17886,435,Bandivali,East Facing Property,Sq-ft,Y,Freehold,Semi-Furnished,1,1 Covered,East,"Garden/Park, Main Road",Resale,2 of 7 Floor,Apartment,Mumbai,1,Agent,7,Water Availability 24 Hours Available,F,615,Sq-ft,Y,Bachelors/Family,"Bandivali, Mumbai",1 BHK Flat,Sq-ft,0,10 to 15 years,NA,NA,1,1,1,1,1,1,1,1,1,1,1,1,1,1,1,1,1,1,1,1,1,1,1,1,1,1,1,1,1,1,1,1,1,1,1,1,1,1,1,1,1,1,1,1,1,1,1,1,1,1,1,1,1,1,1,1,1,1,1,1,1,1,1,1,1,1,1,1,1,1,1,1,1,1,1,1,1,1,1,1,1,1,1,1,1,1,1,1,1,1,NA,Y,NA,NA,NA
12294,Ready to Move,NA,4,N,Lodha,MCGM,0,22500000,2.25 Cr,Ceramic Tiles,No/Rare Powercut,Monthly,7000,200000,near Amboli police station,820,Lodha Bel Air,27439,720,Jogeshwari West,NA,Sq-ft,Y,Freehold,Unfurnished,2,1 Open,North - East,"Garden/Park, Pool",Resale,4 of 21 Floor,Apartment,Mumbai,2,Agent,21,Water Availability 24 Hours Available,F,820,Sq-ft,Y,Bachelors/Family,"Jogeshwari West, Mumbai",2 BHK Flat,Sq-ft,0,New Construction,NA,NA,1,1,1,1,1,1,1,1,1,1,1,1,1,1,1,1,1,1,1,1,1,1,1,1,1,1,1,1,1,1,1,1,1,1,1,1,1,1,1,1,1,1,1,1,1,1,1,1,1,1,1,1,1,1,1,1,1,1,1,1,1,1,1,1,1,1,1,1,1,1,1,1,1,1,1,1,1,1,1,1,1,1,1,1,1,1,1,1,1,1,NA,NA,NA,NA,NA
12293,Ready to Move,NA,4,N,Serenity Groups,MCGM,0,20000000,2 Cr,Vitrified,No/Rare Powercut,Monthly,5000,500000,opp heer panna mall oshiwara sndheri west,985,Serenity Apartment,20304,700,Oshiwara,East Facing Property,Sq-ft,Y,Freehold,Unfurnished,2,1 Covered,East,Garden/Park,Resale,4 of 7 Floor,Apartment,Mumbai,2,Agent,7,Water Availability 24 Hours Available,F,985,Sq-ft,Y,Bachelors/Family,"Oshiwara, Mumbai",2 BHK Flat,Sq-ft,0,Above 20 years,NA,NA,1,1,1,1,1,1,1,1,1,1,1,1,1,1,1,1,1,1,1,1,1,1,1,1,1,1,1,1,1,1,1,1,1,1,1,1,1,1,1,1,1,1,1,1,1,1,1,1,1,1,1,1,1,1,1,1,1,1,1,1,1,1,1,1,1,1,1,1,0,1,1,1,1,1,1,1,1,1,1,1,1,1,1,1,1,1,1,1,1,1,NA,Y,NA,NA,NA
12292,Ready to Move,NA,Lower Basement,N,NA,MCGM,NA,16700000,1.67 Cr,"Mosaic,Marble,Granite,Marbonite",No/Rare Powercut,Monthly,5000,500000,Near Ruby Hospital Jogeshwari West,1043,Chandiwala Pearl Platinum,16011,652,Jogeshwari West,Near Ruby Hospital Jogeshwari West,Sq-ft,Y,Freehold,Unfurnished,2,1 Covered,West,"Main Road, Garden/Park",New Property,Lower Basement of 21 Floor,Apartment,Mumbai,2,Agent,21,Water Availability 24 Hours Available,F,1043,Sq-ft,Y,Bachelors/Family,"Jogeshwari West, Mumbai",2 BHK Flat,Sq-ft,0,New Construction,NA,NA,1,1,1,1,1,1,1,1,1,1,1,1,1,1,1,1,1,1,1,1,1,1,1,1,1,1,1,1,1,1,1,1,1,1,1,1,1,1,1,1,1,1,1,1,1,1,1,1,1,1,1,1,1,1,1,1,1,1,1,1,1,1,1,1,1,1,1,1,1,1,1,1,1,1,1,1,1,1,1,1,1,1,1,1,1,1,1,1,1,1,NA,NA,NA,NA,NA
12291,Under Construction,Dec '26,8,N,Roswalt Realty,MCGM,35,22000000,2.20 Cr,"Ceramic Tiles,Vitrified",No/Rare Powercut,Per sq. Unit Monthly,7,200000,S V road,809,Roswalt Zaiden,27194,809,Jogeshwari West,NA,Sq-ft,N,Freehold,Unfurnished,3,1 Covered,North - East,"Garden/Park, Main Road",New Property,8 of 33 Floor,Apartment,Mumbai,3,Agent,33,Water Availability 24 Hours Available,F,809,Sq-ft,Y,Bachelors/Family,"Jogeshwari West, Mumbai",3 BHK Flat,Sq-ft,0,NA,NA,Y,1,1,1,1,1,1,1,1,1,1,1,1,1,1,1,1,1,1,1,1,1,1,1,1,1,1,1,1,1,1,1,1,1,1,1,1,1,1,1,1,1,1,1,1,1,1,1,1,1,1,1,1,1,1,1,1,1,1,1,1,1,1,1,1,1,1,1,1,1,1,1,1,1,1,1,1,1,1,1,1,1,1,1,1,1,1,1,1,1,1,NA,NA,NA,NA,NA
12290,Under Construction,Dec '23,23,N,Paradigm Realty,MCGM,NA,10900000,1.09 Cr,Marble,NA,Monthly,NA,500000,Oshiwara,650,Paradigm Antalya,16769,515,Oshiwara,NA,Sq-ft,Y,Freehold,Unfurnished,2,NA,West,Garden/Park,New Property,23 of 38 Floor,Apartment,Mumbai,2,Agent,38,NA,F,650,Sq-ft,Y,Bachelors/Family,"Oshiwara, Mumbai",2 BHK Flat,Sq-ft,0,NA,NA,NA,1,1,1,1,1,1,1,1,1,1,1,1,1,1,1,1,1,1,1,1,1,1,1,1,1,1,1,1,1,1,1,1,1,1,1,1,1,1,1,1,1,1,1,1,1,1,1,1,1,1,1,1,1,1,1,1,1,1,1,1,1,1,1,1,1,1,1,1,1,1,1,1,1,1,1,1,1,1,1,1,1,1,1,1,1,1,1,1,1,1,NA,NA,NA,NA,NA
12289,Ready to Move,NA,4,N,Samarth Development Corporation,MCGM,0,28500000,2.85 Cr,Vitrified,No/Rare Powercut,Monthly,5600,500000,"The. Property is close to Metro Station , Schools , Colleges , Rsturnt",1150,Samartha Deep,24782,850,Oshiwara,NA,Sq-ft,Y,Co-operative Society,Semi-Furnished,2,1 Open,North,"Garden/Park, Pool, Main Road",Resale,4 of 18 Floor,Apartment,Mumbai,2,Agent,18,Water Availability 24 Hours Available,F,1150,Sq-ft,Y,Bachelors/Family,"Oshiwara, Mumbai",2 BHK Flat,Sq-ft,0,10 to 15 years,NA,NA,1,1,1,1,1,1,1,1,1,1,1,1,1,1,1,1,1,1,1,1,1,1,1,1,1,1,1,1,1,1,1,1,1,1,1,1,1,1,1,1,1,1,1,1,1,1,1,1,1,1,1,1,1,1,1,1,1,1,1,1,1,1,1,1,1,1,1,1,1,1,0,1,1,1,1,1,1,1,1,1,1,1,1,1,1,1,1,1,1,1,NA,Y,NA,NA,NA
12288,Ready to Move,NA,8,Y,NA,MCGM,0,135000000,13.50 Cr,"Vitrified,Marble",No/Rare Powercut,Per sq. Unit Monthly,14,5100000,Next to Raheja Windermere,3300,NA,40909,2300,Oshiwara,NA,Sq-ft,Y,Freehold,Unfurnished,5,2 Open,North,"Garden/Park, Pool, Main Road",Resale,8 of 36 Floor,Apartment,Mumbai,4,Agent,36,Water Availability 24 Hours Available,F,3300,Sq-ft,Y,Bachelors/Family,"Oshiwara, Mumbai",4 BHK Flat,Sq-ft,0,Less than 5 years,6,NA,1,1,1,1,1,1,1,1,1,1,1,1,1,1,1,1,1,1,1,1,1,1,1,1,1,1,1,1,1,1,1,1,1,1,1,1,1,1,1,1,1,1,1,1,1,1,1,1,1,1,1,1,1,1,1,1,1,1,1,1,1,1,1,1,1,1,1,1,1,0,1,1,1,1,1,1,1,1,1,1,1,1,1,1,1,1,1,1,1,1,NA,NA,NA,NA,NA
12287,Ready to Move,NA,15,N,Windsor Realty,MHADA,5,120000000,12 Cr,"Granite,Marble,Marbonite",No/Rare Powercut,Monthly,30000,2500000,Located @ oshiwara::::prime location::::with all amenities.,4300,Windsor Grande Residences,27906,2800,Oshiwara,NA,Sq-ft,Y,Freehold,Furnished,5,3 Covered,South -West,Main Road,Resale,15 of 25 Floor,Apartment,Mumbai,4,Agent,25,Water Availability 24 Hours Available,F,4300,Sq-ft,Y,Bachelors/Family,"Oshiwara, Mumbai",4 BHK Flat,Sq-ft,0,5 to 10 years,3,NA,1,1,1,1,1,1,1,1,1,1,1,1,1,1,1,1,1,1,1,1,1,1,1,1,1,1,1,1,1,1,1,1,1,1,1,1,1,1,1,1,1,1,1,1,1,1,1,1,1,1,1,1,1,1,1,1,1,1,1,1,1,1,1,1,1,1,1,1,1,1,0,1,1,1,1,1,1,1,1,1,1,1,1,1,1,1,1,1,1,1,NA,NA,NA,NA,NA
12286,Under Construction,Dec '25,23,N,Paradigm Realty,ABADev,4,7800000,78 Lac,Vitrified,No/Rare Powercut,Per sq. Unit Monthly,5,100000,"Relief Road, Off, Swami Vivekananda Rd, Oshiwara, Mumbai, Maharashtra",610,Paradigm Antalya,12786,378,Oshiwara,NA,Sq-ft,Y,Freehold,Unfurnished,1,"1 Covered, 1 Open",East,"Garden/Park, Pool, Main Road",New Property,23 of 38 Floor,Apartment,Mumbai,1,Agent,38,Water Availability 24 Hours Available,F,610,Sq-ft,Y,Bachelors/Family,"Oshiwara, Mumbai",1 BHK Flat,Sq-ft,0,NA,NA,NA,1,1,1,1,1,1,1,1,1,1,1,1,1,1,1,1,1,1,1,1,1,1,1,1,1,1,1,1,1,1,1,1,1,1,1,1,1,1,1,1,1,1,1,1,1,1,1,1,1,1,1,1,1,1,1,1,1,1,1,1,1,1,1,1,1,1,1,1,1,1,1,1,1,1,1,1,1,1,1,1,1,1,1,1,1,1,1,1,1,1,NA,Y,NA,NA,NA
12285,Jun '26,Jun '26,NA,Y,Paradigm Realty,NA,NA,12300000,1.23 Cr,NA,No/Rare Powercut,NA,NA,NA,NA,NA,Paradigm Antalya,NA,534,Oshiwara,NA,NA,N,NA,Unfurnished,2,1 Open,NA,NA,New Property,NA,Apartment,Mumbai,2,Builder,NA,Water Availability 24 Hours Available,F,NA,Sq-ft,Y,Bachelors/Family,"Oshiwara, Mumbai",2 BHK Flat,NA,0,NA,NA,NA,0,0,0,0,0,0,0,0,0,0,0,0,0,0,0,0,0,0,0,0,0,0,0,0,0,0,0,0,0,0,0,0,0,0,0,0,0,0,0,0,0,0,0,0,0,0,0,0,0,0,0,0,0,0,0,0,0,0,0,0,0,0,0,0,0,0,0,0,0,0,0,0,0,0,0,0,0,0,0,0,0,0,0,0,0,0,0,0,0,0,Jun '26,NA,NA,NA,NA
12284,Jun '26,Jun '26,NA,Y,Paradigm Realty,NA,NA,7100000,71 Lac,NA,No/Rare Powercut,NA,NA,NA,NA,NA,Paradigm Antalya,NA,358,Oshiwara,NA,NA,N,NA,Unfurnished,1,1 Open,NA,NA,New Property,NA,Apartment,Mumbai,1,Builder,NA,Water Availability 24 Hours Available,F,NA,Sq-ft,Y,Bachelors/Family,"Oshiwara, Mumbai",1 BHK Flat,NA,0,NA,NA,NA,0,0,0,0,0,0,0,0,0,0,0,0,0,0,0,0,0,0,0,0,0,0,0,0,0,0,0,0,0,0,0,0,0,0,0,0,0,0,0,0,0,0,0,0,0,0,0,0,0,0,0,0,0,0,0,0,0,0,0,0,0,0,0,0,0,0,0,0,0,0,0,0,0,0,0,0,0,0,0,0,0,0,0,0,0,0,0,0,0,0,Jun '26,NA,NA,NA,NA
12283,Dec '28,NA,NA,Y,Roswalt Realty,NA,NA,15800000,1.58 Cr,NA,No/Rare Powercut,NA,NA,NA,NA,NA,Roswalt Zaiden,NA,605,Jogeshwari West,NA,NA,N,NA,Unfurnished,3,NA,NA,NA,New Property,NA,Apartment,Mumbai,2,Builder,NA,Water Availability 24 Hours Available,F,NA,Sq-ft,Y,Bachelors/Family,"Jogeshwari West, Mumbai",2 BHK Flat,NA,0,NA,NA,Y,0,0,0,0,0,0,0,0,0,0,0,0,0,0,0,0,0,0,0,0,0,0,0,0,0,0,0,0,0,0,0,0,0,0,0,0,0,0,0,0,0,0,0,0,0,0,0,0,0,0,0,0,0,0,0,0,0,0,0,0,0,0,0,0,0,0,0,0,0,0,0,0,0,0,0,0,0,0,0,0,0,0,0,0,0,0,0,0,0,0,Dec '28,NA,NA,NA,NA
12282,Nov '25,NA,NA,Y,Lashkaria Housing and Infrastructure Pvt Ltd,NA,NA,9420000,94.2 Lac,NA,No/Rare Powercut,NA,NA,NA,NA,NA,Lashkaria Pearl,NA,351,Jogeshwari West,NA,NA,N,NA,Unfurnished,1,NA,NA,NA,New Property,NA,Apartment,Mumbai,1,Builder,NA,Water Availability 24 Hours Available,F,NA,Sq-ft,Y,Bachelors/Family,"Jogeshwari West, Mumbai",1 BHK Flat,NA,0,NA,NA,Y,0,0,0,0,0,0,0,0,0,0,0,0,0,0,0,0,0,0,0,0,0,0,0,0,0,0,0,0,0,0,0,0,0,0,0,0,0,0,0,0,0,0,0,0,0,0,0,0,0,0,0,0,0,0,0,0,0,0,0,0,0,0,0,0,0,0,0,0,0,0,0,0,0,0,0,0,0,0,0,0,0,0,0,0,0,0,0,0,0,0,Nov '25,NA,NA,NA,NA
12281,Dec '28,NA,NA,Y,Roswalt Realty,NA,NA,10300000,1.03 Cr,NA,No/Rare Powercut,NA,NA,NA,NA,NA,Roswalt Zaiden,NA,401,Jogeshwari West,NA,NA,N,NA,Unfurnished,2,NA,NA,NA,New Property,NA,Apartment,Mumbai,1,Builder,NA,Water Availability 24 Hours Available,F,NA,Sq-ft,Y,Bachelors/Family,"Jogeshwari West, Mumbai",1 BHK Flat,NA,0,NA,NA,Y,0,0,0,0,0,0,0,0,0,0,0,0,0,0,0,0,0,0,0,0,0,0,0,0,0,0,0,0,0,0,0,0,0,0,0,0,0,0,0,0,0,0,0,0,0,0,0,0,0,0,0,0,0,0,0,0,0,0,0,0,0,0,0,0,0,0,0,0,0,0,0,0,0,0,0,0,0,0,0,0,0,0,0,0,0,0,0,0,0,0,Dec '28,NA,NA,NA,NA
12280,NA,NA,NA,N,NA,NA,NA,NA,Call for Price,NA,NA,NA,NA,NA,NA,250,NA,NA,NA,Jogeshwari West,NA,Sq-ft,Y,NA,NA,NA,NA,NA,NA,Resale,NA,Apartment,Mumbai,1,Owner,NA,NA,F,250,NA,Y,Bachelors/Family,"Jogeshwari West, Mumbai",1 BHK Flat,Sq-ft,0,NA,NA,NA,0,0,0,0,0,0,0,0,0,0,0,0,0,0,0,0,0,0,0,0,0,0,0,0,0,0,0,0,0,0,0,0,0,0,0,0,0,0,0,0,0,0,0,0,0,0,0,0,0,0,0,0,0,0,0,0,0,0,0,0,0,0,0,0,0,0,0,0,0,0,0,0,0,0,0,0,0,0,0,0,0,0,0,0,0,0,0,0,0,0,NA,NA,NA,NA,NA
12279,NA,NA,NA,N,NA,NA,NA,NA,Call for Price,NA,NA,NA,NA,NA,NA,1550,NA,NA,NA,Jogeshwari West,NA,Sq-ft,Y,NA,NA,NA,NA,NA,NA,Resale,NA,Apartment,Mumbai,2,Owner,NA,NA,F,1550,NA,Y,Bachelors/Family,"Jogeshwari West, Mumbai",2 BHK Flat,Sq-ft,0,NA,NA,NA,0,0,0,0,0,0,0,0,0,0,0,0,0,0,0,0,0,0,0,0,0,0,0,0,0,0,0,0,0,0,0,0,0,0,0,0,0,0,0,0,0,0,0,0,0,0,0,0,0,0,0,0,0,0,0,0,0,0,0,0,0,0,0,0,0,0,0,0,0,0,0,0,0,0,0,0,0,0,0,0,0,0,0,0,0,0,0,0,0,0,NA,NA,NA,NA,NA
12278,Ready to Move,NA,3,N,NA,NA,NA,1650000,16.5 Lac,NA,NA,Monthly,NA,NA,Near Shelu station,495,NA,3333,NA,Bandivali,East Facing Property,Sq-ft,Y,NA,Unfurnished,1,1 Open,East,Garden/Park,Resale,3 of 3 Floor,Apartment,Mumbai,1,Owner,3,NA,F,495,NA,Y,Bachelors/Family,"Bandivali, Mumbai",1 BHK Flat,Sq-ft,0,NA,1,NA,0,0,0,0,0,0,1,0,0,0,1,0,0,0,1,0,0,0,0,0,0,0,0,0,0,0,0,0,0,0,0,0,0,0,0,0,0,0,0,0,0,0,0,0,0,0,0,0,0,0,0,0,0,0,0,0,0,0,0,0,0,0,0,0,0,0,0,0,0,0,0,0,0,0,0,0,0,0,0,0,0,0,0,0,0,0,0,0,0,0,NA,NA,NA,NA,NA
12277,Under Construction,Dec '25,5,N,Roswalt Realty,MCGM,20,8500000,85 Lac,Vitrified,No/Rare Powercut,Monthly,2000,100000,"Oshiwara, Andheri West, Mumbai.",450,Roswalt Zaiden,18888,401,Oshiwara,NA,Sq-ft,Y,Freehold,Semi-Furnished,2,"1 Covered, 1 Open",South - East,"Garden/Park, Pool, Main Road",New Property,5 of 25 Floor,Apartment,Mumbai,1,Agent,25,Water Availability 24 Hours Available,F,450,Sq-ft,Y,Bachelors/Family,"Oshiwara, Mumbai",1 BHK Flat,Sq-ft,0,NA,1,NA,1,1,1,1,1,1,1,1,1,1,1,1,1,1,1,1,1,1,1,1,1,1,1,1,1,1,1,1,1,1,1,1,1,1,1,1,1,1,1,1,1,1,1,1,1,1,1,1,1,1,1,1,1,1,1,1,1,1,1,1,1,1,1,1,1,1,1,1,1,1,1,1,1,1,1,1,1,1,1,1,1,1,1,1,1,1,1,1,1,1,NA,NA,NA,NA,NA
12276,Under Construction,Dec '28,21,Y,Roswalt Realty,MCGM,10,14000000,1.40 Cr,"Granite,Marbonite,Vitrified",No/Rare Powercut,Monthly,5000,100000,S.V.Road Jogeshwari west.,915,Roswalt Zaiden,15300,610,Jogeshwari West,NA,Sq-ft,Y,Freehold,Furnished,2,1 Covered,South -West,Main Road,New Property,21 of 38 Floor,Apartment,Mumbai,2,Agent,38,Water Availability 24 Hours Available,F,915,Sq-ft,Y,Bachelors/Family,"Jogeshwari West, Mumbai",2 BHK Flat,Sq-ft,0,NA,2,Y,1,1,1,1,1,1,1,1,1,1,1,1,1,1,1,1,1,1,1,1,1,1,1,1,1,1,1,1,1,1,1,1,1,1,1,1,1,1,1,1,1,1,1,1,1,1,1,1,1,1,1,1,1,1,1,1,1,1,1,1,1,1,1,1,1,1,1,1,1,1,1,1,1,1,1,1,1,1,1,1,1,1,1,1,1,1,1,1,1,1,NA,NA,NA,NA,NA
12275,Under Construction,Dec '26,23,Y,Paradigm Realty,NA,34,13300000,1.33 Cr,Marble,No/Rare Powercut,Monthly,8000,500000,"S.V. Road, Mrinal flyover, Metro and Railway station",750,Paradigm Antalya,17733,589,Oshiwara,East Facing Property,Sq-ft,Y,Co-operative Society,Unfurnished,2,1 Covered,East,Main Road,New Property,23 of 39 Floor,Apartment,Mumbai,2,Agent,39,Water Availability 24 Hours Available,F,750,Sq-ft,Y,Bachelors/Family,"Oshiwara, Mumbai",2 BHK Flat,Sq-ft,0,NA,NA,Y,1,1,1,1,1,1,1,1,1,1,1,1,1,1,1,1,1,1,1,1,1,1,1,1,1,1,1,1,1,1,1,1,1,1,1,1,1,1,1,1,1,1,1,1,1,1,1,1,1,1,1,1,1,1,1,1,1,1,1,1,1,1,1,1,1,1,1,1,1,1,1,1,1,1,1,1,1,1,1,1,1,1,1,1,1,1,1,1,1,1,NA,NA,NA,NA,NA
12274,Under Construction,Jun '26,8,Y,Roswalt Realty,MCGM,50,8550000,85.5 Lac,Vitrified,No/Rare Powercut,Monthly,1,500000,"it is close to Ram mandir ,Near S.V.Road,Jogeshwari West",601,Roswalt Zaiden,14226,401,Oshiwara,NA,Sq-ft,Y,Freehold,Unfurnished,1,1 Covered,East,"Garden/Park, Pool, Main Road",New Property,8 of 38 Floor,Apartment,Mumbai,1,Agent,38,Water Availability 24 Hours Available,F,601,Sq-ft,Y,Bachelors/Family,"Oshiwara, Mumbai",1 BHK Flat,Sq-ft,0,NA,NA,NA,1,1,1,1,1,1,1,1,1,1,1,1,1,1,1,1,1,1,1,1,1,1,1,1,1,1,1,1,1,1,1,1,1,1,1,1,1,1,1,1,1,1,1,1,1,1,1,1,1,1,1,1,1,1,1,1,1,1,1,1,1,1,1,1,1,1,1,1,1,1,1,1,1,1,1,1,1,1,1,1,1,1,1,1,1,1,1,1,1,1,NA,NA,NA,NA,NA
12273,Under Construction,Dec '26,8,Y,Roswalt Realty,MCGM,120,14200000,1.42 Cr,Vitrified,No/Rare Powercut,Monthly,1,500000,"It is close to Ram Mandir Road,Near S.v.Road,Jogeshwari West",875,Roswalt Zaiden,16228,675,Oshiwara,NA,Sq-ft,Y,Freehold,Unfurnished,2,1 Covered,East,"Garden/Park, Pool, Main Road",New Property,8 of 35 Floor,Apartment,Mumbai,2,Agent,35,Water Availability 24 Hours Available,F,875,Sq-ft,Y,Bachelors/Family,"Oshiwara, Mumbai",2 BHK Flat,Sq-ft,0,NA,NA,NA,1,1,1,1,1,1,1,1,1,1,1,1,1,1,1,1,1,1,1,1,1,1,1,1,1,1,1,1,1,1,1,1,1,1,1,1,1,1,1,1,1,1,1,1,1,1,1,1,1,1,1,1,1,1,1,1,1,1,1,1,1,1,1,1,1,1,1,1,1,1,1,1,1,1,1,1,1,1,1,1,1,1,1,1,1,1,1,1,1,1,NA,NA,NA,NA,NA
12272,Ready to Move,NA,Ground,N,Satellite Builders Pvt. Ltd.,NA,NA,9500000,95 Lac,NA,NA,NA,NA,NA,NA,690,Satellite Park Chs,13768,NA,Jogeshwari West,NA,Sq-ft,N,NA,Unfurnished,1,NA,NA,NA,Resale,Ground of 7 Floor,Apartment,Mumbai,1,Owner,7,NA,F,690,NA,Y,Bachelors/Family,"Jogeshwari West, Mumbai",1 BHK Flat,Sq-ft,0,NA,NA,NA,0,0,0,0,0,0,0,0,0,0,0,0,0,0,0,0,0,0,0,0,0,0,0,0,0,0,0,0,0,0,0,0,0,0,0,0,0,0,0,0,0,0,0,0,0,0,0,0,0,0,0,0,0,0,0,0,0,0,0,0,0,0,0,0,0,0,0,0,0,0,0,0,0,0,0,0,0,0,0,0,0,0,0,0,0,0,0,0,0,0,NA,NA,NA,NA,NA
12271,Ready to Move,NA,16,N,NA,NA,NA,18000000,1.80 Cr,NA,NA,NA,NA,NA,NA,826,Universal Cubical,21792,NA,Jogeshwari West,NA,Sq-ft,N,NA,Unfurnished,2,NA,NA,NA,Resale,16 of 22 Floor,Apartment,Mumbai,2,Owner,22,NA,F,826,NA,Y,Bachelors/Family,"Jogeshwari West, Mumbai",2 BHK Flat,Sq-ft,0,NA,NA,NA,0,0,0,0,0,0,0,0,0,0,0,0,0,0,0,0,0,0,0,0,0,0,0,0,0,0,0,0,0,0,0,0,0,0,0,0,0,0,0,0,0,0,0,0,0,0,0,0,0,0,0,0,0,0,0,0,0,0,0,0,0,0,0,0,0,0,0,0,0,0,0,0,0,0,0,0,0,0,0,0,0,0,0,0,0,0,0,0,0,0,NA,NA,NA,NA,NA
12270,Ready to Move,NA,20,N,Vision Developers,NA,NA,12000000,1.20 Cr,NA,NA,NA,NA,100000,NA,765,Vision Heights,15686,509,Jogeshwari West,NA,Sq-ft,N,NA,Unfurnished,2,NA,NA,NA,Resale,20 of 23 Floor,Apartment,Mumbai,1,Owner,23,NA,F,765,Sq-ft,Y,Bachelors/Family,"Jogeshwari West, Mumbai",1 BHK Flat,Sq-ft,0,New Construction,NA,NA,0,0,0,0,0,0,0,0,0,0,0,0,0,0,0,0,0,0,0,0,0,0,0,0,0,0,0,0,0,0,0,0,0,0,0,0,0,0,0,0,0,0,0,0,0,0,0,0,0,0,0,0,0,0,0,0,0,0,0,0,0,0,0,0,0,0,0,0,0,0,0,0,0,0,0,0,0,0,0,0,0,0,0,0,0,0,0,0,0,0,NA,NA,NA,NA,NA
12269,Ready to Move,NA,11,N,SMGK Group,NA,NA,13000000,1.30 Cr,NA,NA,NA,NA,NA,NA,750,SMGK Associates Residency,17333,NA,Jogeshwari West,Newly Constructed Property,Sq-ft,N,NA,Semi-Furnished,2,NA,NA,NA,New Property,11 of 18 Floor,Apartment,Mumbai,1,Owner,18,NA,F,750,NA,Y,Bachelors/Family,"Jogeshwari West, Mumbai",1 BHK Flat,Sq-ft,0,New Construction,NA,NA,0,0,0,0,0,0,0,0,0,0,0,0,0,0,0,0,0,0,0,0,0,0,0,0,0,0,0,0,0,0,0,0,0,0,0,0,0,0,0,0,0,0,0,0,0,0,0,0,0,0,0,0,0,0,0,0,0,0,0,0,0,0,0,0,0,0,0,0,0,0,0,0,0,0,0,0,0,0,0,0,0,0,0,0,0,0,0,0,0,0,NA,NA,NA,NA,NA
12268,Ready to Move,Jan '21,6,N,NA,NA,NA,17000000,1.70 Cr,NA,NA,Monthly,NA,NA,NA,1100,NA,15455,704,Jogeshwari West,Newly Constructed Property,Sq-ft,Y,NA,Unfurnished,2,NA,NA,NA,New Property,6 of 13 Floor,Apartment,Mumbai,2,Owner,13,NA,F,1100,Sq-ft,Y,Bachelors/Family,"Jogeshwari West, Mumbai",2 BHK Flat,Sq-ft,0,NA,NA,NA,0,0,0,0,0,0,0,0,0,0,0,0,0,0,0,0,0,0,0,0,0,0,0,0,0,0,0,0,0,0,0,0,0,0,0,0,0,0,0,0,0,0,0,0,0,0,0,0,0,0,0,0,0,0,0,0,0,0,0,0,0,0,0,0,0,0,0,0,0,0,0,0,0,0,0,0,0,0,0,0,0,0,0,0,0,0,0,0,0,0,NA,NA,NA,NA,NA
12267,Under Construction,NA,Ground,N,Ahuja Constructions,NA,NA,25000000,2.50 Cr,NA,NA,NA,NA,NA,NA,1170,Ahuja LAmor,21368,NA,Oshiwara,NA,Sq-ft,N,NA,Unfurnished,2,NA,NA,NA,Resale,Ground of 3 Floor,Builder Floor Apartment,Mumbai,2,Owner,3,NA,F,1170,NA,N,Bachelors/Family,"Oshiwara, Mumbai",2 BHK Flat,Sq-ft,0,NA,NA,NA,0,0,0,0,0,0,0,0,0,0,0,0,0,0,0,0,0,0,0,0,0,0,0,0,0,0,0,0,0,0,0,0,0,0,0,0,0,0,0,0,0,0,0,0,0,0,0,0,0,0,0,0,0,0,0,0,0,0,0,0,0,0,0,0,0,0,0,0,0,0,0,0,0,0,0,0,0,0,0,0,0,0,0,0,0,0,0,0,0,0,NA,NA,NA,NA,NA
12266,Ready to Move,NA,7,N,Sagar Builders,NA,NA,12000000,1.20 Cr,NA,NA,NA,NA,NA,NA,600,Sagar Park,20000,NA,Amrut Nagar,NA,Sq-ft,N,NA,Unfurnished,1,NA,NA,NA,Resale,7 of 7 Floor,Apartment,Mumbai,1,Owner,7,NA,F,600,NA,N,Bachelors/Family,"Amrut Nagar, Mumbai",1 BHK Flat,Sq-ft,0,Above 20 years,1,NA,0,0,0,0,0,0,0,0,0,0,0,0,0,0,0,0,0,0,0,0,0,0,0,0,0,0,0,0,0,0,0,0,0,0,0,0,0,0,0,0,0,0,0,0,0,0,0,0,0,0,0,0,0,0,0,0,0,0,0,0,0,0,0,0,0,0,0,0,0,0,0,0,0,0,0,0,0,0,0,0,0,0,0,0,0,0,0,0,0,0,NA,NA,NA,NA,NA
12265,Ready to Move,NA,2,N,United Builders,NA,NA,11000000,1.10 Cr,NA,NA,NA,NA,NA,NA,550,United Park,20000,NA,Jogeshwari West,NA,Sq-ft,N,NA,Semi-Furnished,1,1 Open,NA,NA,Resale,2 of 3 Floor,Apartment,Mumbai,1,Owner,3,NA,F,550,NA,N,Bachelors/Family,"Jogeshwari West, Mumbai",1 BHK Flat,Sq-ft,0,Above 20 years,2,NA,0,0,0,0,0,0,0,0,0,0,0,0,0,0,0,0,0,0,0,0,0,0,0,0,0,0,0,0,0,0,0,0,0,0,0,0,0,0,0,0,0,0,0,0,0,0,0,0,0,0,0,0,0,0,0,0,0,0,0,0,0,0,0,0,0,0,0,0,0,0,0,0,0,0,0,0,0,0,0,0,0,0,0,0,0,0,0,0,0,0,NA,NA,NA,NA,NA
12264,Ready to Move,NA,Ground,N,Cooperative Group Housing Society,NA,NA,12000000,1.20 Cr,NA,NA,Monthly,NA,NA,NA,480,Girnar CHS Andheri West,25000,350,Jogeshwari West,East Facing Property,Sq-ft,Y,Freehold,Unfurnished,1,NA,East,NA,Resale,Ground of 6 Floor,Apartment,Mumbai,1,Owner,6,NA,F,480,Sq-ft,N,Bachelors/Family,"Jogeshwari West, Mumbai",1 BHK Flat,Sq-ft,0,10 to 15 years,NA,NA,0,0,0,0,0,0,0,0,0,0,0,0,0,0,0,0,0,0,0,0,0,0,0,0,0,0,0,0,0,0,0,0,0,0,0,0,0,0,0,0,0,0,0,0,0,0,0,0,0,0,0,0,0,0,0,0,0,0,0,0,0,0,0,0,0,0,0,0,0,0,0,0,0,0,0,0,0,0,0,0,0,0,0,0,0,0,0,0,0,0,NA,NA,NA,NA,NA
12263,Under Construction,Dec '23,25,N,Paradigm Realty,NA,NA,8600000,86 Lac,NA,NA,NA,NA,NA,NA,NA,Paradigm Antalya,NA,375,Oshiwara,NA,NA,N,NA,Unfurnished,2,NA,NA,NA,Resale,25 of 32 Floor,Apartment,Mumbai,1,Owner,32,NA,F,NA,Sq-ft,N,Bachelors/Family,"Oshiwara, Mumbai",1 BHK Flat,NA,0,NA,NA,NA,0,0,0,0,0,0,0,0,0,0,0,0,0,0,0,0,0,0,0,0,0,0,0,0,0,0,0,0,0,0,0,0,0,0,0,0,0,0,0,0,0,0,0,0,0,0,0,0,0,0,0,0,0,0,0,0,0,0,0,0,0,0,0,0,0,0,0,0,0,0,0,0,0,0,0,0,0,0,0,0,0,0,0,0,0,0,0,0,0,0,NA,NA,NA,NA,NA
12262,Ready to Move,NA,14,N,Sagar Builders,NA,NA,13500000,1.35 Cr,NA,NA,NA,NA,NA,NA,660,Sagar Tower CHS,20455,NA,Jogeshwari West,NA,Sq-ft,N,NA,Unfurnished,2,NA,NA,NA,Resale,14 of 15 Floor,Apartment,Mumbai,2,Owner,15,NA,F,660,NA,N,Bachelors/Family,"Jogeshwari West, Mumbai",2 BHK Flat,Sq-ft,0,NA,NA,NA,0,0,0,0,0,0,0,0,0,0,0,0,0,0,0,0,0,0,0,0,0,0,0,0,0,0,0,0,0,0,0,0,0,0,0,0,0,0,0,0,0,0,0,0,0,0,0,0,0,0,0,0,0,0,0,0,0,0,0,0,0,0,0,0,0,0,0,0,0,0,0,0,0,0,0,0,0,0,0,0,0,0,0,0,0,0,0,0,0,0,NA,NA,NA,NA,NA
12261,Ready to Move,NA,3,N,Blossom Groups,NA,NA,13000000,1.30 Cr,NA,NA,NA,NA,NA,NA,750,Blossom Park,17333,NA,Jogeshwari West,NA,Sq-ft,N,NA,Semi-Furnished,2,NA,NA,NA,Resale,3 of 7 Floor,Apartment,Mumbai,1,Owner,7,NA,F,750,NA,N,Bachelors/Family,"Jogeshwari West, Mumbai",1 BHK Flat,Sq-ft,0,NA,NA,NA,0,0,0,0,0,0,0,0,0,0,0,0,0,0,0,0,0,0,0,0,0,0,0,0,0,0,0,0,0,0,0,0,0,0,0,0,0,0,0,0,0,0,0,0,0,0,0,0,0,0,0,0,0,0,0,0,0,0,0,0,0,0,0,0,0,0,0,0,0,0,0,0,0,0,0,0,0,0,0,0,0,0,0,0,0,0,0,0,0,0,NA,NA,NA,NA,NA
12260,Ready to Move,Oct '22,14,N,Paradigm Realty,NA,NA,8500000,85 Lac,NA,NA,NA,NA,NA,NA,600,Paradigm Antalya,14167,NA,Oshiwara,NA,Sq-ft,N,NA,Unfurnished,2,NA,NA,NA,Resale,14 of 40 Floor,Apartment,Mumbai,2,Owner,40,NA,F,600,NA,N,Bachelors/Family,"Oshiwara, Mumbai",2 BHK Flat,Sq-ft,0,NA,NA,NA,0,0,0,0,0,0,0,0,0,0,0,0,0,0,0,0,0,0,0,0,0,0,0,0,0,0,0,0,0,0,0,0,0,0,0,0,0,0,0,0,0,0,0,0,0,0,0,0,0,0,0,0,0,0,0,0,0,0,0,0,0,0,0,0,0,0,0,0,0,0,0,0,0,0,0,0,0,0,0,0,0,0,0,0,0,0,0,0,0,0,NA,NA,NA,NA,NA
12259,Ready to Move,NA,3,N,Cooperative Group Housing Society,NA,NA,11000000,1.10 Cr,NA,NA,NA,NA,NA,NA,700,Basera CHS,15714,NA,Jogeshwari West,NA,Sq-ft,N,NA,Unfurnished,1,NA,NA,NA,Resale,3 of 8 Floor,Apartment,Mumbai,1,Owner,8,NA,F,700,NA,N,Bachelors/Family,"Jogeshwari West, Mumbai",1 BHK Flat,Sq-ft,0,NA,NA,NA,0,0,0,0,0,0,0,0,0,0,0,0,0,0,0,0,0,0,0,0,0,0,0,0,0,0,0,0,0,0,0,0,0,0,0,0,0,0,0,0,0,0,0,0,0,0,0,0,0,0,0,0,0,0,0,0,0,0,0,0,0,0,0,0,0,0,0,0,0,0,0,0,0,0,0,0,0,0,0,0,0,0,0,0,0,0,0,0,0,0,NA,NA,NA,NA,NA
12258,Ready to Move,Dec '20,NA,Y,Lodha,NA,NA,12000000,1.20 Cr,Vitrified,No/Rare Powercut,NA,NA,NA,NA,342,Lodha Bel Air,35088,NA,Jogeshwari West,NA,Sq-ft,N,NA,Unfurnished,1,1 Covered,NA,NA,New Property,NA,Apartment,Mumbai,1,Agent,NA,Water Availability 24 Hours Available,F,342,NA,Y,Bachelors/Family,"Jogeshwari West, Mumbai",1 BHK Flat,Sq-ft,0,NA,NA,NA,0,0,0,0,0,0,0,0,0,0,0,0,0,0,0,0,0,0,0,0,0,0,0,0,0,0,0,0,0,0,0,0,0,0,0,0,0,0,0,0,0,0,0,0,0,0,0,0,0,0,0,0,0,0,0,0,0,0,0,0,0,0,0,0,0,0,0,0,0,0,0,0,0,0,0,0,0,0,0,0,0,0,0,0,0,0,0,0,0,0,NA,NA,NA,NA,NA
12257,Ready to Move,NA,6,N,RK Builders,NA,NA,11000000,1.10 Cr,NA,NA,NA,NA,NA,NA,535,Crystal Park CHS,20561,NA,Jogeshwari West,NA,Sq-ft,N,NA,Semi-Furnished,1,NA,NA,NA,Resale,6 of 7 Floor,Apartment,Mumbai,1,Owner,7,NA,F,535,NA,Y,Bachelors/Family,"Jogeshwari West, Mumbai",1 BHK Flat,Sq-ft,0,NA,NA,NA,0,0,0,0,0,0,0,0,0,0,0,0,0,0,0,0,0,0,0,0,0,0,0,0,0,0,0,0,0,0,0,0,0,0,0,0,0,0,0,0,0,0,0,0,0,0,0,0,0,0,0,0,0,0,0,0,0,0,0,0,0,0,0,0,0,0,0,0,0,0,0,0,0,0,0,0,0,0,0,0,0,0,0,0,0,0,0,0,0,0,NA,NA,NA,NA,NA
12256,Ready to Move,NA,Ground,N,Samarth Development Corporation,MHADA,0,46500000,4.65 Cr,Marble,No/Rare Powercut,NA,NA,2100000,NA,1550,Samarth Aangan,30000,1250,Oshiwara,East Facing Property,Sq-ft,N,Freehold,Furnished,3,1 Covered,East,"Garden/Park, Pool, Main Road",Resale,Ground of 27 Floor,Apartment,Mumbai,3,Owner,27,Water Availability 24 Hours Available,F,1550,Sq-ft,Y,Bachelors/Family,"Oshiwara, Mumbai",3 BHK Flat,Sq-ft,0,10 to 15 years,2,NA,0,0,0,0,0,0,0,0,0,0,0,0,0,0,0,0,0,0,0,0,0,0,0,0,0,0,0,0,0,0,0,0,0,0,0,0,0,0,0,0,0,0,0,0,0,0,0,0,0,0,0,0,0,0,0,0,0,0,0,0,0,0,0,0,0,0,0,0,0,0,0,0,0,0,0,0,0,0,0,0,0,0,0,0,0,0,0,0,0,0,NA,NA,NA,NA,NA
12255,Ready to Move,NA,4,N,SMGK Group,NA,NA,12000000,1.20 Cr,NA,NA,NA,NA,NA,NA,550,Hill park Tower,21818,470,Jogeshwari West,NA,Sq-ft,Y,NA,Semi-Furnished,1,NA,NA,Garden/Park,Resale,4 of 13 Floor,Apartment,Mumbai,1,Owner,13,NA,F,550,Sq-ft,Y,Bachelors/Family,"Jogeshwari West, Mumbai",1 BHK Flat,Sq-ft,0,5 to 10 years,NA,NA,0,0,0,0,0,0,0,0,0,0,0,0,0,0,0,0,0,0,0,0,0,0,0,0,0,0,0,0,0,0,0,0,0,0,0,0,0,0,0,0,0,0,0,0,0,0,0,0,0,0,0,0,0,0,0,0,0,0,0,0,0,0,0,0,0,0,0,0,0,0,0,0,0,0,0,0,0,0,0,0,0,0,0,0,0,0,0,0,0,0,NA,NA,NA,NA,NA
12254,Ready to Move,NA,10,N,NA,NA,NA,11250000,1.12 Cr,NA,NA,NA,NA,NA,NA,440,Universal Cubical,25568,440,Jogeshwari West,Newly Constructed Property,Sq-ft,N,NA,Unfurnished,2,NA,NA,"Garden/Park, Pool, Main Road",New Property,10 of 21 Floor,Apartment,Mumbai,1,Owner,21,NA,F,440,Sq-ft,Y,Bachelors/Family,"Jogeshwari West, Mumbai",1 BHK Flat,Sq-ft,0,New Construction,NA,NA,0,0,0,0,0,0,0,0,0,0,0,0,0,0,0,0,0,0,0,0,0,0,0,0,0,0,0,0,0,0,0,0,0,0,0,0,0,0,0,0,0,0,0,0,0,0,0,0,0,0,0,0,0,0,0,0,0,0,0,0,0,0,0,0,0,0,0,0,0,0,0,0,0,0,0,0,0,0,0,0,0,0,0,0,0,0,0,0,0,0,NA,NA,NA,NA,NA
12253,Ready to Move,NA,12,Y,Samartha Group,NA,NA,24500000,2.45 Cr,NA,NA,NA,NA,NA,NA,890,Tarapore Towers,27528,790,Oshiwara,NA,Sq-ft,N,NA,Unfurnished,2,NA,NA,NA,Resale,12 of 13 Floor,Apartment,Mumbai,2,Owner,13,NA,F,890,Sq-ft,Y,Bachelors/Family,"Oshiwara, Mumbai",2 BHK Flat,Sq-ft,0,15 to 20 years,1,NA,0,0,0,0,0,0,0,0,0,0,0,0,0,0,0,0,0,0,0,0,0,0,0,0,0,0,0,0,0,0,0,0,0,0,0,0,0,0,0,0,0,0,0,0,0,0,0,0,0,0,0,0,0,0,0,0,0,0,0,0,0,0,0,0,0,0,0,0,0,0,0,0,0,0,0,0,0,0,0,0,0,0,0,0,0,0,0,0,0,0,NA,NA,NA,NA,NA
12252,Ready to Move,NA,23,Y,NA,NA,1,8000000,80 Lac,NA,No/Rare Powercut,NA,NA,NA,NA,NA,NA,NA,425,Oshiwara,East Facing Property,NA,N,NA,Unfurnished,1,1 Covered,East,NA,Resale,23 of 32 Floor,Apartment,Mumbai,1,Owner,32,Water Availability 24 Hours Available,F,NA,Sq-ft,Y,Bachelors/Family,"Oshiwara, Mumbai",1 BHK Flat,NA,0,New Construction,NA,NA,1,1,0,0,0,0,0,0,0,0,0,0,0,0,0,0,0,0,0,0,0,0,0,0,0,0,0,0,0,0,0,0,0,0,0,0,0,0,0,0,0,0,0,0,0,0,0,0,0,0,0,0,0,0,0,0,0,0,0,0,0,0,0,0,0,0,0,0,0,0,0,0,0,0,0,0,0,0,0,0,0,0,0,0,0,0,0,0,0,0,NA,NA,NA,NA,NA
12251,Ready to Move,NA,6,Y,Indra Darshan Developer,MCGM,1,27000000,2.70 Cr,Marbonite,No/Rare Powercut,Monthly,4300,500000,Near lokhandwala celebration club.,1050,Indradarshan II,25714,NA,Oshiwara,Near lokhandwala celebration club.,Sq-ft,Y,Leasehold,Semi-Furnished,2,1 Open,North,Garden/Park,Resale,6 of 12 Floor,Apartment,Mumbai,2,Agent,12,Water Availability 24 Hours Available,F,1050,NA,Y,Bachelors/Family,"Oshiwara, Mumbai",2 BHK Flat,Sq-ft,0,Above 20 years,NA,NA,1,1,1,1,1,1,1,1,1,1,1,1,1,1,1,1,1,1,1,1,1,1,1,1,1,1,1,1,1,1,1,1,1,1,1,1,1,1,1,1,1,1,1,1,1,1,1,1,1,1,1,1,1,1,1,1,1,1,1,1,1,1,1,1,1,1,1,1,1,1,1,1,1,1,1,1,1,1,1,1,1,1,1,1,1,1,1,1,1,1,NA,NA,NA,NA,NA
12250,Ready to Move,NA,12,Y,Lodha,ABAMNC,5,21800000,2.18 Cr,Vitrified,No/Rare Powercut,Per sq. Unit Monthly,1,500000,Jogeshwari West,900,Lodha Bel Air,24222,700,Jogeshwari West,NA,Sq-ft,Y,Freehold,Unfurnished,2,1 Covered,East,"Garden/Park, Pool, Main Road",New Property,12 of 23 Floor,Apartment,Mumbai,3,Agent,23,Water Availability 24 Hours Available,F,900,Sq-ft,Y,Bachelors/Family,"Jogeshwari West, Mumbai",3 BHK Flat,Sq-ft,0,New Construction,1,NA,1,1,1,1,1,1,1,1,1,1,1,1,1,1,1,1,1,1,1,1,1,1,1,1,1,1,1,1,1,1,1,1,1,1,1,1,1,1,1,1,1,1,1,1,1,1,1,1,1,1,1,1,1,1,1,1,1,1,1,1,1,1,1,1,1,1,1,0,1,1,1,1,1,1,1,1,1,1,1,1,1,1,1,1,1,1,1,1,1,1,NA,NA,NA,NA,NA
12249,Ready to Move,NA,9,Y,Indra Darshan Developer,MCGM,NA,27000000,2.70 Cr,Vitrified,No/Rare Powercut,Monthly,NA,500000,Shastri Nagar  lane 1,1000,Indradarshan II,27000,750,Oshiwara,NA,Sq-ft,Y,Freehold,Semi-Furnished,2,2 Covered,East,"Pool, Garden/Park, Main Road",Resale,9 of 15 Floor,Apartment,Mumbai,2,Agent,15,Water Availability 24 Hours Available,F,1000,Sq-ft,Y,Bachelors/Family,"Oshiwara, Mumbai",2 BHK Flat,Sq-ft,0,10 to 15 years,NA,NA,1,1,1,1,1,1,1,1,1,1,1,1,1,1,1,1,1,1,1,1,1,1,1,1,1,1,1,1,1,1,1,1,1,1,1,1,1,1,1,1,1,1,1,1,1,1,1,1,1,1,1,1,1,1,1,1,1,1,1,1,1,1,1,1,1,1,1,1,1,1,0,1,1,1,1,1,1,1,1,1,1,1,1,1,1,1,1,1,1,1,NA,Y,NA,NA,NA
12248,Under Construction,Dec '25,5,Y,Paradigm Realty,NA,NA,8100000,81 Lac,NA,NA,NA,NA,100000,Near by SV Road,NA,Paradigm Antalya,NA,378,Oshiwara,NA,NA,Y,Co-operative Society,Unfurnished,1,NA,East,"Garden/Park, Pool, Main Road",New Property,5 of 32 Floor,Apartment,Mumbai,1,Agent,32,NA,F,NA,Sq-ft,Y,Bachelors/Family,"Oshiwara, Mumbai",1 BHK Flat,NA,0,NA,NA,NA,1,1,1,1,1,1,1,1,1,1,1,1,1,1,1,1,1,1,1,1,1,1,1,1,1,1,1,1,1,1,1,1,1,1,1,1,1,1,1,1,1,1,1,1,1,1,1,1,1,1,1,1,1,1,1,1,1,1,1,1,1,1,1,1,1,1,1,1,0,1,1,1,1,1,1,1,1,1,1,1,1,1,1,1,1,1,1,1,1,1,NA,NA,NA,NA,NA
12247,Ready to Move,NA,35,N,NA,MCGM,0,97500000,9.75 Cr,Vitrified,No/Rare Powercut,Monthly,0,100000,OShiwara,2500,NA,39000,2200,Oshiwara,NA,Sq-ft,Y,Freehold,Unfurnished,6,4 Covered,East,"Garden/Park, Pool, Main Road",New Property,35 of 45 Floor,Apartment,Mumbai,6,Agent,45,Water Availability 24 Hours Available,F,2500,Sq-ft,Y,Bachelors/Family,"Oshiwara, Mumbai",6 BHK Flat,Sq-ft,0,New Construction,NA,NA,1,1,1,1,1,1,1,1,1,1,1,1,1,1,1,1,1,1,1,1,1,1,1,1,1,1,1,1,1,1,1,1,1,1,1,1,1,1,1,1,1,1,1,1,1,1,1,1,1,1,1,1,1,1,1,1,1,1,1,1,1,1,1,1,1,1,1,1,1,1,1,1,1,1,1,1,1,1,1,1,1,1,1,1,1,1,1,1,1,1,NA,NA,NA,NA,NA
12246,Ready to Move,NA,7,N,NA,MCGM,NA,13112000,1.31 Cr,Vitrified,No/Rare Powercut,Monthly,6000,1100000,Delhi darbaar jogeshwari railway stn.,953,NA,13758,596,Jogeshwari West,NA,Sq-ft,Y,Freehold,Unfurnished,2,1 Covered,South,Main Road,New Property,7 of 23 Floor,Apartment,Mumbai,2,Agent,23,Water Availability 24 Hours Available,F,953,Sq-ft,Y,Bachelors/Family,"Jogeshwari West, Mumbai",2 BHK Flat,Sq-ft,0,New Construction,NA,NA,1,1,1,1,1,1,1,1,1,1,1,1,1,1,1,1,1,1,1,1,1,1,1,1,1,1,1,1,1,1,1,1,1,1,1,1,1,1,1,1,1,1,1,1,1,1,1,1,1,1,1,1,1,1,1,1,1,1,1,1,1,1,1,1,1,1,1,1,1,1,1,1,1,1,1,1,1,1,1,1,1,1,1,1,1,1,1,1,1,1,NA,NA,NA,NA,NA
12245,Under Construction,Dec '26,10,N,Paradigm Realty,MCGM,15,9000000,90 Lac,Vitrified,No/Rare Powercut,Monthly,4500,1000000,Relif Road,620,Paradigm Antalya,14516,388,Oshiwara,NA,Sq-ft,Y,Leasehold,Unfurnished,2,1 Covered,East,Main Road,New Property,10 of 35 Floor,Apartment,Mumbai,1,Agent,35,Water Availability 24 Hours Available,F,620,Sq-ft,Y,Bachelors/Family,"Oshiwara, Mumbai",1 BHK Flat,Sq-ft,0,NA,NA,Y,1,1,1,1,1,1,1,1,1,1,1,1,1,1,1,1,1,1,1,1,1,1,1,1,1,1,1,1,1,1,1,1,1,1,1,1,1,1,1,1,1,1,1,1,1,1,1,1,1,1,1,1,1,1,1,1,1,1,1,1,1,1,1,1,1,1,1,1,1,1,1,1,1,1,1,1,1,1,1,1,1,1,1,1,1,1,1,1,1,1,NA,NA,NA,NA,NA
12244,Under Construction,Jun '23,16,N,K Raheja Corp,MCGM,7,75000000,7.50 Cr,Ceramic Tiles,No/Rare Powercut,Monthly,24000,1100000,"its is best connected with Highway, Railway, Sea View,Garden Park,Mall",1980,Raheja Classique,37878,1200,Oshiwara,NA,Sq-ft,Y,Freehold,Unfurnished,4,2 Covered,East,"Garden/Park, Pool, Main Road",New Property,16 of 20 Floor,Apartment,Mumbai,3,Agent,20,Water Availability 24 Hours Available,F,1980,Sq-ft,Y,Bachelors/Family,"Oshiwara, Mumbai",3 BHK Flat,Sq-ft,0,NA,3,NA,1,1,1,1,1,1,1,1,1,1,1,1,1,1,1,1,1,1,1,1,1,1,1,1,1,1,1,1,1,1,1,1,1,1,1,1,1,1,1,1,1,1,1,1,1,1,1,1,1,1,1,1,1,1,1,1,1,1,1,1,1,1,1,1,1,1,1,1,1,1,0,1,1,1,1,1,1,1,1,1,1,1,1,1,1,1,1,1,1,1,NA,NA,NA,NA,NA
12243,Ready to Move,NA,5,Y,Lodha,MCGM,NA,33990000,3.39 Cr,Vitrified,No/Rare Powercut,Monthly,10000,500000,"SV Road, Near MTNL Exchange, Jogeshwari West.",1775,Lodha Bel Air,19149,1017,Jogeshwari West,Newly Constructed Property,Sq-ft,Y,Freehold,Unfurnished,3,2 Covered,North - East,"Garden/Park, Main Road",New Property,5 of 19 Floor,Apartment,Mumbai,3,Agent,19,Water Availability 24 Hours Available,F,1775,Sq-ft,Y,Bachelors/Family,"Jogeshwari West, Mumbai",3 BHK Flat,Sq-ft,0,New Construction,1,NA,1,1,1,1,1,1,1,1,1,1,1,1,1,1,1,1,1,1,1,1,1,1,1,1,1,1,1,1,1,1,1,1,1,1,1,1,1,1,1,1,1,1,1,1,1,1,1,1,1,1,1,1,1,1,1,1,1,1,1,1,1,1,1,1,1,1,1,1,1,1,1,1,1,1,1,1,1,1,1,1,1,1,1,1,1,1,1,1,1,1,NA,NA,NA,NA,NA
12242,Ready to Move,NA,8,N,Lalani Builders And Developers,NA,NA,19500000,1.95 Cr,Vitrified,NA,NA,NA,NA,NA,900,Lotus Park,21667,679,Jogeshwari West,Newly Constructed Property,Sq-ft,N,Freehold,Unfurnished,2,NA,NA,Garden/Park,New Property,8 of 11 Floor,Apartment,Mumbai,2,Owner,11,NA,F,900,Sq-ft,Y,Bachelors/Family,"Jogeshwari West, Mumbai",2 BHK Flat,Sq-ft,0,10 to 15 years,1,NA,0,1,0,0,0,0,1,0,1,0,0,0,0,0,0,0,1,1,0,0,1,0,0,0,0,0,0,0,0,0,0,0,0,0,0,0,0,0,0,0,0,0,0,0,0,0,0,0,0,0,0,0,0,0,0,0,0,0,0,0,0,0,0,0,0,0,0,0,0,0,0,0,0,0,0,0,0,0,0,0,0,0,0,0,0,0,0,0,0,0,NA,NA,NA,NA,NA
12241,Ready to Move,NA,4,N,NA,NA,NA,10600000,1.06 Cr,Granite,NA,NA,NA,NA,Near Scholars High school,615,NA,17236,500,Jogeshwari West,NA,Sq-ft,Y,Co-operative Society,Unfurnished,2,2 Open,West,Garden/Park,Resale,4 of 13 Floor,Apartment,Mumbai,1,Owner,13,NA,F,615,Sq-ft,Y,Bachelors/Family,"Jogeshwari West, Mumbai",1 BHK Flat,Sq-ft,0,10 to 15 years,NA,NA,0,0,0,0,0,0,0,0,0,0,0,0,0,0,0,0,0,0,0,0,0,0,0,0,0,0,0,0,0,0,0,0,0,0,0,0,0,0,0,0,0,0,0,0,0,0,0,0,0,0,0,0,0,0,0,0,0,0,0,0,0,0,0,0,0,0,0,0,0,0,0,0,0,0,0,0,0,0,0,0,0,0,0,0,0,0,0,0,0,0,NA,NA,NA,NA,NA
12240,Ready to Move,NA,4,N,NA,NA,NA,17500000,1.75 Cr,NA,NA,NA,NA,NA,NA,650,NA,26923,NA,Jogeshwari West,NA,Sq-ft,N,NA,Furnished,3,NA,NA,NA,Resale,4 of 6 Floor,Apartment,Mumbai,2,Owner,6,NA,F,650,NA,Y,Bachelors/Family,"Jogeshwari West, Mumbai",2 BHK Flat,Sq-ft,0,NA,NA,NA,0,0,0,0,0,0,0,0,0,0,0,0,0,0,0,0,0,0,0,0,0,0,0,0,0,0,0,0,0,0,0,0,0,0,0,0,0,0,0,0,0,0,0,0,0,0,0,0,0,0,0,0,0,0,0,0,0,0,0,0,0,0,0,0,0,0,0,0,0,0,0,0,0,0,0,0,0,0,0,0,0,0,0,0,0,0,0,0,0,0,NA,NA,NA,NA,NA
12239,Ready to Move,NA,5,N,NA,NA,NA,9900000,99 Lac,NA,NA,NA,NA,NA,NA,354,NA,27966,343,Jogeshwari West,NA,Sq-ft,N,Freehold,Unfurnished,2,NA,NA,Main Road,Resale,5 of 7 Floor,Apartment,Mumbai,1,Owner,7,NA,F,354,Sq-ft,Y,Bachelors/Family,"Jogeshwari West, Mumbai",1 BHK Flat,Sq-ft,0,New Construction,NA,NA,0,1,0,0,0,0,0,0,1,0,0,0,0,0,0,0,0,0,0,0,0,0,0,0,0,0,0,0,0,0,0,0,0,0,0,0,0,0,0,0,0,0,0,0,0,0,0,0,0,0,0,0,0,0,0,0,0,0,0,0,0,0,0,0,0,0,0,0,0,0,0,0,0,0,0,0,0,0,0,0,0,0,0,0,0,0,0,0,0,0,NA,NA,NA,NA,NA
12238,Ready to Move,NA,3,N,NA,MHADA,0,17800000,1.78 Cr,Vitrified,No/Rare Powercut,NA,NA,NA,NA,857,Aroma CHS,20770,NA,Oshiwara,NA,Sq-ft,N,Co-operative Society,Unfurnished,2,1 Open,West,Main Road,Resale,3 of 7 Floor,Apartment,Mumbai,2,Owner,7,Water Availability 24 Hours Available,F,857,NA,Y,Bachelors/Family,"Oshiwara, Mumbai",2 BHK Flat,Sq-ft,0,NA,NA,NA,1,1,0,0,0,0,0,1,0,1,0,1,0,0,0,0,1,1,0,0,0,0,0,0,0,0,1,0,0,0,0,0,0,0,0,0,0,0,0,0,0,0,0,0,0,0,0,0,0,0,0,0,0,0,0,0,0,0,0,0,0,0,0,0,0,0,0,0,0,0,0,0,0,0,0,0,0,0,0,0,0,0,0,0,0,0,0,0,0,0,NA,NA,NA,NA,NA
12237,Ready to Move,NA,2,N,NA,NA,NA,10000000,1 Cr,NA,NA,NA,NA,NA,agarwal industrial estate Jogeshwari west Mumbai,500,NA,20000,406,Jogeshwari West,NA,Sq-ft,Y,Co-operative Society,Unfurnished,2,NA,West,Garden/Park,Resale,2 of 7 Floor,Apartment,Mumbai,1,Owner,7,NA,F,500,Sq-ft,N,Bachelors/Family,"Jogeshwari West, Mumbai",1 BHK Flat,Sq-ft,0,10 to 15 years,NA,NA,0,1,0,0,0,0,0,1,1,0,0,0,0,0,0,0,0,0,0,0,0,0,0,0,0,0,1,0,0,0,0,0,0,0,0,0,0,0,0,0,0,0,0,0,0,0,0,0,0,0,0,0,0,0,0,0,0,0,0,0,0,0,0,0,0,0,0,0,0,0,0,0,0,0,0,0,0,0,0,0,0,0,0,0,0,0,0,0,0,0,NA,NA,NA,NA,NA
12236,Ready to Move,NA,13,N,NA,NA,NA,34000000,3.40 Cr,NA,NA,NA,NA,NA,NA,2000,NA,17000,NA,Oshiwara,NA,Sq-ft,N,Co-operative Society,Semi-Furnished,4,NA,NA,Main Road,Resale,13 of 18 Floor,Apartment,Mumbai,4,Owner,18,NA,F,2000,NA,N,Bachelors/Family,"Oshiwara, Mumbai",4 BHK Flat,Sq-ft,0,10 to 15 years,1,NA,1,1,1,1,1,1,1,1,1,1,1,1,1,1,1,1,1,1,1,1,1,1,1,1,1,1,1,1,1,1,1,1,1,1,1,1,1,1,1,1,1,1,1,1,1,1,1,1,1,1,1,1,1,1,1,1,1,1,1,1,1,1,1,1,1,1,1,1,1,1,1,1,1,1,1,1,1,1,1,1,1,1,1,1,1,1,1,1,1,1,NA,NA,NA,NA,NA
12235,Ready to Move,NA,1,N,Vijay Developers,ABARWA,1,10000000,1 Cr,Normal Tiles/Kotah Stone,No/Rare Powercut,NA,NA,NA,NA,NA,Vijay Vishal,NA,510,Oshiwara,East Facing Property,NA,N,Co-operative Society,Furnished,2,NA,East,Main Road,Resale,1 of 7 Floor,Apartment,Mumbai,1,Owner,7,Water Availability 24 Hours Available,F,NA,Sq-ft,N,Bachelors/Family,"Oshiwara, Mumbai",1 BHK Flat,NA,0,5 to 10 years,2,NA,1,1,1,1,1,1,1,1,1,1,1,1,1,1,1,1,1,1,1,1,1,1,1,1,1,1,1,1,1,1,1,1,1,1,1,1,1,1,1,1,1,1,1,1,1,1,1,1,1,1,1,1,1,1,1,1,1,1,1,1,1,1,1,1,1,1,1,1,1,1,1,1,1,1,1,1,1,1,1,1,1,1,1,1,1,1,1,1,1,1,NA,NA,NA,NA,NA
12234,Ready to Move,NA,4,N,J K Bhai Construction,NA,NA,11000000,1.10 Cr,NA,NA,NA,NA,NA,NA,577,Karishma Apartments,19064,NA,Jogeshwari West,NA,Sq-ft,N,NA,Semi-Furnished,2,NA,NA,NA,Resale,4 of 7 Floor,Apartment,Mumbai,1,Owner,7,NA,F,577,NA,N,Bachelors/Family,"Jogeshwari West, Mumbai",1 BHK Flat,Sq-ft,0,NA,NA,NA,0,0,0,0,0,0,0,0,0,0,0,0,0,0,0,0,0,0,0,0,0,0,0,0,0,0,0,0,0,0,0,0,0,0,0,0,0,0,0,0,0,0,0,0,0,0,0,0,0,0,0,0,0,0,0,0,0,0,0,0,0,0,0,0,0,0,0,0,0,0,0,0,0,0,0,0,0,0,0,0,0,0,0,0,0,0,0,0,0,0,NA,NA,NA,NA,NA
12233,Ready to Move,NA,3,N,NA,NA,NA,19500000,1.95 Cr,NA,NA,NA,NA,NA,NA,950,NA,20526,NA,Jogeshwari West,NA,Sq-ft,N,NA,Furnished,2,NA,NA,NA,Resale,3 of 8 Floor,Apartment,Mumbai,2,Owner,8,NA,F,950,NA,N,Bachelors/Family,"Jogeshwari West, Mumbai",2 BHK Flat,Sq-ft,0,NA,NA,NA,0,0,0,0,0,0,0,0,0,0,0,0,0,0,0,0,0,0,0,0,0,0,0,0,0,0,0,0,0,0,0,0,0,0,0,0,0,0,0,0,0,0,0,0,0,0,0,0,0,0,0,0,0,0,0,0,0,0,0,0,0,0,0,0,0,0,0,0,0,0,0,0,0,0,0,0,0,0,0,0,0,0,0,0,0,0,0,0,0,0,NA,NA,NA,NA,NA
12232,Ready to Move,NA,1,N,NA,NA,NA,9500000,95 Lac,NA,NA,NA,NA,100000,behind J A Meghani  school,570,NA,16667,NA,Jogeshwari West,NA,Sq-ft,Y,Co-operative Society,Unfurnished,1,NA,North - West,NA,Resale,1 of 7 Floor,Apartment,Mumbai,1,Owner,7,NA,F,570,NA,N,Bachelors/Family,"Jogeshwari West, Mumbai",1 BHK Flat,Sq-ft,0,15 to 20 years,NA,NA,0,1,0,0,0,0,0,0,1,0,0,0,0,0,0,0,0,0,0,0,0,0,0,0,0,0,0,0,0,0,0,0,0,0,0,0,0,0,0,0,0,0,0,0,0,0,0,0,0,0,0,0,0,0,0,0,0,0,0,0,0,0,0,0,0,0,0,0,0,0,0,0,0,0,0,0,0,0,0,0,0,0,0,0,0,0,0,0,0,0,NA,NA,NA,NA,NA
12231,Ready to Move,NA,3,N,NA,NA,NA,11200000,1.12 Cr,NA,NA,NA,NA,NA,NA,640,NA,17500,520,Jogeshwari West,NA,Sq-ft,Y,NA,Semi-Furnished,2,NA,NA,NA,Resale,3 of 14 Floor,Apartment,Mumbai,1,Owner,14,NA,F,640,Sq-ft,N,Bachelors/Family,"Jogeshwari West, Mumbai",1 BHK Flat,Sq-ft,0,10 to 15 years,1,NA,0,0,0,0,0,0,0,0,0,0,0,0,0,0,0,0,0,0,0,0,0,0,0,0,0,0,0,0,0,0,0,0,0,0,0,0,0,0,0,0,0,0,0,0,0,0,0,0,0,0,0,0,0,0,0,0,0,0,0,0,0,0,0,0,0,0,0,0,0,0,0,0,0,0,0,0,0,0,0,0,0,0,0,0,0,0,0,0,0,0,NA,NA,NA,NA,NA
12230,Ready to Move,NA,1,N,Anand Developers,NA,NA,14500000,1.45 Cr,NA,NA,NA,NA,NA,NA,NA,Jogeshwari Anand CHS,NA,442,Jogeshwari West,NA,NA,Y,Co-operative Society,Unfurnished,1,NA,NA,"Garden/Park, Main Road",Resale,1 of 4 Floor,Apartment,Mumbai,1,Owner,4,NA,F,NA,Sq-ft,N,Bachelors/Family,"Jogeshwari West, Mumbai",1 BHK Flat,NA,0,Above 20 years,NA,NA,0,0,0,0,0,0,0,1,1,1,0,0,0,0,0,0,0,0,0,0,0,0,0,0,0,0,0,0,0,0,0,0,0,0,0,0,0,0,0,0,0,0,0,0,0,0,0,0,0,0,0,0,0,0,0,0,0,0,0,0,0,0,0,0,0,0,0,0,0,0,0,0,0,0,0,0,0,0,0,0,0,0,0,0,0,0,0,0,0,0,NA,NA,NA,NA,NA
12229,Ready to Move,NA,14,N,Paradigm Realty,NA,NA,8500000,85 Lac,NA,NA,NA,NA,300000,NA,515,Paradigm Antalya,16505,436,Oshiwara,NA,Sq-ft,Y,Freehold,Unfurnished,1,NA,NA,NA,Resale,14 of 22 Floor,Apartment,Mumbai,1,Owner,22,NA,F,515,Sq-ft,N,Bachelors/Family,"Oshiwara, Mumbai",1 BHK Flat,Sq-ft,0,New Construction,NA,NA,0,0,0,0,0,0,0,0,0,0,0,0,0,0,0,0,0,0,0,0,0,0,0,0,0,0,0,0,0,0,0,0,0,0,0,0,0,0,0,0,0,0,0,0,0,0,0,0,0,0,0,0,0,0,0,0,0,0,0,0,0,0,0,0,0,0,0,0,0,0,0,0,0,0,0,0,0,0,0,0,0,0,0,0,0,0,0,0,0,0,NA,NA,NA,NA,NA
12228,Ready to Move,NA,10,N,Cooperative Group Housing Society,NA,NA,11000000,1.10 Cr,NA,NA,NA,NA,NA,NA,627,Malkani Towers CHS,17544,NA,Jogeshwari West,NA,Sq-ft,N,NA,Furnished,1,NA,NA,NA,Resale,10 of 15 Floor,Apartment,Mumbai,1,Owner,15,NA,F,627,NA,N,Bachelors/Family,"Jogeshwari West, Mumbai",1 BHK Flat,Sq-ft,0,NA,NA,NA,0,0,0,0,0,0,0,0,0,0,0,0,0,0,0,0,0,0,0,0,0,0,0,0,0,0,0,0,0,0,0,0,0,0,0,0,0,0,0,0,0,0,0,0,0,0,0,0,0,0,0,0,0,0,0,0,0,0,0,0,0,0,0,0,0,0,0,0,0,0,0,0,0,0,0,0,0,0,0,0,0,0,0,0,0,0,0,0,0,0,NA,NA,NA,NA,NA
12227,Ready to Move,NA,Ground,N,NA,NA,NA,15000000,1.50 Cr,NA,NA,NA,NA,NA,NA,950,NA,15789,NA,Jogeshwari West,NA,Sq-ft,N,NA,Furnished,2,NA,NA,NA,Resale,Ground of 7 Floor,Apartment,Mumbai,2,Owner,7,NA,F,950,NA,N,Bachelors/Family,"Jogeshwari West, Mumbai",2 BHK Flat,Sq-ft,0,NA,NA,NA,0,0,0,0,0,0,0,0,0,0,0,0,0,0,0,0,0,0,0,0,0,0,0,0,0,0,0,0,0,0,0,0,0,0,0,0,0,0,0,0,0,0,0,0,0,0,0,0,0,0,0,0,0,0,0,0,0,0,0,0,0,0,0,0,0,0,0,0,0,0,0,0,0,0,0,0,0,0,0,0,0,0,0,0,0,0,0,0,0,0,NA,NA,NA,NA,NA
12226,Ready to Move,NA,10,N,Lodha,NA,NA,25900000,2.59 Cr,NA,NA,NA,NA,500000,NA,1286,Lodha Bel Air,20140,817,Jogeshwari West,NA,Sq-ft,Y,Freehold,Unfurnished,2,NA,East,"Garden/Park, Pool, Main Road",Resale,10 of 22 Floor,Apartment,Mumbai,3,Agent,22,NA,F,1286,Sq-ft,Y,Bachelors/Family,"Jogeshwari West, Mumbai",3 BHK Flat,Sq-ft,0,New Construction,NA,NA,1,1,1,1,1,1,1,1,1,1,1,1,1,1,1,1,1,1,1,1,1,1,1,1,1,1,1,1,1,1,1,1,1,1,1,1,1,1,1,1,1,1,1,1,1,1,1,1,1,1,1,1,1,1,1,1,1,1,1,1,1,1,1,1,1,1,1,1,1,1,1,1,1,1,1,1,1,1,1,1,1,1,1,1,1,1,1,1,1,1,NA,NA,NA,NA,NA
12225,Ready to Move,NA,8,N,NA,NA,NA,35000000,3.50 Cr,NA,NA,NA,NA,NA,NA,1850,NA,18919,NA,Jogeshwari West,NA,Sq-ft,N,NA,Furnished,4,NA,NA,NA,Resale,8 of 14 Floor,Apartment,Mumbai,5,Owner,14,NA,F,1850,NA,N,Bachelors/Family,"Jogeshwari West, Mumbai",5 BHK Flat,Sq-ft,0,NA,NA,NA,0,0,0,0,0,0,0,0,0,0,0,0,0,0,0,0,0,0,0,0,0,0,0,0,0,0,0,0,0,0,0,0,0,0,0,0,0,0,0,0,0,0,0,0,0,0,0,0,0,0,0,0,0,0,0,0,0,0,0,0,0,0,0,0,0,0,0,0,0,0,0,0,0,0,0,0,0,0,0,0,0,0,0,0,0,0,0,0,0,0,NA,NA,NA,NA,NA
12224,Ready to Move,NA,5,N,NA,NA,NA,11500000,1.15 Cr,NA,NA,NA,NA,NA,NA,750,Universal Cubical,15333,NA,Jogeshwari West,NA,Sq-ft,N,NA,Unfurnished,2,NA,NA,NA,Resale,5 of 22 Floor,Apartment,Mumbai,1,Owner,22,NA,F,750,NA,N,Bachelors/Family,"Jogeshwari West, Mumbai",1 BHK Flat,Sq-ft,0,NA,NA,NA,0,0,0,0,0,0,0,0,0,0,0,0,0,0,0,0,0,0,0,0,0,0,0,0,0,0,0,0,0,0,0,0,0,0,0,0,0,0,0,0,0,0,0,0,0,0,0,0,0,0,0,0,0,0,0,0,0,0,0,0,0,0,0,0,0,0,0,0,0,0,0,0,0,0,0,0,0,0,0,0,0,0,0,0,0,0,0,0,0,0,NA,NA,NA,NA,NA
12223,Ready to Move,NA,4,N,NA,NA,NA,4000000,40 Lac,NA,NA,NA,NA,50000,NA,225,NA,17778,225,Behram Baug,NA,Sq-ft,N,NA,NA,2,NA,NA,NA,Resale,4 of 7 Floor,Apartment,Mumbai,1,Owner,7,NA,F,225,Sq-ft,N,Bachelors/Family,"Behram Baug, Mumbai",1 BHK Flat,Sq-ft,0,10 to 15 years,NA,NA,0,0,0,0,0,0,0,0,0,0,0,0,0,0,0,0,0,0,0,0,0,0,0,0,0,0,0,0,0,0,0,0,0,0,0,0,0,0,0,0,0,0,0,0,0,0,0,0,0,0,0,0,0,0,0,0,0,0,0,0,0,0,0,0,0,0,0,0,0,0,0,0,0,0,0,0,0,0,0,0,0,0,0,0,0,0,0,0,0,0,NA,NA,NA,NA,NA
12222,Ready to Move,NA,11,N,NA,NA,NA,18000000,1.80 Cr,NA,NA,NA,NA,2000000,NA,1050,Chandiwala Pearl Platinum,17143,652,Jogeshwari West,NA,Sq-ft,Y,NA,Furnished,2,NA,NA,NA,Resale,11 of 21 Floor,Apartment,Mumbai,2,Owner,21,NA,F,1050,Sq-ft,N,Bachelors/Family,"Jogeshwari West, Mumbai",2 BHK Flat,Sq-ft,0,Less than 5 years,NA,NA,0,0,0,0,0,0,0,0,0,0,0,0,0,0,0,0,0,0,0,0,0,0,0,0,0,0,0,0,0,0,0,0,0,0,0,0,0,0,0,0,0,0,0,0,0,0,0,0,0,0,0,0,0,0,0,0,0,0,0,0,0,0,0,0,0,0,0,0,0,0,0,0,0,0,0,0,0,0,0,0,0,0,0,0,0,0,0,0,0,0,NA,NA,NA,NA,NA
12221,Ready to Move,NA,4,N,NA,NA,NA,12000000,1.20 Cr,NA,NA,NA,NA,NA,Near Madjid Us Salam,550,NA,21818,500,Oshiwara,NA,Sq-ft,Y,Co-operative Society,Semi-Furnished,2,NA,NA,Garden/Park,Resale,4 of 7 Floor,Apartment,Mumbai,1,Owner,7,NA,F,550,Sq-ft,Y,Bachelors/Family,"Oshiwara, Mumbai",1 BHK Flat,Sq-ft,0,Above 20 years,NA,NA,1,1,0,0,0,0,0,0,1,0,0,0,0,0,0,0,1,0,0,0,0,0,0,0,0,0,0,0,0,0,0,0,0,0,0,0,0,0,0,0,0,0,0,0,0,0,0,0,0,0,0,0,0,0,0,0,0,0,0,0,0,0,0,0,0,0,0,0,0,0,0,0,0,0,0,0,0,0,0,0,0,0,0,0,0,0,0,0,0,0,NA,NA,NA,NA,NA
12220,Ready to Move,NA,10,N,Chandiwala Group,NA,NA,16500000,1.65 Cr,NA,NA,NA,NA,NA,NA,928,Khan Tower,17780,NA,Jogeshwari West,NA,Sq-ft,N,NA,Furnished,2,NA,NA,NA,Resale,10 of 18 Floor,Apartment,Mumbai,2,Owner,18,NA,F,928,NA,Y,Bachelors/Family,"Jogeshwari West, Mumbai",2 BHK Flat,Sq-ft,0,NA,NA,NA,0,0,0,0,0,0,0,0,0,0,0,0,0,0,0,0,0,0,0,0,0,0,0,0,0,0,0,0,0,0,0,0,0,0,0,0,0,0,0,0,0,0,0,0,0,0,0,0,0,0,0,0,0,0,0,0,0,0,0,0,0,0,0,0,0,0,0,0,0,0,0,0,0,0,0,0,0,0,0,0,0,0,0,0,0,0,0,0,0,0,NA,NA,NA,NA,NA
12219,Ready to Move,NA,7,N,NA,NA,NA,14000000,1.40 Cr,NA,NA,NA,NA,NA,NA,750,NA,18667,NA,Jogeshwari West,NA,Sq-ft,N,NA,Semi-Furnished,1,1 Covered,NA,NA,Resale,7 of 7 Floor,Apartment,Mumbai,2,Owner,7,NA,F,750,NA,Y,Bachelors/Family,"Jogeshwari West, Mumbai",2 BHK Flat,Sq-ft,0,10 to 15 years,NA,NA,0,0,0,0,0,0,0,0,0,0,0,0,0,0,0,0,0,0,0,0,0,0,0,0,0,0,0,0,0,0,0,0,0,0,0,0,0,0,0,0,0,0,0,0,0,0,0,0,0,0,0,0,0,0,0,0,0,0,0,0,0,0,0,0,0,0,0,0,0,0,0,0,0,0,0,0,0,0,0,0,0,0,0,0,0,0,0,0,0,0,NA,NA,NA,NA,NA
12218,Ready to Move,NA,6,N,United Builders,NA,NA,16000000,1.60 Cr,NA,NA,NA,NA,NA,NA,950,United Park,16842,NA,Jogeshwari West,NA,Sq-ft,N,NA,Furnished,2,NA,NA,NA,Resale,6 of 22 Floor,Apartment,Mumbai,2,Owner,22,NA,F,950,NA,Y,Bachelors/Family,"Jogeshwari West, Mumbai",2 BHK Flat,Sq-ft,0,NA,4,NA,0,1,0,0,0,1,1,1,1,1,0,0,0,0,1,0,1,0,1,0,1,0,0,0,0,0,0,0,0,0,0,0,0,0,0,0,0,0,0,0,0,0,0,0,0,0,0,0,0,0,0,0,0,0,0,0,0,0,0,0,0,0,0,0,0,0,0,0,0,0,0,0,0,0,0,0,0,0,0,1,0,0,0,0,0,0,0,0,1,0,NA,NA,NA,NA,NA
12217,Ready to Move,Jan '23,20,N,BBJ Worldwide,NA,NA,17000000,1.70 Cr,NA,NA,NA,NA,500000,NA,1280,Verona,13281,800,Oshiwara,NA,Sq-ft,N,Freehold,Unfurnished,2,NA,West,Main Road,Resale,20 of 35 Floor,Apartment,Mumbai,2,Owner,35,NA,F,1280,Sq-ft,Y,Bachelors/Family,"Oshiwara, Mumbai",2 BHK Flat,Sq-ft,0,NA,1,NA,1,1,1,1,1,1,1,1,1,1,1,1,1,1,1,1,1,1,1,1,1,1,1,1,1,1,1,1,1,1,1,1,1,1,1,1,1,1,1,1,1,1,1,1,1,1,1,1,1,1,1,1,1,1,1,1,1,1,1,1,1,1,1,1,1,1,1,1,1,1,0,1,1,1,1,1,1,1,1,1,1,1,1,1,1,1,1,1,1,1,NA,NA,NA,NA,NA
12216,Under Construction,Dec '26,40,N,NA,NA,1,9900000,99 Lac,"Normal Tiles/Kotah Stone,Vitrified",NA,NA,NA,50000,NA,NA,NA,NA,401,Jogeshwari West,NA,NA,N,NA,Unfurnished,2,NA,NA,NA,Resale,40 of 45 Floor,Apartment,Mumbai,1,Owner,45,NA,F,NA,Sq-ft,Y,Bachelors/Family,"Jogeshwari West, Mumbai",1 BHK Flat,NA,0,NA,1,NA,1,1,1,1,1,1,1,1,1,1,1,1,1,1,1,1,1,1,1,1,1,1,1,1,1,1,1,1,1,0,1,1,1,1,1,1,1,0,0,0,0,1,1,1,0,1,0,0,1,1,0,1,1,0,0,1,0,1,1,1,1,1,1,1,0,0,0,0,0,0,0,0,0,0,0,0,0,0,0,0,0,0,0,0,0,0,0,0,0,0,NA,NA,NA,NA,NA
12215,Ready to Move,NA,3,N,SMGK Group,NA,NA,15000000,1.50 Cr,Marbonite,NA,NA,NA,NA,Agarwal Estate,660,Hill park Tower,22727,NA,Bandivali,NA,Sq-ft,N,Freehold,Furnished,2,NA,West,NA,Resale,3 of 14 Floor,Apartment,Mumbai,1,Owner,14,NA,F,660,NA,Y,Bachelors/Family,"Bandivali, Mumbai",1 BHK Flat,Sq-ft,0,NA,NA,NA,0,1,0,0,0,0,0,0,0,1,0,0,0,1,0,0,0,0,0,1,0,0,0,0,0,0,1,0,0,0,0,0,0,0,0,0,0,0,0,0,0,0,0,0,0,0,0,0,0,0,0,0,0,0,0,0,0,0,0,0,0,0,1,0,0,0,0,0,0,0,0,0,0,0,0,0,0,0,0,0,0,0,0,0,0,0,0,0,0,0,NA,NA,NA,NA,NA
12214,Ready to Move,NA,15,N,Lodha,NA,NA,11500000,1.15 Cr,NA,NA,NA,NA,500000,jogeshwari mtnl,352,Lodha Bel Air,32670,352,Jogeshwari West,NA,Sq-ft,Y,Freehold,Unfurnished,1,NA,East,"Garden/Park, Main Road",New Property,15 of 30 Floor,Apartment,Mumbai,1,Agent,30,NA,F,352,Sq-ft,Y,Bachelors/Family,"Jogeshwari West, Mumbai",1 BHK Flat,Sq-ft,0,New Construction,NA,Y,1,1,1,1,1,1,1,1,1,1,1,1,1,1,1,1,1,1,1,1,1,1,1,1,1,1,1,1,1,1,1,1,1,1,1,1,1,1,1,1,1,1,1,1,1,1,1,1,1,1,1,1,1,1,1,1,1,1,1,1,1,1,1,1,1,1,1,1,0,1,1,1,1,1,1,1,1,1,1,1,1,1,1,1,1,1,1,1,1,1,NA,NA,NA,NA,NA
12213,Ready to Move,NA,3,N,NA,NA,NA,8000000,80 Lac,NA,NA,NA,NA,NA,NA,285,NA,28070,NA,Jogeshwari West,NA,Sq-ft,N,Freehold,Unfurnished,1,NA,North,Main Road,Resale,3 of 13 Floor,Apartment,Mumbai,1,Owner,13,NA,F,285,NA,Y,Bachelors/Family,"Jogeshwari West, Mumbai",1 BHK Flat,Sq-ft,0,Less than 5 years,NA,NA,1,1,0,0,0,1,1,0,1,1,0,0,0,0,0,1,0,1,0,0,0,0,0,0,0,0,0,0,0,0,0,0,0,0,0,0,0,0,0,0,0,0,0,0,0,0,0,0,0,0,0,0,0,0,0,0,0,0,0,0,0,0,0,0,0,0,0,0,0,0,0,0,0,0,0,0,0,0,0,0,0,0,0,0,0,0,0,0,0,0,NA,NA,NA,NA,NA
12212,Ready to Move,NA,20,N,SMGK Group,NA,NA,47500000,4.75 Cr,NA,NA,NA,NA,NA,Agarwal estate,2000,SMGK Associate Wood,23750,1700,Jogeshwari West,East Facing Property,Sq-ft,Y,Co-operative Society,Furnished,4,NA,East,"Garden/Park, Main Road",Resale,20 of 23 Floor,Apartment,Mumbai,4,Owner,23,NA,F,2000,Sq-ft,Y,Bachelors/Family,"Jogeshwari West, Mumbai",4 BHK Flat,Sq-ft,0,5 to 10 years,4,NA,1,1,1,1,1,1,1,1,1,1,1,1,1,1,1,1,1,1,1,1,1,1,1,1,1,1,1,1,1,1,1,1,1,1,1,1,1,1,1,1,1,1,1,1,1,1,1,1,1,1,1,1,1,1,1,1,1,1,1,1,1,1,1,1,1,1,1,1,0,1,1,1,1,1,1,1,1,1,1,1,1,1,1,1,1,1,1,1,1,1,NA,NA,NA,NA,NA
12211,Ready to Move,NA,19,N,NA,NA,NA,16500000,1.65 Cr,Vitrified,NA,NA,NA,NA,Near Mega Mall main Andheri Goregaon Link Road,940,NA,17553,586,Oshiwara,Near Mega Mall main Andheri Goregaon Link Road,Sq-ft,N,Freehold,Unfurnished,2,NA,North,Main Road,New Property,19 of 20 Floor,Apartment,Mumbai,2,Agent,20,NA,F,940,Sq-ft,Y,Bachelors/Family,"Oshiwara, Mumbai",2 BHK Flat,Sq-ft,0,New Construction,NA,NA,1,1,1,1,1,1,1,1,1,1,1,1,1,1,1,1,1,1,1,1,1,1,1,1,1,1,1,1,1,1,1,1,1,1,1,1,1,1,1,1,1,1,1,1,1,1,1,1,1,1,1,1,1,1,1,1,1,1,1,1,1,1,1,1,1,1,1,1,1,1,0,1,1,1,1,1,1,1,1,1,1,1,1,1,1,1,1,1,1,1,NA,NA,NA,NA,NA
12210,Under Construction,Dec '25,17,N,Paradigm Realty,MCGM,50,8100000,81 Lac,"Granite,Vitrified",No/Rare Powercut,Monthly,3000,100000,"S.V. Road, Mrinal flyover, Metro and Railway station",518,Paradigm Antalya,15637,384,Oshiwara,NA,Sq-ft,Y,Freehold,Unfurnished,2,"1 Covered, 1 Open",East,"Garden/Park, Pool, Main Road",New Property,17 of 38 Floor,Apartment,Mumbai,1,Agent,38,Water Availability 24 Hours Available,F,518,Sq-ft,Y,Bachelors/Family,"Oshiwara, Mumbai",1 BHK Flat,Sq-ft,0,NA,1,NA,1,1,1,1,1,1,1,1,1,1,1,1,1,1,1,1,1,1,1,1,1,1,1,1,1,1,1,1,1,1,1,1,1,1,1,1,1,1,1,1,1,1,1,1,1,1,1,1,1,1,1,1,1,1,1,1,1,1,1,1,1,1,1,1,1,1,1,0,1,1,1,1,1,1,1,1,1,1,1,1,1,1,1,1,1,1,1,1,1,1,NA,NA,NA,NA,NA
12209,Under Construction,Nov '24,11,N,Lashkaria Housing and Infrastructure Pvt Ltd,NA,NA,16000000,1.60 Cr,NA,NA,NA,NA,500000,NA,750,Lashkaria Pearl,21333,665,Jogeshwari West,East Facing Property,Sq-ft,Y,Co-operative Society,Unfurnished,3,NA,East,"Garden/Park, Main Road",Resale,11 of 22 Floor,Apartment,Mumbai,2,Owner,22,NA,F,750,Sq-ft,Y,Bachelors/Family,"Jogeshwari West, Mumbai",2 BHK Flat,Sq-ft,0,NA,NA,NA,1,1,1,1,1,1,1,1,1,1,1,1,1,1,1,1,1,1,1,1,1,1,1,1,1,1,1,1,1,1,1,1,1,1,1,1,1,1,1,1,1,1,1,1,1,1,1,1,1,1,1,1,1,1,1,1,1,1,1,1,1,1,1,1,1,1,1,1,0,1,1,1,1,1,1,1,1,1,1,1,1,1,1,1,1,1,1,1,1,1,NA,NA,NA,NA,NA
12208,Under Construction,Jan '26,Upper Basement,N,Roswalt Realty,NA,NA,9500000,95 Lac,NA,NA,NA,NA,NA,NA,420,Roswalt Zaiden,22619,401,Jogeshwari West,NA,Sq-ft,N,Freehold,Unfurnished,2,NA,East,Main Road,New Property,Upper Basement of 38 Floor,Apartment,Mumbai,1,Agent,38,NA,F,420,Sq-ft,Y,Bachelors/Family,"Jogeshwari West, Mumbai",1 BHK Flat,Sq-ft,0,NA,NA,NA,0,0,0,0,0,0,0,0,0,0,0,0,0,0,0,0,0,0,0,0,0,0,0,0,0,0,0,0,0,0,0,0,0,0,0,0,0,0,0,0,0,0,0,0,0,0,0,0,0,0,0,0,0,0,0,0,0,0,0,0,0,0,0,0,0,0,0,0,0,0,0,0,0,0,0,0,0,0,0,0,0,0,0,0,0,0,0,0,0,0,NA,NA,NA,NA,NA
12207,Ready to Move,NA,4,N,SMGK Group,NA,NA,12500000,1.25 Cr,NA,NA,NA,NA,NA,NA,593,Hill park Tower,21079,NA,Jogeshwari West,NA,Sq-ft,Y,Freehold,Semi-Furnished,1,NA,NA,"Garden/Park, Main Road",Resale,4 of 13 Floor,Apartment,Mumbai,1,Owner,13,NA,F,593,NA,N,Bachelors/Family,"Jogeshwari West, Mumbai",1 BHK Flat,Sq-ft,0,10 to 15 years,1,NA,1,1,0,0,0,0,1,1,1,1,0,0,0,0,1,1,1,1,1,0,0,0,0,0,0,0,0,0,0,0,0,0,0,0,0,0,0,0,0,0,0,0,0,0,0,0,0,0,0,0,0,0,0,0,0,0,0,0,0,0,0,0,0,0,0,0,0,0,0,0,0,0,0,0,0,0,0,0,0,0,0,0,0,0,0,0,0,0,0,0,NA,NA,NA,NA,NA
12206,Ready to Move,NA,13,N,NA,NA,NA,6200000,62 Lac,NA,NA,NA,NA,500000,NA,320,NA,19375,270,Oshiwara,NA,Sq-ft,Y,Co-operative Society,Unfurnished,1,NA,North - West,"Garden/Park, Main Road",Resale,13 of 22 Floor,Apartment,Mumbai,1,Owner,22,NA,F,320,Sq-ft,N,Bachelors/Family,"Oshiwara, Mumbai",1 BHK Flat,Sq-ft,0,5 to 10 years,1,NA,0,1,0,0,0,0,0,1,1,0,1,0,1,1,1,0,0,0,0,1,1,1,0,0,0,0,0,0,0,0,0,0,0,0,0,0,0,0,0,0,0,0,0,0,0,0,0,0,0,0,0,0,0,0,0,0,0,0,0,0,0,0,0,0,0,0,0,0,0,0,0,0,0,0,0,0,0,0,0,0,0,0,0,0,0,0,0,0,0,0,NA,NA,NA,NA,NA
12205,Ready to Move,NA,1,N,NA,NA,NA,33000000,3.30 Cr,NA,NA,NA,NA,NA,"above hdfc bank , icici bank , union bank",2500,NA,13200,2100,Jogeshwari West,NA,Sq-ft,Y,Freehold,Semi-Furnished,3,NA,West,Main Road,Resale,1 of 23 Floor,Apartment,Mumbai,3,Owner,23,NA,F,2500,Sq-ft,N,Bachelors/Family,"Jogeshwari West, Mumbai",3 BHK Flat,Sq-ft,0,10 to 15 years,3,NA,1,1,1,1,1,1,1,1,1,1,1,1,1,1,1,1,1,1,1,1,1,1,1,1,1,1,1,1,1,1,1,1,1,1,1,1,1,1,1,1,1,1,1,1,1,1,1,1,1,1,1,1,1,1,1,1,1,1,1,1,1,1,1,1,1,1,1,1,1,0,1,1,1,1,1,1,1,1,1,1,1,1,1,1,1,1,1,1,1,1,NA,NA,NA,NA,NA
12204,Under Construction,Mar '23,14,N,NA,NA,NA,23170000,2.31 Cr,NA,NA,NA,NA,NA,NA,NA,NA,NA,662,Jogeshwari West,NA,NA,Y,NA,Unfurnished,2,NA,South - East,Main Road,Resale,14 of 20 Floor,Apartment,Mumbai,2,Owner,20,NA,F,NA,Sq-ft,N,Bachelors/Family,"Jogeshwari West, Mumbai",2 BHK Flat,NA,0,NA,NA,NA,1,1,1,1,1,1,1,1,1,1,1,0,1,1,1,1,1,1,1,1,1,1,1,1,1,1,0,1,1,0,0,0,0,0,0,0,0,0,0,0,0,0,0,0,0,0,0,0,0,0,0,0,0,0,0,0,0,0,0,0,0,0,0,0,0,0,0,0,0,0,0,0,0,0,0,0,0,0,0,0,0,0,0,0,0,0,0,0,0,0,NA,NA,NA,NA,NA
12203,Ready to Move,NA,3,N,Lodha,NA,NA,26500000,2.65 Cr,NA,NA,NA,NA,500000,NA,1200,Lodha Bel Air,22083,806,Jogeshwari West,NA,Sq-ft,Y,Freehold,Unfurnished,2,NA,NA,Main Road,Resale,3 of 21 Floor,Apartment,Mumbai,3,Owner,21,NA,F,1200,Sq-ft,Y,Bachelors/Family,"Jogeshwari West, Mumbai",3 BHK Flat,Sq-ft,0,New Construction,NA,NA,1,1,1,1,1,1,1,1,1,1,1,1,1,1,1,1,1,1,1,1,1,1,1,1,1,1,1,1,1,1,1,1,1,1,1,1,1,1,1,1,1,1,1,1,1,1,1,1,1,1,1,1,1,1,1,1,1,1,1,1,1,1,1,1,1,1,1,1,0,1,1,1,1,1,1,1,1,1,1,1,1,1,1,1,1,1,1,1,1,1,NA,NA,NA,NA,NA
12202,Ready to Move,NA,9,N,NA,NA,0,16500000,1.65 Cr,Vitrified,No/Rare Powercut,Monthly,NA,NA,Railway Station,1130,NA,14601,730,Jogeshwari West,NA,Sq-ft,N,Co-operative Society,Unfurnished,2,NA,NA,Main Road,Resale,9 of 21 Floor,Apartment,Mumbai,2,Owner,21,Water Availability 24 Hours Available,F,1130,Sq-ft,Y,Bachelors/Family,"Jogeshwari West, Mumbai",2 BHK Flat,Sq-ft,0,New Construction,2,NA,0,0,0,0,0,1,1,0,1,0,0,0,0,0,0,0,0,0,0,0,0,0,0,0,0,0,0,1,0,0,0,0,0,0,0,0,0,0,0,0,0,0,0,0,0,0,0,0,0,0,0,0,0,0,0,0,0,0,0,0,0,0,0,0,0,0,0,0,0,0,0,0,0,0,0,0,0,0,0,0,0,0,0,0,0,0,0,0,0,0,NA,NA,NA,NA,NA
12201,Ready to Move,NA,2,Y,Cooperative Group Housing Society,MHADA,0,22000000,2.20 Cr,Vitrified,No/Rare Powercut,Monthly,4500,2100000,Opp oshiwara police station andheri west.,836,Anushka CHS,26315,750,Oshiwara,Opp oshiwara police station andheri west.,Sq-ft,Y,Leasehold,Furnished,2,1 Open,North,Main Road,Resale,2 of 6 Floor,Apartment,Mumbai,2,Agent,6,Water Availability 24 Hours Available,F,836,Sq-ft,Y,Bachelors/Family,"Oshiwara, Mumbai",2 BHK Flat,Sq-ft,0,Above 20 years,NA,Y,1,1,1,1,1,1,1,1,1,1,1,1,1,1,1,1,1,1,1,1,1,1,1,1,1,1,1,1,1,1,1,1,1,1,1,1,1,1,1,1,1,1,1,1,1,1,1,1,1,1,1,1,1,1,1,1,1,1,1,1,1,1,1,1,1,1,1,1,1,1,1,1,1,1,1,1,1,1,1,1,1,1,1,1,1,1,1,1,1,1,NA,NA,NA,NA,NA
12200,Ready to Move,NA,3,N,SMGK Group,MMRDA,2,13500000,1.35 Cr,Vitrified,No/Rare Powercut,NA,NA,NA,Jogeshwari west Railway Station,720,SMGK Associates Residency,18750,470,Jogeshwari West,NA,Sq-ft,N,Freehold,Furnished,1,NA,North,NA,Resale,3 of 7 Floor,Apartment,Mumbai,1,Owner,7,Water Availability 24 Hours Available,F,720,Sq-ft,Y,Bachelors/Family,"Jogeshwari West, Mumbai",1 BHK Flat,Sq-ft,0,Above 20 years,NA,NA,1,1,0,0,0,0,0,0,1,0,0,0,1,0,0,0,1,0,0,0,1,0,0,0,0,0,0,0,0,0,0,0,0,0,0,0,0,0,0,0,0,0,0,0,0,0,0,0,0,0,0,0,0,0,0,0,0,0,0,0,0,0,0,0,0,0,0,0,0,0,0,0,0,0,0,0,0,0,0,0,0,0,0,0,0,0,0,0,0,0,NA,Y,NA,NA,NA
12199,Ready to Move,NA,1,N,NA,NA,NA,6850000,68.5 Lac,NA,NA,NA,NA,100000,NA,NA,NA,NA,350,Jogeshwari West,NA,NA,Y,Co-operative Society,Unfurnished,1,NA,NA,Garden/Park,Resale,1 of 7 Floor,Apartment,Mumbai,1,Owner,7,NA,F,NA,Sq-ft,Y,Bachelors/Family,"Jogeshwari West, Mumbai",1 BHK Flat,NA,0,15 to 20 years,NA,NA,0,1,0,0,0,0,0,0,1,0,0,0,1,0,0,0,1,1,0,1,0,0,0,0,0,0,0,0,0,0,0,0,0,0,0,0,0,0,0,0,0,0,0,0,0,0,0,0,0,0,0,0,0,0,0,0,0,0,0,0,0,0,0,0,0,0,0,0,0,0,0,0,0,0,0,0,0,0,0,0,0,0,0,0,0,0,0,0,0,0,NA,NA,NA,NA,NA
12198,Ready to Move,NA,6,N,NA,NA,NA,8600000,86 Lac,Ceramic Tiles,No/Rare Powercut,Monthly,1000,500000,Near Oshiwara Garden,419,NA,20525,400,Amrut Nagar,East Facing Property,Sq-ft,N,Co-operative Society,Semi-Furnished,1,2 Open,East,Main Road,Resale,6 of 7 Floor,Apartment,Mumbai,1,Owner,7,Water Availability 24 Hours Available,F,419,Sq-ft,Y,Bachelors/Family,"Amrut Nagar, Mumbai",1 BHK Flat,Sq-ft,0,10 to 15 years,NA,NA,0,1,0,0,0,0,1,1,1,1,0,0,0,1,1,1,1,0,0,0,0,0,0,0,0,0,0,0,0,0,0,0,0,0,0,0,0,0,0,0,0,0,0,0,0,0,0,0,0,0,0,0,0,0,0,0,0,0,0,0,0,0,0,0,0,0,0,0,0,0,0,0,0,0,0,0,0,0,0,0,0,0,0,0,0,0,0,0,0,0,NA,Y,NA,NA,NA
12197,Ready to Move,NA,4,N,NA,NA,NA,16900000,1.69 Cr,NA,NA,NA,NA,NA,NA,700,NA,24143,NA,Jogeshwari West,East Facing Property,Sq-ft,N,Co-operative Society,Furnished,2,NA,East,Garden/Park,Resale,4 of 7 Floor,Apartment,Mumbai,2,Owner,7,NA,F,700,NA,Y,Bachelors/Family,"Jogeshwari West, Mumbai",2 BHK Flat,Sq-ft,0,10 to 15 years,1,NA,0,1,1,0,0,0,0,0,1,1,0,1,0,1,1,1,0,0,0,1,1,0,0,0,0,0,0,0,0,0,0,0,0,0,0,0,0,0,0,0,0,0,0,0,0,0,0,0,0,0,0,0,0,0,0,0,0,0,0,0,0,0,0,0,0,0,0,0,0,0,0,0,0,0,0,0,0,0,0,0,0,0,0,0,0,0,0,0,0,0,NA,NA,NA,NA,NA
12196,Ready to Move,NA,8,N,SMGK Group,NA,NA,19000000,1.90 Cr,Ceramic Tiles,NA,NA,NA,NA,NA,1045,SMGK Associates Residency,18182,NA,Jogeshwari West,NA,Sq-ft,N,Co-operative Society,Semi-Furnished,2,1 Covered,West,Garden/Park,Resale,8 of 16 Floor,Apartment,Mumbai,2,Owner,16,NA,F,1045,NA,Y,Bachelors/Family,"Jogeshwari West, Mumbai",2 BHK Flat,Sq-ft,0,NA,NA,NA,0,0,0,0,0,0,0,0,0,0,0,0,0,1,0,0,0,0,0,0,0,0,0,0,0,0,0,0,0,0,0,0,0,0,0,0,0,0,0,0,0,0,0,0,0,0,0,0,0,0,0,0,0,0,0,0,0,0,0,0,0,0,0,0,0,0,0,0,0,0,0,0,0,0,0,0,0,0,0,0,0,0,0,0,0,0,0,0,0,0,NA,NA,NA,NA,NA
12195,Ready to Move,NA,19,N,NA,NA,NA,21000000,2.10 Cr,NA,NA,NA,NA,NA,Delhi Darbar Restaurant,950,NA,22105,NA,Jogeshwari West,East Facing Property,Sq-ft,Y,Co-operative Society,Unfurnished,2,NA,East,"Garden/Park, Main Road",Resale,19 of 20 Floor,Apartment,Mumbai,2,Owner,20,NA,F,950,NA,Y,Bachelors/Family,"Jogeshwari West, Mumbai",2 BHK Flat,Sq-ft,0,5 to 10 years,NA,NA,0,1,0,0,0,0,1,1,1,1,0,0,0,1,0,1,0,1,0,1,1,0,0,0,0,0,1,0,0,0,0,0,0,0,0,0,0,0,0,0,0,0,0,0,0,0,0,0,0,0,0,0,0,0,0,0,0,0,0,0,0,0,0,0,0,0,0,0,0,0,0,0,0,0,0,0,0,0,0,0,0,0,0,0,0,0,0,0,0,0,NA,NA,NA,NA,NA
12194,Ready to Move,NA,2,N,Lodha,NA,NA,22000000,2.20 Cr,"Marble,Vitrified",NA,NA,NA,NA,NA,720,Lodha Bel Air,30556,720,Jogeshwari West,NA,Sq-ft,N,Co-operative Society,Unfurnished,2,1 Covered,West,"Garden/Park, Pool, Main Road",Resale,2 of 22 Floor,Apartment,Mumbai,2,Owner,22,NA,F,720,Sq-ft,Y,Bachelors/Family,"Jogeshwari West, Mumbai",2 BHK Flat,Sq-ft,0,New Construction,NA,NA,1,1,1,1,1,1,1,1,1,1,1,1,1,1,1,1,1,1,1,1,1,1,1,1,1,1,1,1,1,1,1,1,1,1,1,1,1,1,1,1,1,1,1,1,1,1,1,1,1,1,1,1,1,1,1,1,1,1,1,1,1,1,1,1,1,1,1,1,1,1,1,1,1,1,1,1,1,1,1,1,1,1,1,1,1,1,1,1,1,1,NA,NA,NA,NA,NA
12193,Ready to Move,NA,9,N,Lodha,ABADev,1,23500000,2.35 Cr,Marble,NA,Monthly,0,500000,Jogeshwari West Railway Station,1000,Lodha Bel Air,23500,721,Jogeshwari West,East Facing Property,Sq-ft,Y,Freehold,Unfurnished,2,NA,East,"Garden/Park, Main Road",Resale,9 of 21 Floor,Apartment,Mumbai,2,Owner,21,NA,F,1000,Sq-ft,Y,Bachelors/Family,"Jogeshwari West, Mumbai",2 BHK Flat,Sq-ft,0,New Construction,1,NA,1,1,1,1,1,1,1,1,1,1,0,1,1,1,0,1,1,1,0,0,1,0,0,0,1,0,0,1,1,0,0,0,0,0,0,0,0,0,0,0,0,0,0,0,0,0,0,0,0,0,0,0,0,0,0,0,0,0,0,0,0,0,0,0,0,0,0,0,0,0,0,0,0,0,0,0,0,0,0,0,0,0,0,0,0,0,0,0,0,0,NA,Y,NA,NA,NA
12192,Ready to Move,NA,10,N,NA,MCGM,2,35000000,3.50 Cr,"Ceramic Tiles,Granite,Marble,Marbonite",No/Rare Powercut,Monthly,15000,2500000,Near Oshiwara Police station,1500,NA,23333,1150,Oshiwara,Near Oshiwara Police station,Sq-ft,Y,Co-operative Society,Unfurnished,2,"1 Covered, 1 Open",North - East,"Garden/Park, Main Road",Resale,10 of 20 Floor,Apartment,Mumbai,3,Agent,20,Water Availability 24 Hours Available,F,1500,Sq-ft,Y,Bachelors/Family,"Oshiwara, Mumbai",3 BHK Flat,Sq-ft,0,5 to 10 years,2,Y,1,1,1,1,1,1,1,1,1,1,1,1,1,1,1,1,1,1,1,1,1,1,1,1,1,1,1,1,1,1,1,1,1,1,1,1,1,1,1,1,1,1,1,1,1,1,1,1,1,1,1,1,1,1,1,1,1,1,1,1,1,1,1,1,1,1,1,1,1,1,1,1,1,1,1,1,1,1,1,1,1,1,1,1,1,1,1,1,1,1,NA,NA,NA,NA,NA
12191,Under Construction,Oct '26,15,Y,Paradigm Realty,NA,NA,8000000,80 Lac,NA,NA,NA,NA,800000,mega mall,600,Paradigm Antalya,13333,410,Oshiwara,NA,Sq-ft,Y,Freehold,Unfurnished,2,NA,East,"Pool, Garden/Park, Main Road",New Property,15 of 40 Floor,Apartment,Mumbai,1,Agent,40,NA,F,600,Sq-ft,Y,Bachelors/Family,"Oshiwara, Mumbai",1 BHK Flat,Sq-ft,0,NA,NA,Y,1,1,1,1,1,1,1,1,1,1,1,1,1,1,1,1,1,1,1,1,1,1,1,1,1,1,1,1,1,1,1,1,1,1,1,1,1,1,1,1,1,1,1,1,1,1,1,1,1,1,1,1,1,1,1,1,1,1,1,1,1,1,1,1,1,1,1,1,1,0,1,1,1,1,1,1,1,1,1,1,1,1,1,1,1,1,1,1,1,1,NA,NA,NA,NA,NA
12190,Under Construction,Dec '26,17,N,Paradigm Realty,MCGM,99,8300000,83 Lac,Vitrified,No/Rare Powercut,Monthly,4500,500000,Mahanagar Gas Station,600,Paradigm Antalya,13833,410,Oshiwara,NA,Sq-ft,Y,Leasehold,Unfurnished,2,NA,East,"Garden/Park, Main Road",New Property,17 of 38 Floor,Apartment,Mumbai,1,Agent,38,Water Availability 24 Hours Available,F,600,Sq-ft,Y,Bachelors/Family,"Oshiwara, Mumbai",1 BHK Flat,Sq-ft,0,NA,NA,Y,1,1,1,1,1,1,1,1,1,1,1,1,1,1,1,1,1,1,1,1,1,1,1,1,1,1,1,1,1,1,1,1,1,1,1,1,1,1,1,1,1,1,1,1,1,1,1,1,1,1,1,1,1,1,1,1,1,1,1,1,1,1,1,1,1,1,1,1,1,1,1,1,1,1,1,1,1,1,1,1,1,1,1,1,1,1,1,1,1,1,NA,NA,NA,NA,NA
12189,Ready to Move,NA,Lower Basement,Y,The Wadhwa Group,NA,NA,42500000,4.25 Cr,NA,No/Rare Powercut,Monthly,NA,NA,Goregaon west  near oshiwara,NA,Wadhwa Imperial Heights,NA,1500,Oshiwara,NA,NA,Y,NA,Unfurnished,3,1 Open,NA,NA,Resale,Lower Basement of 43 Floor,Apartment,Mumbai,3,Agent,43,Water Availability 24 Hours Available,F,NA,Sq-ft,Y,Bachelors/Family,"Oshiwara, Mumbai",3 BHK Flat,NA,0,10 to 15 years,NA,Y,1,1,1,1,1,1,1,1,1,1,1,1,1,1,1,1,1,1,1,1,1,1,1,1,1,1,1,1,1,1,1,1,1,1,1,1,1,1,1,1,1,1,1,1,1,1,1,1,1,1,1,1,1,1,1,1,1,1,1,1,1,1,1,1,1,1,1,1,1,1,1,1,1,1,1,1,1,1,1,1,1,1,1,1,1,1,1,1,1,1,NA,NA,NA,NA,NA
12188,Ready to Move,NA,10,Y,Samartha Group,NA,NA,27500000,2.75 Cr,NA,No/Rare Powercut,Monthly,NA,NA,NA,1050,Tarapore Towers,26190,NA,Oshiwara,NA,Sq-ft,Y,Co-operative Society,Semi-Furnished,2,1 Open,West,Main Road,Resale,10 of 14 Floor,Apartment,Mumbai,2,Agent,14,Water Availability 24 Hours Available,F,1050,NA,Y,Bachelors/Family,"Oshiwara, Mumbai",2 BHK Flat,Sq-ft,0,Above 20 years,NA,NA,0,1,0,1,0,1,1,1,1,1,0,0,1,0,1,0,1,1,1,0,1,0,0,0,0,0,0,0,0,0,0,0,0,0,0,0,0,0,0,0,0,0,0,0,0,0,0,0,0,0,0,0,0,0,0,0,0,0,0,0,0,0,0,0,0,0,0,0,0,0,0,0,0,0,0,0,0,0,0,0,0,0,0,0,0,0,0,0,0,0,NA,NA,NA,NA,NA
12187,Ready to Move,NA,7,Y,Indra Darshan Developer,MCGM,0,26100000,2.61 Cr,Vitrified,No/Rare Powercut,Monthly,NA,NA,Metro station  near,NA,Indra Darshan Apartment,NA,700,Oshiwara,NA,NA,Y,Freehold,Unfurnished,2,1 Covered,East,Garden/Park,Resale,7 of 15 Floor,Apartment,Mumbai,2,Agent,15,Water Availability 24 Hours Available,F,NA,Sq-ft,Y,Bachelors/Family,"Oshiwara, Mumbai",2 BHK Flat,NA,0,5 to 10 years,NA,NA,1,1,1,1,1,1,1,1,1,1,1,1,1,1,1,1,1,1,1,1,1,1,1,1,1,1,1,1,1,1,1,1,1,1,1,1,1,1,1,1,1,1,1,1,1,1,1,1,1,1,1,1,1,1,1,1,1,1,1,1,1,1,1,1,1,1,1,1,1,1,1,1,1,1,1,1,1,1,1,1,1,1,1,1,1,1,1,1,1,1,NA,NA,NA,NA,NA
12186,Ready to Move,NA,5,Y,Indra Darshan Developer,MCGM,NA,40500000,4.05 Cr,Vitrified,No/Rare Powercut,Monthly,NA,NA,NA,NA,Indradarshan II,NA,1300,Oshiwara,NA,NA,Y,Freehold,Unfurnished,3,1 Covered,East,Pool,Resale,5 of 8 Floor,Apartment,Mumbai,3,Agent,8,Water Availability 24 Hours Available,F,NA,Sq-ft,Y,Bachelors/Family,"Oshiwara, Mumbai",3 BHK Flat,NA,0,5 to 10 years,NA,Y,1,1,1,1,1,1,1,1,1,1,1,1,1,1,1,1,1,1,1,1,1,1,1,1,1,1,1,1,1,1,1,1,1,1,1,1,1,1,1,1,1,1,1,1,1,1,1,1,1,1,1,1,1,1,1,1,1,1,1,1,1,1,1,1,1,1,1,1,1,1,1,1,1,1,1,1,1,1,1,1,1,1,1,1,1,1,1,1,1,1,NA,NA,NA,NA,NA
12185,Ready to Move,NA,34,N,NA,NA,NA,98000000,9.80 Cr,NA,NA,NA,NA,2500000,green park oshiwara,2800,NA,35000,2300,Oshiwara,NA,Sq-ft,Y,Freehold,Unfurnished,6,NA,North,"Pool, Garden/Park, Main Road",Resale,34 of 42 Floor,Apartment,Mumbai,5,Agent,42,NA,F,2800,Sq-ft,Y,Bachelors/Family,"Oshiwara, Mumbai",5 BHK Flat,Sq-ft,0,New Construction,2,NA,1,1,1,1,1,1,1,1,1,1,1,1,1,1,1,1,1,1,1,1,1,1,1,1,1,1,1,1,1,1,1,1,1,1,1,1,1,1,1,1,1,1,1,1,1,1,1,1,1,1,1,1,1,1,1,1,1,1,1,1,1,1,1,1,1,1,1,1,1,1,1,1,1,1,1,1,1,1,1,1,1,1,1,1,1,1,1,1,1,1,NA,NA,NA,NA,NA
12184,Ready to Move,NA,19,N,NA,NA,NA,45500000,4.55 Cr,NA,NA,NA,NA,1500000,green park,1300,NA,35000,1116,Oshiwara,NA,Sq-ft,Y,Freehold,Unfurnished,3,NA,North,"Pool, Garden/Park, Main Road",Resale,19 of 42 Floor,Apartment,Mumbai,3,Agent,42,NA,F,1300,Sq-ft,Y,Bachelors/Family,"Oshiwara, Mumbai",3 BHK Flat,Sq-ft,0,New Construction,1,NA,1,1,1,1,1,1,1,1,1,1,1,1,1,1,1,1,1,1,1,1,1,1,1,1,1,1,1,1,1,1,1,1,1,1,1,1,1,1,1,1,1,1,1,1,1,1,1,1,1,1,1,1,1,1,1,1,1,1,1,1,1,1,1,1,1,1,1,1,1,1,1,1,1,1,1,1,1,1,1,1,1,1,1,1,1,1,1,1,1,1,NA,NA,NA,NA,NA
12183,Ready to Move,NA,12,Y,Sunteck Realty Ltd.,MCGM,0,30000000,3 Cr,"Ceramic Tiles,Marble,Vitrified,Wooden",No/Rare Powercut,Monthly,10500,500000,NA,1405,Sunteck City Avenue II,21352,902,Oshiwara,NA,Sq-ft,Y,Freehold,Unfurnished,2,"1 Covered, 1 Open",North - East,"Garden/Park, Main Road",Resale,12 of 33 Floor,Apartment,Mumbai,3,Agent,33,Water Availability 24 Hours Available,F,1405,Sq-ft,Y,Bachelors/Family,"Oshiwara, Mumbai",3 BHK Flat,Sq-ft,0,Less than 5 years,2,Y,1,1,1,1,1,1,1,1,1,1,1,1,1,1,1,1,1,1,1,1,1,1,1,1,1,1,1,1,1,1,1,1,1,1,1,1,1,1,1,1,1,1,1,1,1,1,1,1,1,1,1,1,1,1,1,1,1,1,1,1,1,1,1,1,1,1,1,1,1,1,1,1,1,1,1,1,1,1,1,1,1,1,1,1,1,1,1,1,1,1,NA,NA,NA,NA,NA
12182,Under Construction,Dec '26,21,Y,Roswalt Realty,MCGM,250,9410000,94.1 Lac,Vitrified,No/Rare Powercut,Monthly,1,200000,"Its close to SV Road and ram mandir station, jogeshwari west.",780,Roswalt Zaiden,10897,401,Oshiwara,NA,Sq-ft,Y,Freehold,Unfurnished,2,1 Covered,East,"Garden/Park, Pool, Main Road",New Property,21 of 38 Floor,Apartment,Mumbai,1,Agent,38,Water Availability 24 Hours Available,F,780,Sq-ft,Y,Bachelors/Family,"Oshiwara, Mumbai",1 BHK Flat,Sq-ft,0,NA,NA,NA,1,1,1,1,1,1,1,1,1,1,1,1,1,1,1,1,1,1,1,1,1,1,1,1,1,1,1,1,1,1,1,1,1,1,1,1,1,1,1,1,1,1,1,1,1,1,1,1,1,1,1,1,1,1,1,1,1,1,1,1,1,1,1,1,1,1,1,1,1,1,1,1,1,1,1,1,1,1,1,1,1,1,1,1,1,1,1,1,1,1,NA,NA,NA,NA,NA
12181,Ready to Move,NA,16,Y,Samarth Development Corporation,ABAMNC,1,47500000,4.75 Cr,"Marbonite,Vitrified",No/Rare Powercut,Monthly,0,1100000,"Nr Samarth Deep , Oshiwara , Andheri West",1550,Samarth Aangan,30645,1150,Oshiwara,"Nr Samarth Deep , Oshiwara , Andheri West",Sq-ft,Y,Freehold,Semi-Furnished,3,"1 Covered, 1 Open",North - West,Garden/Park,Resale,16 of 22 Floor,Apartment,Mumbai,3,Agent,22,Water Availability 24 Hours Available,F,1550,Sq-ft,Y,Bachelors/Family,"Oshiwara, Mumbai",3 BHK Flat,Sq-ft,0,10 to 15 years,NA,NA,1,1,1,1,1,1,1,1,1,1,1,1,1,1,1,1,1,1,1,1,1,1,1,1,1,1,1,1,1,1,1,1,1,1,1,1,1,1,1,1,1,1,1,1,1,1,1,1,1,1,1,1,1,1,1,1,1,1,1,1,1,1,1,1,1,1,1,1,1,1,1,1,1,1,1,1,1,1,1,1,1,1,1,1,1,1,1,1,1,1,NA,NA,NA,NA,NA
12180,Ready to Move,NA,14,N,Lodha,MCGM,2,52500000,5.25 Cr,Marble,No/Rare Powercut,Monthly,0,1000000,Near MTNL office sv road,2030,Lodha Bel Air,25862,1525,Jogeshwari West,Near MTNL office sv road,Sq-ft,Y,Freehold,Unfurnished,4,2 Covered,East,"Garden/Park, Pool, Main Road",Resale,14 of 25 Floor,Apartment,Mumbai,4,Agent,25,Water Availability 24 Hours Available,F,2030,Sq-ft,Y,Bachelors/Family,"Jogeshwari West, Mumbai",4 BHK Flat,Sq-ft,0,New Construction,2,NA,1,1,1,1,1,1,1,1,1,1,1,1,1,1,1,1,1,1,1,1,1,1,1,1,1,1,1,1,1,1,1,1,1,1,1,1,1,1,1,1,1,1,1,1,1,1,1,1,1,1,1,1,1,1,1,1,1,1,1,1,1,1,1,1,1,1,1,1,1,1,0,1,1,1,1,1,1,1,1,1,1,1,1,1,1,1,1,1,1,1,NA,Y,NA,NA,NA
12179,Ready to Move,NA,4,N,Indra Darshan Developer,MCGM,NA,39000000,3.90 Cr,Vitrified,No/Rare Powercut,Monthly,7000,100000,near lokhandwala circle,1500,Indradarshan II,26000,1040,Oshiwara,NA,Sq-ft,Y,Co-operative Society,Furnished,3,2 Open,North,Garden/Park,Resale,4 of 17 Floor,Apartment,Mumbai,3,Agent,17,Water Availability 24 Hours Available,F,1500,Sq-ft,Y,Bachelors/Family,"Oshiwara, Mumbai",3 BHK Flat,Sq-ft,0,15 to 20 years,NA,NA,1,1,1,1,1,1,1,1,1,1,1,1,1,1,1,1,1,1,1,1,1,1,1,1,1,1,1,1,1,1,1,1,1,1,1,1,1,1,1,1,1,1,1,1,1,1,1,1,1,1,1,1,1,1,1,1,1,1,1,1,1,1,1,1,1,1,1,1,1,1,0,1,1,1,1,1,1,1,1,1,1,1,1,1,1,1,1,1,1,1,NA,NA,NA,NA,NA
12178,Ready to Move,NA,20,N,NA,ABAMNC,0,50000000,5 Cr,Vitrified,No/Rare Powercut,Monthly,11000,500000,NA,1500,NA,33333,987,Oshiwara,NA,Sq-ft,Y,Freehold,Unfurnished,3,2 Covered,North,Main Road,Resale,20 of 25 Floor,Apartment,Mumbai,3,Agent,25,Water Availability 24 Hours Available,F,1500,Sq-ft,Y,Bachelors/Family,"Oshiwara, Mumbai",3 BHK Flat,Sq-ft,0,NA,NA,NA,0,1,0,1,1,1,1,1,0,1,0,1,0,0,0,1,1,1,0,1,0,0,0,0,0,0,0,0,0,0,0,0,0,0,0,0,0,0,0,0,0,0,0,0,0,0,0,0,0,0,0,0,0,0,0,0,0,0,0,0,0,0,0,0,0,0,0,0,0,0,0,0,0,0,0,0,0,0,0,0,0,0,0,0,0,0,0,0,0,0,NA,Y,NA,NA,NA
12177,Under Construction,Dec '28,28,N,Roswalt Realty,MMRDA,NA,9405000,94.1 Lac,NA,No/Rare Powercut,Monthly,3000,300000,NA,600,Roswalt Zaiden,15166,401,Oshiwara,NA,Sq-ft,Y,NA,Unfurnished,2,1 Covered,NA,NA,New Property,28 of 38 Floor,Apartment,Mumbai,1,Agent,38,Water Availability 24 Hours Available,F,600,Sq-ft,Y,Bachelors/Family,"Oshiwara, Mumbai",1 BHK Flat,Sq-ft,0,NA,NA,Y,1,1,1,1,1,1,1,1,1,1,1,1,1,1,1,1,1,1,1,1,1,1,1,1,1,1,1,1,1,1,1,1,1,1,1,1,1,1,1,1,1,1,1,1,1,1,1,1,1,1,1,1,1,1,1,1,1,1,1,1,1,1,1,1,1,1,1,1,1,1,1,1,1,1,1,1,1,1,1,1,1,1,1,1,1,1,1,1,1,1,NA,NA,NA,NA,NA
12176,Ready to Move,NA,3,N,Indra Darshan Developer,MCGM,0,38000000,3.80 Cr,Marble,No/Rare Powercut,Monthly,0,1100000,this property is close by lokhandwala club Andheri west.,1500,Indradarshan II,25333,1100,Oshiwara,NA,Sq-ft,Y,Freehold,Semi-Furnished,3,1 Open,North - East,Garden/Park,Resale,3 of 12 Floor,Apartment,Mumbai,3,Agent,12,Water Availability 24 Hours Available,F,1500,Sq-ft,Y,Bachelors/Family,"Oshiwara, Mumbai",3 BHK Flat,Sq-ft,0,15 to 20 years,NA,NA,1,1,1,1,1,1,1,1,1,1,1,1,1,1,1,1,1,1,1,1,1,1,1,1,1,1,1,1,1,1,1,1,1,1,1,1,1,1,1,1,1,1,1,1,1,1,1,1,1,1,1,1,1,1,1,1,1,1,1,1,1,1,1,1,1,1,1,1,1,0,1,1,1,1,1,1,1,1,1,1,1,1,1,1,1,1,1,1,1,1,NA,NA,NA,NA,NA
12175,Ready to Move,NA,23,N,NA,MCGM,0,31000000,3.10 Cr,Vitrified,No/Rare Powercut,Monthly,0,500000,Next to Flora Heights and opposite the famous Samarth Aangan.,1118,NA,27728,802,Oshiwara,Newly Constructed Property,Sq-ft,Y,Freehold,Unfurnished,2,1 Covered,North - West,Garden/Park,New Property,23 of 31 Floor,Apartment,Mumbai,2,Agent,31,Water Availability 24 Hours Available,F,1118,Sq-ft,Y,Bachelors/Family,"Oshiwara, Mumbai",2 BHK Flat,Sq-ft,0,Less than 5 years,NA,NA,1,1,1,1,1,1,1,1,1,1,1,1,1,1,1,1,1,1,1,1,1,1,1,1,1,1,1,1,1,1,1,1,1,1,1,1,1,1,1,1,1,1,1,1,1,1,1,1,1,1,1,1,1,1,1,1,1,1,1,1,1,1,1,1,1,1,1,1,1,1,0,1,1,1,1,1,1,1,1,1,1,1,1,1,1,1,1,1,1,1,NA,NA,NA,NA,NA
12174,Under Construction,Dec '25,29,N,Paradigm Realty,MCGM,30,13300000,1.33 Cr,"Granite,Vitrified",No/Rare Powercut,Monthly,6000,100000,"S.V. Road, Mrinal flyover, Metro and Railway station",795,Paradigm Antalya,16729,589,Oshiwara,NA,Sq-ft,Y,Freehold,Unfurnished,2,"1 Covered, 1 Open",East,"Garden/Park, Pool, Main Road",New Property,29 of 39 Floor,Apartment,Mumbai,2,Agent,39,Water Availability 24 Hours Available,F,795,Sq-ft,Y,Bachelors/Family,"Oshiwara, Mumbai",2 BHK Flat,Sq-ft,0,NA,1,Y,1,1,1,1,1,1,1,1,1,1,1,1,1,1,1,1,1,1,1,1,1,1,1,1,1,1,1,1,1,1,1,1,1,1,1,1,1,1,1,1,1,1,1,1,1,1,1,1,1,1,1,1,1,1,1,1,1,1,1,1,1,1,1,1,1,1,1,0,1,1,1,1,1,1,1,1,1,1,1,1,1,1,1,1,1,1,1,1,1,1,NA,NA,NA,NA,NA
12173,Under Construction,Dec '23,29,N,NA,MMRDA,10,18900000,1.89 Cr,"Granite,Vitrified",No/Rare Powercut,Monthly,5152,200000,The property is part of Oshiwara District Center and Highway near.,890,NA,21235,644,Oshiwara,NA,Sq-ft,Y,Freehold,Unfurnished,2,1 Covered,East,"Garden/Park, Pool, Main Road",New Property,29 of 42 Floor,Apartment,Mumbai,2,Agent,42,Water Availability 24 Hours Available,F,890,Sq-ft,Y,Bachelors/Family,"Oshiwara, Mumbai",2 BHK Flat,Sq-ft,0,NA,NA,Y,1,1,1,1,1,1,1,1,1,1,1,1,1,1,1,1,1,1,1,1,1,1,1,1,1,1,1,1,1,1,1,1,1,1,1,1,1,1,1,1,1,1,1,1,1,1,1,1,1,1,1,1,1,1,1,1,1,1,1,1,1,1,1,1,1,1,1,1,1,1,0,1,1,1,1,1,1,1,1,1,1,1,1,1,1,1,1,1,1,1,NA,NA,NA,NA,NA
12172,Under Construction,Dec '26,18,N,Roswalt Realty,MCGM,150,15100000,1.51 Cr,Vitrified,No/Rare Powercut,Monthly,1,200000,"Its close to SV road, Next to ruby hospital, jogeshwari west.",1000,Roswalt Zaiden,14000,610,Oshiwara,NA,Sq-ft,Y,Freehold,Unfurnished,2,1 Covered,East,"Garden/Park, Pool, Main Road",New Property,18 of 35 Floor,Apartment,Mumbai,2,Agent,35,Water Availability 24 Hours Available,F,1000,Sq-ft,Y,Bachelors/Family,"Oshiwara, Mumbai",2 BHK Flat,Sq-ft,0,NA,NA,NA,1,1,1,1,1,1,1,1,1,1,1,1,1,1,1,1,1,1,1,1,1,1,1,1,1,1,1,1,1,1,1,1,1,1,1,1,1,1,1,1,1,1,1,1,1,1,1,1,1,1,1,1,1,1,1,1,1,1,1,1,1,1,1,1,1,1,1,1,1,1,1,1,1,1,1,1,1,1,1,1,1,1,1,1,1,1,1,1,1,1,NA,NA,NA,NA,NA
12171,Ready to Move,Oct '22,32,N,NA,MCGM,5,42500000,4.25 Cr,Marble,No/Rare Powercut,Monthly,15000,5000000,"Close To Megha Mall  Windsor Grande, Oshiwara, Andheri West.",1500,NA,28333,1060,Oshiwara,NA,Sq-ft,Y,Co-operative Society,Unfurnished,3,2 Covered,North,Main Road,New Property,32 of 43 Floor,Apartment,Mumbai,3,Agent,43,Water Availability 24 Hours Available,F,1500,Sq-ft,Y,Bachelors/Family,"Oshiwara, Mumbai",3 BHK Flat,Sq-ft,0,NA,1,NA,1,1,1,1,1,1,1,1,1,1,1,1,1,1,1,1,1,1,1,1,1,1,1,1,1,1,1,1,1,1,1,1,1,1,1,1,1,1,1,1,1,1,1,1,1,1,1,1,1,1,1,1,1,1,1,1,1,1,1,1,1,1,1,1,1,1,1,1,1,1,1,1,1,1,1,1,1,1,1,1,1,1,1,1,1,1,1,1,1,1,NA,NA,NA,NA,NA
12170,Ready to Move,NA,5,N,NA,NA,NA,21500000,2.15 Cr,Marble,NA,Monthly,NA,NA,Oshiwara,920,Serenity Complex,23369,705,Oshiwara,NA,Sq-ft,Y,Freehold,Semi-Furnished,2,1 Open,East,Garden/Park,Resale,5 of 7 Floor,Apartment,Mumbai,2,Agent,7,NA,F,920,Sq-ft,Y,Bachelors/Family,"Oshiwara, Mumbai",2 BHK Flat,Sq-ft,0,10 to 15 years,NA,NA,1,1,1,1,1,1,1,1,1,1,1,1,1,1,1,1,1,1,1,1,1,1,1,1,1,1,1,1,1,1,1,1,1,1,1,1,1,1,1,1,1,1,1,1,1,1,1,1,1,1,1,1,1,1,1,1,1,1,1,1,1,1,1,1,1,1,1,0,1,1,1,1,1,1,1,1,1,1,1,1,1,1,1,1,1,1,1,1,1,1,NA,NA,NA,NA,NA
12169,Ready to Move,NA,4,N,NA,MCGM,0,20000000,2 Cr,Marble,No/Rare Powercut,Monthly,4500,200000,Property is next to Citi International School.,1100,NA,18182,750,Oshiwara,NA,Sq-ft,Y,Freehold,Unfurnished,2,1 Covered,North,Pool,Resale,4 of 7 Floor,Apartment,Mumbai,2,Agent,7,Water Availability 24 Hours Available,F,1100,Sq-ft,Y,Bachelors/Family,"Oshiwara, Mumbai",2 BHK Flat,Sq-ft,0,10 to 15 years,NA,NA,1,1,1,1,1,1,1,1,1,1,1,1,1,1,1,1,1,1,1,1,1,1,1,1,1,1,1,1,1,1,1,1,1,1,1,1,1,1,1,1,1,1,1,1,1,1,1,1,1,1,1,1,1,1,1,1,1,1,1,1,1,1,1,1,1,1,1,0,1,1,1,1,1,1,1,1,1,1,1,1,1,1,1,1,1,1,1,1,1,1,NA,NA,NA,NA,NA
12168,Under Construction,Dec '25,10,Y,Paradigm Realty,MCGM,5,7900000,79 Lac,Ceramic Tiles,No/Rare Powercut,Monthly,0,100000,Mega Mall,400,Paradigm Antalya,19750,400,Oshiwara,East Facing Property,Sq-ft,Y,Freehold,Unfurnished,2,1 Covered,East,"Garden/Park, Main Road",New Property,10 of 38 Floor,Apartment,Mumbai,1,Agent,38,Water Availability 24 Hours Available,F,400,Sq-ft,Y,Bachelors/Family,"Oshiwara, Mumbai",1 BHK Flat,Sq-ft,0,NA,NA,Y,1,1,1,1,1,1,1,1,1,1,1,1,1,1,1,1,1,1,1,1,1,1,1,1,1,1,1,1,1,1,1,1,1,1,1,1,1,1,1,1,1,1,1,1,1,1,1,1,1,1,1,1,1,1,1,1,1,1,1,1,1,1,1,1,1,1,1,1,1,1,1,1,1,1,1,1,1,1,1,1,1,1,1,1,1,1,1,1,1,1,NA,NA,NA,NA,NA
12167,Under Construction,Jun '23,19,N,NA,MCGM,4,45500000,4.55 Cr,"Vitrified,Marble,Granite",NA,Monthly,12000,1100000,"Opp. Deep tower, Near Windsor Grande Residences.",1700,NA,26765,1060,Oshiwara,NA,Sq-ft,Y,Freehold,Unfurnished,4,NA,East,"Garden/Park, Main Road",New Property,19 of 40 Floor,Apartment,Mumbai,3,Agent,40,NA,F,1700,Sq-ft,Y,Bachelors/Family,"Oshiwara, Mumbai",3 BHK Flat,Sq-ft,0,NA,NA,NA,1,1,1,1,1,1,1,1,1,1,1,1,1,1,1,1,1,1,1,1,1,1,1,1,1,1,1,1,1,1,1,1,1,1,1,1,1,1,1,1,1,1,1,1,1,1,1,1,1,1,1,1,1,1,1,1,1,1,1,1,1,1,1,1,1,1,1,1,1,1,0,1,1,1,1,1,1,1,1,1,1,1,1,1,1,1,1,1,1,1,NA,NA,NA,NA,NA
12166,Under Construction,Dec '25,Upper Basement,N,Sunteck Realty Ltd.,MCGM,4,28000000,2.80 Cr,Vitrified,No/Rare Powercut,Monthly,9000,100000,"Ram Mandir Road, Goregao West.",1488,Sunteck City 4th Avenue,18817,902,Oshiwara,NA,Sq-ft,Y,Co-operative Society,Unfurnished,3,1 Covered,North - East,Garden/Park,New Property,Upper Basement of 40 Floor,Apartment,Mumbai,3,Agent,40,Water Availability 24 Hours Available,F,1488,Sq-ft,Y,Bachelors/Family,"Oshiwara, Mumbai",3 BHK Flat,Sq-ft,0,NA,NA,NA,1,1,1,1,1,1,1,1,1,1,1,1,1,1,1,1,1,1,1,1,1,1,1,1,1,1,1,1,1,1,1,1,1,1,1,1,1,1,1,1,1,1,1,1,1,1,1,1,1,1,1,1,1,1,1,1,1,1,1,1,1,1,1,1,1,1,1,1,1,1,1,1,1,1,1,1,1,1,1,1,1,1,1,1,1,1,1,1,1,1,NA,NA,NA,NA,NA
12165,Ready to Move,Jun '22,17,N,Romell Group,MCGM,1,17000000,1.70 Cr,"Mosaic,Vitrified,Wooden,Ceramic Tiles,Marble,Granite",NA,Monthly,50,500000,Andheri west.,780,Amore,21795,564,Jogeshwari West,NA,Sq-ft,Y,Freehold,Unfurnished,2,NA,East,"Garden/Park, Pool, Main Road",Resale,17 of 22 Floor,Apartment,Mumbai,2,Agent,22,NA,F,780,Sq-ft,Y,Bachelors/Family,"Jogeshwari West, Mumbai",2 BHK Flat,Sq-ft,0,Less than 5 years,1,NA,1,1,1,1,1,1,1,1,1,1,1,1,1,1,1,1,1,1,1,1,1,1,1,1,1,1,1,1,1,1,1,1,1,1,1,1,1,1,1,1,1,1,1,1,1,1,1,1,1,1,1,1,1,1,1,1,1,1,1,1,1,1,1,1,1,1,1,1,1,1,1,1,1,1,1,1,1,1,1,1,1,1,1,1,1,1,1,1,1,1,NA,NA,NA,NA,NA
12164,Ready to Move,NA,32,N,Sunteck Realty Ltd.,MCGM,0,28500000,2.85 Cr,Vitrified,No/Rare Powercut,Monthly,8000,10000000,Singh industrial estate and Movie star theator,1300,Sunteck City Avenue 1,21923,905,Oshiwara,NA,Sq-ft,N,Freehold,Unfurnished,2,1 Covered,East,NA,New Property,32 of 45 Floor,Apartment,Mumbai,2,Agent,45,Water Availability 24 Hours Available,F,1300,Sq-ft,Y,Bachelors/Family,"Oshiwara, Mumbai",2 BHK Flat,Sq-ft,0,New Construction,1,Y,1,1,1,1,1,1,1,1,1,1,1,1,1,1,1,1,1,1,1,1,1,1,1,1,1,1,1,1,1,1,1,1,1,1,1,1,1,1,1,1,1,1,1,1,1,1,1,1,1,1,1,1,1,1,1,1,1,1,1,1,1,1,1,1,1,1,1,1,1,1,1,1,1,1,1,1,1,1,1,1,1,1,1,1,1,1,1,1,1,1,NA,NA,NA,NA,NA
12163,Ready to Move,NA,3,N,NA,NA,0,14000000,1.40 Cr,Marble,No/Rare Powercut,Monthly,NA,NA,OshiwaraAndheri West.,NA,NA,NA,500,Oshiwara,NA,NA,Y,Freehold,Semi-Furnished,1,1 Covered,North - East,Main Road,Resale,3 of 7 Floor,Apartment,Mumbai,2,Agent,7,Water Availability 24 Hours Available,F,NA,Sq-ft,Y,Bachelors/Family,"Oshiwara, Mumbai",2 BHK Flat,NA,0,10 to 15 years,NA,NA,1,1,1,1,1,1,1,1,1,1,1,1,1,1,1,1,1,1,1,1,1,1,1,1,1,1,1,1,1,1,1,1,1,1,1,1,1,1,1,1,1,1,1,1,1,1,1,1,1,1,1,1,1,1,1,1,1,1,1,1,1,1,1,1,1,1,1,1,1,1,1,1,1,1,1,1,1,1,1,1,1,1,1,1,1,1,1,1,1,1,NA,NA,NA,NA,NA
12162,Ready to Move,NA,12,N,Indra Darshan Developer,NA,4,29890000,2.98 Cr,Vitrified,No/Rare Powercut,Monthly,NA,NA,NA,NA,Indradarshan II,NA,770,Oshiwara,NA,NA,Y,Freehold,Semi-Furnished,2,1 Covered,East,Main Road,Resale,12 of 23 Floor,Apartment,Mumbai,2,Agent,23,Water Availability 24 Hours Available,F,NA,Sq-ft,Y,Bachelors/Family,"Oshiwara, Mumbai",2 BHK Flat,NA,0,10 to 15 years,1,NA,0,1,0,0,1,1,0,1,1,1,0,0,0,0,1,0,1,0,1,0,1,0,0,0,0,0,0,0,0,0,0,0,0,0,0,0,0,0,0,0,0,0,0,0,0,0,0,0,0,0,0,0,0,0,0,0,0,0,0,0,0,0,0,0,0,0,0,0,0,0,0,0,0,0,0,0,0,0,0,0,0,0,0,0,0,0,0,0,0,0,NA,NA,NA,NA,NA
12161,Ready to Move,NA,18,N,NA,NA,NA,49500000,4.95 Cr,NA,NA,NA,NA,NA,"Garden, Hospital,Convent School, Doctors, Grocery shops.",1525,NA,32459,NA,Jogeshwari West,NA,Sq-ft,Y,Freehold,Furnished,4,NA,East,"Garden/Park, Main Road",New Property,18 of 20 Floor,Apartment,Mumbai,4,Agent,20,NA,F,1525,NA,Y,Bachelors/Family,"Jogeshwari West, Mumbai",4 BHK Flat,Sq-ft,0,10 to 15 years,NA,Y,0,1,0,0,0,0,0,1,0,0,0,1,1,1,0,0,0,1,0,0,0,0,0,0,0,0,1,0,0,0,0,0,0,0,0,0,0,0,0,0,0,0,0,0,0,0,0,0,0,0,0,0,0,0,0,0,0,0,0,0,0,0,0,0,0,0,0,0,0,0,0,0,0,0,0,0,0,0,0,0,0,0,0,0,0,0,0,0,0,0,NA,NA,NA,NA,NA
12160,Ready to Move,NA,19,N,Samarth Development Corporation,MCGM,2,48000000,4.80 Cr,"Granite,Marble,Marbonite",No/Rare Powercut,Monthly,7500,500000,New Link Road Near Samarth Aishwarya,1550,Samarth Aangan,30967,1200,Oshiwara,NA,Sq-ft,Y,Co-operative Society,Furnished,3,"1 Covered, 1 Open",North,"Garden/Park, Pool, Main Road",Resale,19 of 24 Floor,Apartment,Mumbai,3,Agent,24,Water Availability 24 Hours Available,F,1550,Sq-ft,Y,Bachelors/Family,"Oshiwara, Mumbai",3 BHK Flat,Sq-ft,0,5 to 10 years,1,NA,1,1,1,1,1,1,1,1,1,1,1,1,1,1,1,1,1,1,1,1,1,1,1,1,1,1,1,1,1,1,1,1,1,1,1,1,1,1,1,1,1,1,1,1,1,1,1,1,1,1,1,1,1,1,1,1,1,1,1,1,1,1,1,1,1,1,1,1,1,1,1,1,1,1,1,1,1,1,1,1,1,1,1,1,1,1,1,1,1,1,NA,NA,NA,NA,NA
12159,Ready to Move,NA,12,N,Lodha,NA,NA,37000000,3.70 Cr,NA,NA,NA,NA,500000,Adarsh anand signal,1500,Lodha Bel Air,24667,1098,Jogeshwari West,NA,Sq-ft,Y,Freehold,Unfurnished,3,NA,East,"Garden/Park, Pool, Main Road",New Property,12 of 21 Floor,Apartment,Mumbai,3,Agent,21,NA,F,1500,Sq-ft,Y,Bachelors/Family,"Jogeshwari West, Mumbai",3 BHK Flat,Sq-ft,0,New Construction,1,NA,1,1,1,1,1,1,1,1,1,1,1,1,1,1,1,1,1,1,1,1,1,1,1,1,1,1,1,1,1,1,1,1,1,1,1,1,1,1,1,1,1,1,1,1,1,1,1,1,1,1,1,1,1,1,1,1,1,1,1,1,1,1,1,1,1,1,1,1,1,1,1,1,1,1,1,1,1,1,1,1,1,1,1,1,1,1,1,1,1,1,NA,NA,NA,NA,NA
12158,Ready to Move,NA,4,N,NA,MCGM,0,11500000,1.15 Cr,Ceramic Tiles,No/Rare Powercut,Monthly,NA,NA,"close to jogeshwari station,hospital,banks",600,NA,19166,550,Jogeshwari West,NA,Sq-ft,Y,Freehold,Semi-Furnished,2,1 Open,East,Garden/Park,Resale,4 of 6 Floor,Apartment,Mumbai,1,Agent,6,Water Availability 24 Hours Available,F,600,Sq-ft,Y,Bachelors/Family,"Jogeshwari West, Mumbai",1 BHK Flat,Sq-ft,0,10 to 15 years,1,NA,1,1,1,1,1,1,1,1,1,1,1,1,1,1,1,1,1,1,1,1,1,1,1,1,1,1,1,1,1,1,1,1,1,1,1,1,1,1,1,1,1,1,1,1,1,1,1,1,1,1,1,1,1,1,1,1,1,1,1,1,1,1,1,1,1,1,1,1,1,1,1,1,1,1,1,1,1,1,1,1,1,1,1,1,1,1,1,1,1,1,NA,NA,NA,NA,NA
12157,Ready to Move,NA,19,N,NA,MCGM,NA,47000000,4.70 Cr,"Vitrified,Ceramic Tiles",No/Rare Powercut,NA,NA,1000000,shamantha aagan tower,1550,NA,30323,1166,Oshiwara,NA,Sq-ft,Y,Co-operative Society,Semi-Furnished,3,NA,West,"Pool, Garden/Park, Main Road",New Property,19 of 36 Floor,Apartment,Mumbai,3,Agent,36,Water Availability 24 Hours Available,F,1550,Sq-ft,Y,Bachelors/Family,"Oshiwara, Mumbai",3 BHK Flat,Sq-ft,0,New Construction,1,NA,1,1,1,1,1,1,1,1,1,1,1,1,1,1,1,1,1,1,1,1,1,1,1,1,1,1,1,1,1,1,1,1,1,1,1,1,1,1,1,1,1,1,1,1,1,1,1,1,1,1,1,1,1,1,1,1,1,1,1,1,1,1,1,1,1,1,1,1,1,1,1,1,1,1,1,1,1,1,1,1,1,1,1,1,1,1,1,1,1,1,NA,NA,NA,NA,NA
12156,Ready to Move,NA,3,N,NA,NA,NA,7800000,78 Lac,NA,NA,NA,NA,NA,NA,NA,Lalani Heritage Park,NA,280,Jogeshwari West,East Facing Property,NA,Y,Freehold,Unfurnished,1,NA,East,Main Road,Resale,3 of 13 Floor,Apartment,Mumbai,1,Owner,13,NA,F,NA,Sq-ft,Y,Bachelors/Family,"Jogeshwari West, Mumbai",1 BHK Flat,NA,0,Less than 5 years,NA,NA,1,1,0,0,0,1,1,1,1,0,1,0,0,0,0,1,1,0,0,1,0,0,0,0,0,0,0,0,0,0,0,0,0,0,0,0,0,0,0,0,0,0,0,0,0,0,0,0,0,0,0,0,0,0,0,0,0,0,0,0,0,0,0,0,0,0,0,0,0,0,0,0,0,0,0,0,0,0,0,0,0,0,0,0,0,0,0,0,0,0,NA,NA,NA,NA,NA
12155,Under Construction,Jun '23,26,N,Ahuja Constructions,MCGM,0,26000000,2.60 Cr,Vitrified,No/Rare Powercut,Monthly,10000,500000,NA,1970,Ahuja LAmor,13197,1231,Oshiwara,NA,Sq-ft,Y,Freehold,Unfurnished,3,2 Covered,West,Main Road,Resale,26 of 39 Floor,Apartment,Mumbai,3,Agent,39,Water Availability 24 Hours Available,F,1970,Sq-ft,Y,Bachelors/Family,"Oshiwara, Mumbai",3 BHK Flat,Sq-ft,0,NA,NA,NA,1,1,1,1,1,1,1,1,1,1,1,1,1,1,1,1,1,1,1,1,1,1,1,1,1,1,1,1,1,1,1,1,1,1,1,1,1,1,1,1,1,1,1,1,1,1,1,1,1,1,1,1,1,1,1,1,1,1,1,1,1,1,1,1,1,1,1,1,1,1,1,1,1,1,1,1,1,1,1,1,1,1,1,1,1,1,1,1,1,1,NA,NA,NA,NA,NA
12154,Under Construction,Dec '25,6,N,Paradigm Realty,MCGM,5,8100000,81 Lac,Vitrified,No/Rare Powercut,Monthly,5000,1000000,"Relief Road, Off, Sv Rd, Oshiwara, Mumbai, Maharashtra 400102.",592,Paradigm Antalya,13705,385,Oshiwara,East Facing Property,Sq-ft,Y,Freehold,Unfurnished,2,NA,East,"Garden/Park, Main Road",New Property,6 of 34 Floor,Apartment,Mumbai,1,Agent,34,Water Availability 24 Hours Available,F,592,Sq-ft,Y,Bachelors/Family,"Oshiwara, Mumbai",1 BHK Flat,Sq-ft,0,NA,NA,NA,1,1,1,1,1,1,1,1,1,1,1,1,1,1,1,1,1,1,1,1,1,1,1,1,1,1,1,1,1,1,1,1,1,1,1,1,1,1,1,1,1,1,1,1,1,1,1,1,1,1,1,1,1,1,1,1,1,1,1,1,1,1,1,1,1,1,1,1,1,1,1,1,1,1,1,1,1,1,1,1,1,1,1,1,1,1,1,1,1,1,NA,NA,NA,NA,NA
12153,Under Construction,Dec '25,10,N,Paradigm Realty,MCGM,5,11100000,1.11 Cr,"Ceramic Tiles,Granite,Vitrified",No/Rare Powercut,Monthly,5000,1000000,"Relief Road, Off, Sv Rd, Oshiwara, Mumbai, Maharashtra 400102.",760,Paradigm Antalya,14605,494,Oshiwara,East Facing Property,Sq-ft,Y,Freehold,Unfurnished,2,NA,East,"Garden/Park, Main Road",New Property,10 of 34 Floor,Apartment,Mumbai,2,Agent,34,Water Availability 24 Hours Available,F,760,Sq-ft,Y,Bachelors/Family,"Oshiwara, Mumbai",2 BHK Flat,Sq-ft,0,NA,NA,NA,1,1,1,1,1,1,1,1,1,1,1,1,1,1,1,1,1,1,1,1,1,1,1,1,1,1,1,1,1,1,1,1,1,1,1,1,1,1,1,1,1,1,1,1,1,1,1,1,1,1,1,1,1,1,1,1,1,1,1,1,1,1,1,1,1,1,1,1,1,1,1,1,1,1,1,1,1,1,1,1,1,1,1,1,1,1,1,1,1,1,NA,NA,NA,NA,NA
12152,Ready to Move,NA,NA,Y,Indra Darshan Developer,ABAAut,3,39000000,3.90 Cr,"Ceramic Tiles,Wooden",No/Rare Powercut,Monthly,7500,1100000,Andheri west,1500,Indradarshan II,26000,1100,Oshiwara,East Facing Property,Sq-ft,Y,Co-operative Society,Semi-Furnished,3,1 Open,East,"Garden/Park, Pool, Main Road",Resale,NA,Apartment,Mumbai,3,Agent,NA,Water Availability 24 Hours Available,F,1500,Sq-ft,Y,Bachelors/Family,"Oshiwara, Mumbai",3 BHK Flat,Sq-ft,0,10 to 15 years,NA,NA,1,1,1,1,1,1,1,1,1,1,1,1,1,1,1,1,1,1,1,1,1,1,1,1,1,1,1,1,1,1,1,1,1,1,1,1,1,1,1,1,1,1,1,1,1,1,1,1,1,1,1,1,1,1,1,1,1,1,1,1,1,1,1,1,1,1,1,1,1,1,1,1,1,1,1,1,1,1,1,1,1,1,1,1,1,1,1,1,1,1,NA,NA,NA,NA,NA
12151,Under Construction,Mar '23,5,Y,Lodha,MCGM,8,32100000,3.21 Cr,Vitrified,No/Rare Powercut,Monthly,9000,500000,NA,NA,Lodha Bel Air,NA,1017,Jogeshwari West,East Facing Property,NA,Y,Freehold,Unfurnished,3,1 Covered,East,Pool,New Property,5 of 20 Floor,Apartment,Mumbai,3,Agent,20,Water Availability 24 Hours Available,F,NA,Sq-ft,Y,Bachelors/Family,"Jogeshwari West, Mumbai",3 BHK Flat,NA,0,NA,NA,NA,1,1,1,1,1,1,1,1,1,1,1,1,1,1,1,1,1,1,1,1,1,1,1,1,1,1,1,1,1,1,1,1,1,1,1,1,1,1,1,1,1,1,1,1,1,1,1,1,1,1,1,1,1,1,1,1,1,1,1,1,1,1,1,1,1,1,1,1,1,1,1,1,1,1,1,1,1,1,1,1,1,1,1,1,1,1,1,1,1,1,NA,NA,NA,NA,NA
12150,Under Construction,Dec '28,25,Y,Roswalt Realty,MCGM,20,16800000,1.68 Cr,Vitrified,No/Rare Powercut,Monthly,0,500000,"Roswalt Zaiden, Ms. A.S. Hightech, Singh Compound, Next to Ruby Hospital Near Ajit Glass, Swami Vivekananda Rd, Jogeshwari West, Mumbai, Maharashtra 400102",875,Roswalt Zaiden,19200,675,Oshiwara,East Facing Property,Sq-ft,Y,Freehold,Unfurnished,2,1 Covered,East,"Garden/Park, Pool, Main Road",New Property,25 of 37 Floor,Apartment,Mumbai,2,Agent,37,Water Availability 24 Hours Available,F,875,Sq-ft,Y,Bachelors/Family,"Oshiwara, Mumbai",2 BHK Flat,Sq-ft,0,NA,NA,NA,1,1,1,1,1,1,1,1,1,1,1,1,1,1,1,1,1,1,1,1,1,1,1,1,1,1,1,1,1,1,1,1,1,1,1,1,1,1,1,1,1,1,1,1,1,1,1,1,1,1,1,1,1,1,1,1,1,1,1,1,1,1,1,1,1,1,1,1,1,1,1,1,1,1,1,1,1,1,1,1,1,1,1,1,1,1,1,1,1,1,NA,NA,NA,NA,NA
12149,Under Construction,Jan '25,14,Y,Paradigm Realty,ABADev,NA,7700000,77 Lac,"Vitrified,Ceramic Tiles",No/Rare Powercut,Per sq. Unit Monthly,10,200000,"Relief Road, Off, Swami Vivekananda Rd, Oshiwara, Mumbai, Maharashtra",621,Paradigm Antalya,12399,384,Oshiwara,East Facing Property,Sq-ft,Y,Freehold,Unfurnished,2,1 Covered,East,NA,New Property,14 of 38 Floor,Apartment,Mumbai,1,Agent,38,Water Availability 24 Hours Available,F,621,Sq-ft,Y,Bachelors/Family,"Oshiwara, Mumbai",1 BHK Flat,Sq-ft,0,NA,NA,Y,1,1,1,1,1,1,1,1,1,0,1,1,1,1,1,1,1,0,1,1,1,1,1,1,1,1,0,1,1,0,1,1,0,1,1,1,1,0,0,0,0,1,1,1,0,1,0,0,1,1,0,1,1,0,0,1,0,1,1,0,1,0,1,1,0,0,0,0,0,0,0,0,0,0,0,0,0,0,0,0,0,0,0,0,0,0,0,0,0,0,NA,NA,NA,NA,NA
12148,Under Construction,Jan '25,24,Y,Paradigm Realty,ABADev,NA,10800000,1.08 Cr,"Vitrified,Ceramic Tiles",No/Rare Powercut,Per sq. Unit Monthly,10,200000,"Relief Road, Off, Swami Vivekananda Rd, Oshiwara, Mumbai, Maharashtra",700,Paradigm Antalya,15428,515,Oshiwara,East Facing Property,Sq-ft,Y,Freehold,Unfurnished,2,1 Covered,East,"Pool, Garden/Park, Main Road",New Property,24 of 38 Floor,Apartment,Mumbai,2,Agent,38,Water Availability 24 Hours Available,F,700,Sq-ft,Y,Bachelors/Family,"Oshiwara, Mumbai",2 BHK Flat,Sq-ft,0,NA,NA,NA,1,1,1,1,1,1,1,1,1,1,1,1,1,1,1,1,1,1,1,1,1,1,1,1,1,1,1,1,1,1,1,1,1,1,1,1,1,1,1,1,1,1,1,1,1,1,1,1,1,1,1,1,1,1,1,1,1,1,1,1,1,1,1,1,1,1,1,1,1,1,1,1,1,1,1,1,1,1,1,1,1,1,1,1,1,1,1,1,1,1,NA,NA,NA,NA,NA
12147,Under Construction,Dec '25,26,N,Paradigm Realty,ABADev,4,7900000,79 Lac,Vitrified,No/Rare Powercut,Per sq. Unit Monthly,5,100000,"Off, Swami Vivekananda Rd, Oshiwara, Mumbai, Maharashtra 400102",610,Paradigm Antalya,12950,378,Oshiwara,NA,Sq-ft,Y,Freehold,Unfurnished,1,"1 Covered, 1 Open",East,"Garden/Park, Pool, Main Road",New Property,26 of 38 Floor,Apartment,Mumbai,1,Agent,38,Water Availability 24 Hours Available,F,610,Sq-ft,Y,Bachelors/Family,"Oshiwara, Mumbai",1 BHK Flat,Sq-ft,0,NA,NA,NA,1,1,1,1,1,1,1,1,1,1,1,1,1,1,1,1,1,1,1,1,1,1,1,1,1,1,1,1,1,1,1,1,1,1,1,1,1,1,1,1,1,1,1,1,1,1,1,1,1,1,1,1,1,1,1,1,1,1,1,1,1,1,1,1,1,1,1,1,1,1,1,1,1,1,1,1,1,1,1,1,1,1,1,1,1,1,1,1,1,1,NA,Y,NA,NA,NA
12146,Ready to Move,NA,10,N,NA,MCGM,1,33000000,3.30 Cr,"Granite,Marbonite,Wooden",No/Rare Powercut,Monthly,9000,1000000,"Location Advantage Location of The Advantage Raheja Iris Park Apartments is ideal for those who are looking to invest in property in Mumbai with many schools, colleges, hospitals, recreational areas,parks and many other facilities nearby.",1600,The Advantage Raheja Iris Park,20625,1100,Jogeshwari West,East Facing Property,Sq-ft,Y,Co-operative Society,Furnished,2,10 Covered,East,Garden/Park,Resale,10 of 20 Floor,Apartment,Mumbai,3,Owner,20,Water Availability 24 Hours Available,F,1600,Sq-ft,Y,Bachelors/Family,"Jogeshwari West, Mumbai",3 BHK Flat,Sq-ft,0,10 to 15 years,5,NA,1,1,1,1,1,1,1,1,1,1,1,1,1,1,1,1,1,1,1,1,1,1,1,1,1,1,1,1,1,1,1,1,1,1,1,1,1,1,1,1,1,1,1,1,1,1,1,1,1,1,1,1,1,1,1,1,1,1,1,1,1,1,1,1,1,1,1,1,1,1,0,1,1,1,1,1,1,1,1,1,1,1,1,1,1,1,1,1,1,1,NA,Y,NA,NA,NA
12145,Ready to Move,NA,7,N,Chunawalas Constructions,MCGM,NA,14000000,1.40 Cr,Ceramic Tiles,No/Rare Powercut,Monthly,3200,100000,opposite jogeshwari railway station,705,Abba Residency,19858,470,Jogeshwari West,NA,Sq-ft,N,Freehold,NA,2,1 Covered,West,"Garden/Park, Main Road",Resale,7 of 14 Floor,Apartment,Mumbai,1,Owner,14,Water Availability 24 Hours Available,F,705,Sq-ft,Y,Bachelors/Family,"Jogeshwari West, Mumbai",1 BHK Flat,Sq-ft,0,10 to 15 years,NA,NA,1,1,1,1,1,1,1,1,1,1,1,1,1,1,1,1,1,1,1,1,1,1,1,1,1,1,1,1,1,1,1,1,1,1,1,1,1,1,1,1,1,1,1,1,1,1,1,1,1,1,1,1,1,1,1,1,1,1,1,1,1,1,1,1,1,1,1,1,1,1,1,1,1,1,1,1,1,1,1,1,1,1,1,1,1,1,1,1,1,1,NA,Y,NA,NA,NA
12144,Ready to Move,Feb '23,15,N,NA,ABAMNC,6,8900000,89 Lac,"Granite,Marbonite",No/Rare Powercut,Monthly,3500,500000,Near Ram mandir station,500,NA,17800,425,Oshiwara,East Facing Property,Sq-ft,Y,Leasehold,Unfurnished,1,1 Covered,East,Main Road,New Property,15 of 22 Floor,Apartment,Mumbai,1,Agent,22,Water Availability 24 Hours Available,F,500,Sq-ft,Y,Bachelors/Family,"Oshiwara, Mumbai",1 BHK Flat,Sq-ft,0,NA,NA,NA,1,1,1,1,1,1,1,1,1,1,1,1,1,1,1,1,1,1,1,1,1,1,1,1,1,1,1,1,1,1,1,1,1,1,1,1,1,1,1,1,1,1,1,1,1,1,1,1,1,1,1,1,1,1,1,1,1,1,1,1,1,1,1,1,1,1,1,0,1,1,1,1,1,1,1,1,1,1,1,1,1,1,1,1,1,1,1,1,1,1,NA,NA,NA,NA,NA
12143,Ready to Move,NA,23,N,Lodha,MCGM,3,22560000,2.25 Cr,Vitrified,No/Rare Powercut,Monthly,9000,500000,"Patel Estate Rd, B R Nagar, Jogeshwari West, Mumbai, Maharashtra 40004",1190,Lodha Bel Air,18957,820,Jogeshwari West,NA,Sq-ft,Y,Freehold,Semi-Furnished,2,1 Covered,North - East,Garden/Park,Resale,23 of 30 Floor,Apartment,Mumbai,2,Agent,30,Water Availability 24 Hours Available,F,1190,Sq-ft,Y,Bachelors/Family,"Jogeshwari West, Mumbai",2 BHK Flat,Sq-ft,0,New Construction,NA,NA,1,1,1,1,1,1,1,1,1,1,1,1,1,1,1,1,1,1,1,1,1,1,1,1,1,1,1,1,1,1,1,1,1,1,1,1,1,1,1,1,1,1,1,1,1,1,1,1,1,1,1,1,1,1,1,1,1,1,1,1,1,1,1,1,1,1,1,1,1,1,1,1,1,1,1,1,1,1,1,1,1,1,1,1,1,1,1,1,1,1,NA,NA,NA,NA,NA
12142,Ready to Move,NA,14,N,NA,MCGM,0,18100000,1.81 Cr,"Ceramic Tiles,Granite,Vitrified",No/Rare Powercut,Per sq. Unit Monthly,5,100000,Odc.,779,NA,23234,579,Oshiwara,East Facing Property,Sq-ft,Y,Freehold,Semi-Furnished,2,1 Covered,East,"Garden/Park, Main Road",New Property,14 of 32 Floor,Apartment,Mumbai,2,Agent,32,Water Availability 24 Hours Available,F,779,Sq-ft,Y,Bachelors/Family,"Oshiwara, Mumbai",2 BHK Flat,Sq-ft,0,New Construction,NA,NA,1,1,1,1,1,1,1,1,1,1,1,1,1,1,1,1,1,1,1,1,1,1,1,1,1,1,1,1,1,1,1,1,1,1,1,1,1,1,1,1,1,1,1,1,1,1,1,1,1,1,1,1,1,1,1,1,1,1,1,1,1,1,1,1,1,1,1,1,1,1,1,1,1,1,1,1,1,1,1,1,1,1,1,1,1,1,1,1,1,1,NA,Y,NA,NA,NA
12141,Ready to Move,Jan '23,12,N,Lodha,MCGM,2,33100000,3.31 Cr,Vitrified,No/Rare Powercut,Monthly,NA,NA,"JVLR flyover, Sunteck Avenue, Airport 9km, Andheri lokhandwala 2km",1600,Lodha Bel Air,20687,1200,Jogeshwari West,NA,Sq-ft,Y,Freehold,Unfurnished,3,2 Covered,West,"Garden/Park, Pool, Main Road",New Property,12 of 22 Floor,Apartment,Mumbai,3,Agent,22,Water Availability 24 Hours Available,F,1600,Sq-ft,Y,Bachelors/Family,"Jogeshwari West, Mumbai",3 BHK Flat,Sq-ft,0,NA,NA,Y,1,1,1,1,1,1,1,1,1,1,1,1,1,1,1,1,1,1,1,1,1,1,1,1,1,1,1,1,1,1,1,1,1,1,1,1,1,1,1,1,1,1,1,1,1,1,1,1,1,1,1,1,1,1,1,1,1,1,1,1,1,1,1,1,1,1,1,1,1,0,1,1,1,1,1,1,1,1,1,1,1,1,1,1,1,1,1,1,1,1,NA,NA,NA,NA,NA
12140,Ready to Move,NA,21,N,Lodha,NA,NA,27500000,2.75 Cr,"Mosaic,Vitrified,Granite,Marbonite",NA,NA,NA,NA,2.5 Bhk at Lodha BelAir,801,Lodha Bel Air,34332,801,Jogeshwari West,Newly Constructed Property,Sq-ft,N,Freehold,Unfurnished,2,NA,North - West,"Garden/Park, Main Road",New Property,21 of 22 Floor,Apartment,Mumbai,3,Agent,22,NA,F,801,Sq-ft,Y,Bachelors/Family,"Jogeshwari West, Mumbai",3 BHK Flat,Sq-ft,0,New Construction,NA,NA,1,1,0,1,0,0,1,1,1,0,0,0,0,0,1,0,1,0,0,0,0,0,0,0,0,1,0,0,0,0,0,0,0,0,0,0,0,0,0,0,0,0,0,0,0,0,0,0,0,0,0,0,0,0,0,0,0,0,0,0,0,0,0,0,0,0,0,0,0,0,0,0,0,0,0,0,0,0,0,0,0,0,0,0,0,0,0,0,0,0,NA,NA,NA,NA,NA
12139,Ready to Move,NA,12,N,NA,MCGM,3,45000000,4.50 Cr,Vitrified,No/Rare Powercut,Monthly,8000,500000,opp. samarth aangan,1800,NA,25000,1116,Oshiwara,Newly Constructed Property,Sq-ft,Y,Freehold,Semi-Furnished,3,2 Covered,North - East,Main Road,New Property,12 of 42 Floor,Apartment,Mumbai,3,Agent,42,Water Availability 24 Hours Available,F,1800,Sq-ft,Y,Bachelors/Family,"Oshiwara, Mumbai",3 BHK Flat,Sq-ft,0,New Construction,1,NA,1,1,1,1,1,1,1,1,1,1,1,1,1,1,1,1,1,1,1,1,1,1,1,1,1,1,1,1,1,1,1,1,1,1,1,1,1,1,1,1,1,1,1,1,1,1,1,1,1,1,1,1,1,1,1,1,1,1,1,1,1,1,1,1,1,1,1,1,1,1,0,1,1,1,1,1,1,1,1,1,1,1,1,1,1,1,1,1,1,1,NA,Y,NA,NA,NA
12138,Ready to Move,NA,11,N,NA,MCGM,0,25000000,2.50 Cr,"Ceramic Tiles,Marbonite",No/Rare Powercut,Per sq. Unit Monthly,5,100000,Next to city mall.,885,NA,28248,685,Oshiwara,East Facing Property,Sq-ft,Y,Freehold,Semi-Furnished,2,1 Covered,East,"Garden/Park, Main Road",Resale,11 of 15 Floor,Apartment,Mumbai,2,Agent,15,Water Availability 24 Hours Available,F,885,Sq-ft,Y,Bachelors/Family,"Oshiwara, Mumbai",2 BHK Flat,Sq-ft,0,Less than 5 years,NA,NA,1,1,1,1,1,1,1,1,1,1,1,1,1,1,1,1,1,1,1,1,1,1,1,1,1,1,1,1,1,1,1,1,1,1,1,1,1,1,1,1,1,1,1,1,1,1,1,1,1,1,1,1,1,1,1,1,1,1,1,1,1,1,1,1,1,1,1,1,1,1,1,1,1,1,1,1,1,1,1,1,1,1,1,1,1,1,1,1,1,1,NA,Y,NA,NA,NA
12137,Ready to Move,NA,4,N,Indra Darshan Developer,MCGM,1,38000000,3.80 Cr,Vitrified,No/Rare Powercut,Monthly,5500,500000,oshiwara andheri west,1550,Indradarshan II,24516,1040,Oshiwara,East Facing Property,Sq-ft,Y,Freehold,Furnished,3,1 Covered,East,"Garden/Park, Pool, Main Road",New Property,4 of 15 Floor,Apartment,Mumbai,3,Agent,15,Water Availability 24 Hours Available,F,1550,Sq-ft,Y,Bachelors/Family,"Oshiwara, Mumbai",3 BHK Flat,Sq-ft,0,10 to 15 years,1,NA,1,1,1,1,1,1,1,1,1,1,1,1,1,1,1,1,1,1,1,1,1,1,1,1,1,1,1,1,1,1,1,1,1,1,1,1,1,1,1,1,1,1,1,1,1,1,1,1,1,1,1,1,1,1,1,1,1,1,1,1,1,1,1,1,1,1,1,1,1,1,0,1,1,1,1,1,1,1,1,1,1,1,1,1,1,1,1,1,1,1,NA,Y,NA,NA,NA
12136,Ready to Move,NA,Upper Basement,N,NA,MCGM,NA,9700000,97 Lac,"Mosaic,Ceramic Tiles,Granite,Marbonite",No/Rare Powercut,Monthly,5000,100000,"Opp to HK campus, Oshiwara Relief Road.",678,Sahyog Oshi,14306,424,Oshiwara,"Opp to HK campus, Oshiwara Relief Road.",Sq-ft,Y,Freehold,Unfurnished,2,NA,West,Main Road,New Property,Upper Basement of 41 Floor,Apartment,Mumbai,1,Agent,41,Water Availability 24 Hours Available,F,678,Sq-ft,Y,Bachelors/Family,"Oshiwara, Mumbai",1 BHK Flat,Sq-ft,0,New Construction,NA,Y,1,1,1,1,1,1,1,1,1,1,1,1,1,1,1,1,1,1,1,1,1,1,1,1,1,1,1,1,1,1,1,1,1,1,1,1,1,1,1,1,1,1,1,1,1,1,1,1,1,1,1,1,1,1,1,1,1,1,1,1,1,1,1,1,1,1,1,1,1,1,1,1,1,1,1,1,1,1,1,1,1,1,1,1,1,1,1,1,1,1,NA,NA,NA,NA,NA
12135,Under Construction,Dec '26,5,N,Roswalt Realty,MCGM,35,9900000,99 Lac,"Ceramic Tiles,Vitrified",No/Rare Powercut,Per sq. Unit Monthly,7,200000,S V road,401,Roswalt Zaiden,24688,401,Jogeshwari West,East Facing Property,Sq-ft,N,Freehold,Unfurnished,1,1 Covered,East,"Garden/Park, Main Road",New Property,5 of 33 Floor,Apartment,Mumbai,1,Agent,33,Water Availability 24 Hours Available,F,401,Sq-ft,Y,Bachelors/Family,"Jogeshwari West, Mumbai",1 BHK Flat,Sq-ft,0,NA,NA,Y,1,1,1,1,1,1,1,1,1,1,1,1,1,1,1,1,1,1,1,1,1,1,1,1,1,1,1,1,1,1,1,1,1,1,1,1,1,1,1,1,1,1,1,1,1,1,1,1,1,1,1,1,1,1,1,1,1,1,1,1,1,1,1,1,1,1,1,1,1,1,1,1,1,1,1,1,1,1,1,1,1,1,1,1,1,1,1,1,1,1,NA,NA,NA,NA,NA
12134,Under Construction,Dec '26,7,N,Roswalt Realty,MCGM,35,15600000,1.56 Cr,"Ceramic Tiles,Vitrified",No/Rare Powercut,Per sq. Unit Monthly,7,200000,S V road,610,Roswalt Zaiden,25573,610,Jogeshwari West,NA,Sq-ft,N,Freehold,Unfurnished,2,1 Covered,North - West,"Garden/Park, Main Road",New Property,7 of 33 Floor,Apartment,Mumbai,2,Agent,33,Water Availability 24 Hours Available,F,610,Sq-ft,Y,Bachelors/Family,"Jogeshwari West, Mumbai",2 BHK Flat,Sq-ft,0,NA,NA,Y,1,1,1,1,1,1,1,1,1,1,1,1,1,1,1,1,1,1,1,1,1,1,1,1,1,1,1,1,1,1,1,1,1,1,1,1,1,1,1,1,1,1,1,1,1,1,1,1,1,1,1,1,1,1,1,1,1,1,1,1,1,1,1,1,1,1,1,1,1,1,1,1,1,1,1,1,1,1,1,1,1,1,1,1,1,1,1,1,1,1,NA,NA,NA,NA,NA
12133,Ready to Move,NA,5,N,Serenity Groups,NA,0,20000000,2 Cr,Vitrified,NA,Monthly,4000,500000,"It is located near Schools,Colleges,MetroStation, Malls, Restaurants",1200,Serenity Apartment,16667,750,Oshiwara,NA,Sq-ft,Y,Freehold,Semi-Furnished,2,NA,North,"Garden/Park, Pool",Resale,5 of 7 Floor,Apartment,Mumbai,2,Agent,7,NA,F,1200,Sq-ft,Y,Bachelors/Family,"Oshiwara, Mumbai",2 BHK Flat,Sq-ft,0,15 to 20 years,NA,NA,1,1,1,1,1,1,1,1,1,1,1,1,1,1,1,1,1,1,1,1,1,1,1,1,1,1,1,1,1,1,1,1,1,1,1,1,1,1,1,1,1,1,1,1,1,1,1,1,1,1,1,1,1,1,1,1,1,1,1,1,1,1,1,1,1,1,1,1,1,1,0,1,1,1,1,1,1,1,1,1,1,1,1,1,1,1,1,1,1,1,NA,Y,NA,NA,NA
12132,Under Construction,NA,18,N,SMGK Associates,NA,4,18500000,1.85 Cr,"Vitrified,Wooden,Ceramic Tiles",NA,Monthly,NA,NA,"Near Hill park road, sv road Jogeshwari west JVLR extension Patel E.",1150,Woods Platina,16087,737,Jogeshwari West,East Facing Property,Sq-ft,Y,Freehold,Unfurnished,2,NA,East,"Garden/Park, Pool, Main Road",New Property,18 of 21 Floor,Apartment,Mumbai,2,Agent,21,NA,F,1150,Sq-ft,Y,Bachelors/Family,"Jogeshwari West, Mumbai",2 BHK Flat,Sq-ft,0,NA,1,NA,1,1,1,1,1,1,1,1,1,1,1,0,0,1,1,1,0,0,0,1,0,1,1,0,0,0,0,1,1,0,0,0,0,0,0,0,0,0,0,0,0,0,0,0,0,0,0,0,0,0,0,0,0,0,0,0,0,0,0,0,0,0,0,0,0,0,0,0,0,0,0,0,0,0,0,0,0,0,0,0,0,0,0,0,0,0,0,0,0,0,NA,NA,NA,NA,NA
12131,Under Construction,Dec '23,19,N,NA,MCGM,NA,19000000,1.90 Cr,Vitrified,NA,Monthly,0,200000,Oshiwara Andheri West,800,NA,23750,703,Oshiwara,NA,Sq-ft,N,Freehold,Unfurnished,2,NA,West,Main Road,New Property,19 of 35 Floor,Apartment,Mumbai,2,Agent,35,NA,F,800,Sq-ft,Y,Bachelors/Family,"Oshiwara, Mumbai",2 BHK Flat,Sq-ft,0,NA,NA,NA,1,1,1,1,1,1,1,1,1,1,1,1,1,1,1,1,1,1,1,1,1,1,1,1,1,1,1,1,1,1,1,1,1,1,1,1,1,1,1,1,1,1,1,1,1,1,1,1,1,1,1,1,1,1,1,1,1,1,1,1,1,1,1,1,1,1,1,0,1,1,1,1,1,1,1,1,1,1,1,1,1,1,1,1,1,1,1,1,1,1,NA,NA,NA,NA,NA
12130,Ready to Move,NA,NA,N,NA,NA,NA,50000000,5 Cr,"Vitrified,Marble",No/Rare Powercut,Monthly,NA,500000,infinity Mall,2000,NA,25000,1500,Oshiwara,NA,Sq-ft,N,Freehold,Furnished,3,2 Open,West,Main Road,Resale,NA,Apartment,Mumbai,4,Agent,NA,Water Availability 24 Hours Available,F,2000,Sq-ft,Y,Bachelors/Family,"Oshiwara, Mumbai",4 BHK Flat,Sq-ft,0,15 to 20 years,NA,NA,1,1,1,1,1,1,1,1,1,1,1,1,1,1,1,1,1,1,0,1,1,1,0,0,0,0,0,0,1,0,0,0,0,0,0,0,0,0,0,0,0,0,0,0,0,0,0,0,0,0,0,0,0,0,0,0,0,0,0,0,0,0,0,0,0,0,0,0,0,0,0,0,0,0,0,0,0,0,0,0,0,0,0,0,0,0,0,0,0,0,NA,Y,NA,NA,NA
12129,Ready to Move,NA,4,N,Indra Darshan Developer,MCGM,0,39000000,3.90 Cr,Vitrified,No/Rare Powercut,Monthly,9000,500000,"The Property is near Schools , Colleges , Markets , Malls  restaurants",1550,Indradarshan II,25161,1250,Oshiwara,NA,Sq-ft,Y,Freehold,Furnished,3,"1 Covered, 1 Open",North,"Garden/Park, Pool, Main Road",Resale,4 of 22 Floor,Apartment,Mumbai,3,Agent,22,Water Availability 24 Hours Available,F,1550,Sq-ft,Y,Bachelors/Family,"Oshiwara, Mumbai",3 BHK Flat,Sq-ft,0,15 to 20 years,NA,NA,1,1,1,1,1,1,1,1,1,1,1,1,1,1,1,1,1,1,1,1,1,1,1,1,1,1,1,1,1,1,1,1,1,1,1,1,1,1,1,1,1,1,1,1,1,1,1,1,1,1,1,1,1,1,1,1,1,1,1,1,1,1,1,1,1,1,1,1,1,1,0,1,1,1,1,1,1,1,1,1,1,1,1,1,1,1,1,1,1,1,NA,Y,NA,NA,NA
12128,Ready to Move,NA,15,N,Lodha,MCGM,0,51000000,5.10 Cr,"Wooden,Marble,Granite",No/Rare Powercut,Monthly,15000,500000,Near 24 Karat Theatre,2100,Lodha Bel Air,24286,1550,Jogeshwari West,Near 24 Karat Theatre,Sq-ft,Y,Freehold,Unfurnished,4,2 Covered,West,"Garden/Park, Main Road",New Property,15 of 22 Floor,Apartment,Mumbai,4,Agent,22,Water Availability 24 Hours Available,F,2100,Sq-ft,Y,Bachelors/Family,"Jogeshwari West, Mumbai",4 BHK Flat,Sq-ft,0,New Construction,NA,NA,1,1,1,1,1,1,1,1,1,1,1,1,1,1,1,1,1,1,1,1,1,1,1,1,1,1,1,1,1,1,1,1,1,1,1,1,1,1,1,1,1,1,1,1,1,1,1,1,1,1,1,1,1,1,1,1,1,1,1,1,1,1,1,1,1,1,1,1,1,1,1,1,1,1,1,1,1,1,1,1,1,1,1,1,1,1,1,1,1,1,NA,Y,NA,NA,NA
12127,Under Construction,Dec '24,12,Y,Paradigm Realty,MCGM,5,14000000,1.40 Cr,Vitrified,No/Rare Powercut,Monthly,6000,500000,HP Gas centre,802,Paradigm Antalya,17456,573,Oshiwara,NA,Sq-ft,Y,Leasehold,Semi-Furnished,2,1 Covered,North - East,Main Road,New Property,12 of 20 Floor,Apartment,Mumbai,2,Agent,20,Water Availability 24 Hours Available,F,802,NA,Y,Bachelors/Family,"Oshiwara, Mumbai",2 BHK Flat,Sq-ft,0,NA,NA,Y,1,1,1,1,1,1,1,1,1,1,1,1,1,1,1,1,1,1,1,1,1,1,1,1,1,1,1,1,1,1,1,1,1,1,1,1,1,1,1,1,1,1,1,1,1,1,1,1,1,1,1,1,1,1,1,1,1,1,1,1,1,1,1,1,1,1,1,1,1,1,1,1,1,1,1,1,1,1,1,1,1,1,1,1,1,1,1,1,1,1,NA,NA,NA,NA,NA
12126,Ready to Move,NA,30,Y,NA,MCGM,4,47500000,4.75 Cr,Marble,No/Rare Powercut,Monthly,30000,1000000,This is at oshiwara near vacino mall.,1800,NA,26388,1116,Oshiwara,NA,Sq-ft,Y,Freehold,Unfurnished,3,2 Covered,North - East,"Garden/Park, Main Road",New Property,30 of 42 Floor,Apartment,Mumbai,3,Agent,42,Water Availability 24 Hours Available,F,1800,Sq-ft,Y,Bachelors/Family,"Oshiwara, Mumbai",3 BHK Flat,Sq-ft,0,Less than 5 years,2,NA,1,1,1,1,1,1,1,1,1,1,1,1,1,1,1,1,1,1,1,1,1,1,1,1,1,1,1,1,1,1,1,1,1,1,1,1,1,1,1,1,1,1,1,1,1,1,1,1,1,1,1,1,1,1,1,1,1,1,1,1,1,1,1,1,1,1,1,1,1,1,1,1,1,1,1,1,1,1,1,1,1,1,1,1,1,1,1,1,1,1,NA,NA,NA,NA,NA
12125,Ready to Move,NA,18,N,NA,MCGM,0,51500000,5.15 Cr,Marble,No/Rare Powercut,Monthly,20000,100000,Its at oshiwara and near new link road.,2000,NA,25750,1550,Oshiwara,NA,Sq-ft,Y,Freehold,Furnished,4,2 Covered,North - East,"Garden/Park, Pool, Main Road",Resale,18 of 22 Floor,Apartment,Mumbai,3,Agent,22,Water Availability 24 Hours Available,F,2000,Sq-ft,Y,Bachelors/Family,"Oshiwara, Mumbai",3 BHK Flat,Sq-ft,0,Above 20 years,2,NA,1,1,1,1,1,1,1,1,1,1,1,1,1,1,1,1,1,1,1,1,1,1,1,1,1,1,1,1,1,1,1,1,1,1,1,1,1,1,1,1,1,1,1,1,1,1,1,1,1,1,1,1,1,1,1,1,1,1,1,1,1,1,1,1,1,1,1,1,1,1,1,1,1,1,1,1,1,1,1,1,1,1,1,1,1,1,1,1,1,1,NA,Y,NA,NA,NA
12124,Ready to Move,NA,12,N,Windsor Realty,MHADA,5,180000000,18 Cr,"Granite,Marble,Marbonite,Vitrified",No/Rare Powercut,Monthly,45000,2500000,Located @ oshiwara::::prime location::::with all amenities.,6600,Windsor Grande Residences,27272,4400,Oshiwara,NA,Sq-ft,Y,Freehold,Furnished,6,4 Covered,South -West,Main Road,New Property,12 of 25 Floor,Apartment,Mumbai,5,Agent,25,Water Availability 24 Hours Available,F,6600,Sq-ft,Y,Bachelors/Family,"Oshiwara, Mumbai",5 BHK Flat,Sq-ft,0,5 to 10 years,5,NA,1,1,1,1,1,1,1,1,1,1,1,1,1,1,1,1,1,1,1,1,1,1,1,1,1,1,1,1,1,1,1,1,1,1,1,1,1,1,1,1,1,1,1,1,1,1,1,1,1,1,1,1,1,1,1,1,1,1,1,1,1,1,1,1,1,1,1,1,1,1,1,1,1,1,1,1,1,1,1,1,1,1,1,1,1,1,1,1,1,1,NA,NA,NA,NA,NA
12123,Under Construction,Dec '25,22,N,Paradigm Realty,ABADev,4,13700000,1.37 Cr,Vitrified,No/Rare Powercut,Per sq. Unit Monthly,5,500000,"Relief Road, Off, Swami Vivekananda Rd, Oshiwara, Mumbai, Maharashtra 400102",830,Paradigm Antalya,16506,588,Oshiwara,NA,Sq-ft,Y,Freehold,Unfurnished,2,"1 Covered, 1 Open",East,"Garden/Park, Pool, Main Road",New Property,22 of 38 Floor,Apartment,Mumbai,2,Agent,38,Water Availability 24 Hours Available,F,830,Sq-ft,Y,Bachelors/Family,"Oshiwara, Mumbai",2 BHK Flat,Sq-ft,0,NA,NA,NA,1,1,1,1,1,1,1,1,1,1,1,1,1,1,1,1,1,1,1,1,1,1,1,1,1,1,1,1,1,1,1,1,1,1,1,1,1,1,1,1,1,1,1,1,1,1,1,1,1,1,1,1,1,1,1,1,1,1,1,1,1,1,1,1,1,1,1,1,1,1,1,1,1,1,1,1,1,1,1,1,1,1,1,1,1,1,1,1,1,1,NA,Y,NA,NA,NA
12122,Jun '26,Jun '26,NA,Y,Paradigm Realty,NA,NA,11900000,1.19 Cr,NA,No/Rare Powercut,NA,NA,NA,NA,NA,Paradigm Antalya,NA,518,Oshiwara,NA,NA,N,NA,Unfurnished,2,1 Open,NA,NA,New Property,NA,Apartment,Mumbai,2,Builder,NA,Water Availability 24 Hours Available,F,NA,Sq-ft,Y,Bachelors/Family,"Oshiwara, Mumbai",2 BHK Flat,NA,0,NA,NA,NA,0,0,0,0,0,0,0,0,0,0,0,0,0,0,0,0,0,0,0,0,0,0,0,0,0,0,0,0,0,0,0,0,0,0,0,0,0,0,0,0,0,0,0,0,0,0,0,0,0,0,0,0,0,0,0,0,0,0,0,0,0,0,0,0,0,0,0,0,0,0,0,0,0,0,0,0,0,0,0,0,0,0,0,0,0,0,0,0,0,0,Jun '26,NA,NA,NA,NA
12121,Jun '26,Jun '26,NA,Y,Paradigm Realty,NA,NA,6941000,69.4 Lac,NA,No/Rare Powercut,NA,NA,NA,NA,NA,Paradigm Antalya,NA,350,Oshiwara,NA,NA,N,NA,Unfurnished,1,1 Open,NA,NA,New Property,NA,Apartment,Mumbai,1,Builder,NA,Water Availability 24 Hours Available,F,NA,Sq-ft,Y,Bachelors/Family,"Oshiwara, Mumbai",1 BHK Flat,NA,0,NA,NA,NA,0,0,0,0,0,0,0,0,0,0,0,0,0,0,0,0,0,0,0,0,0,0,0,0,0,0,0,0,0,0,0,0,0,0,0,0,0,0,0,0,0,0,0,0,0,0,0,0,0,0,0,0,0,0,0,0,0,0,0,0,0,0,0,0,0,0,0,0,0,0,0,0,0,0,0,0,0,0,0,0,0,0,0,0,0,0,0,0,0,0,Jun '26,NA,NA,NA,NA
12120,Dec '28,NA,NA,Y,Roswalt Realty,NA,NA,17100000,1.71 Cr,NA,No/Rare Powercut,NA,NA,NA,NA,NA,Roswalt Zaiden,NA,675,Jogeshwari West,NA,NA,N,NA,Unfurnished,3,NA,NA,NA,New Property,NA,Apartment,Mumbai,2,Builder,NA,Water Availability 24 Hours Available,F,NA,Sq-ft,Y,Bachelors/Family,"Jogeshwari West, Mumbai",2 BHK Flat,NA,0,NA,NA,Y,0,0,0,0,0,0,0,0,0,0,0,0,0,0,0,0,0,0,0,0,0,0,0,0,0,0,0,0,0,0,0,0,0,0,0,0,0,0,0,0,0,0,0,0,0,0,0,0,0,0,0,0,0,0,0,0,0,0,0,0,0,0,0,0,0,0,0,0,0,0,0,0,0,0,0,0,0,0,0,0,0,0,0,0,0,0,0,0,0,0,Dec '28,NA,NA,NA,NA
12119,Nov '25,NA,NA,Y,Lashkaria Housing and Infrastructure Pvt Ltd,NA,NA,9000000,90 Lac,NA,No/Rare Powercut,NA,NA,NA,NA,NA,Lashkaria Pearl,NA,333,Jogeshwari West,NA,NA,N,NA,Unfurnished,1,NA,NA,NA,New Property,NA,Apartment,Mumbai,1,Builder,NA,Water Availability 24 Hours Available,F,NA,Sq-ft,Y,Bachelors/Family,"Jogeshwari West, Mumbai",1 BHK Flat,NA,0,NA,NA,Y,0,0,0,0,0,0,0,0,0,0,0,0,0,0,0,0,0,0,0,0,0,0,0,0,0,0,0,0,0,0,0,0,0,0,0,0,0,0,0,0,0,0,0,0,0,0,0,0,0,0,0,0,0,0,0,0,0,0,0,0,0,0,0,0,0,0,0,0,0,0,0,0,0,0,0,0,0,0,0,0,0,0,0,0,0,0,0,0,0,0,Nov '25,Y,NA,NA,NA
12118,Dec '28,NA,NA,Y,Roswalt Realty,NA,NA,10500000,1.05 Cr,NA,No/Rare Powercut,NA,NA,NA,NA,NA,Roswalt Zaiden,NA,401,Jogeshwari West,NA,NA,N,NA,Unfurnished,2,NA,NA,NA,New Property,NA,Apartment,Mumbai,1,Builder,NA,Water Availability 24 Hours Available,F,NA,Sq-ft,Y,Bachelors/Family,"Jogeshwari West, Mumbai",1 BHK Flat,NA,0,NA,NA,Y,0,0,0,0,0,0,0,0,0,0,0,0,0,0,0,0,0,0,0,0,0,0,0,0,0,0,0,0,0,0,0,0,0,0,0,0,0,0,0,0,0,0,0,0,0,0,0,0,0,0,0,0,0,0,0,0,0,0,0,0,0,0,0,0,0,0,0,0,0,0,0,0,0,0,0,0,0,0,0,0,0,0,0,0,0,0,0,0,0,0,Dec '28,NA,NA,NA,NA
12117,Under Construction,Mar '26,21,N,Siddha Group,MCGM,10,20000000,2 Cr,Vitrified,No/Rare Powercut,Monthly,9000,100000,next to gtb nagar monorail station,1329,Siddha Sky,15048,831,Indira Nagar,NA,Sq-ft,Y,Freehold,Unfurnished,3,1 Covered,East,Garden/Park,New Property,21 of 39 Floor,Apartment,Mumbai,3,Agent,39,Water Availability 24 Hours Available,F,1329,Sq-ft,Y,Bachelors/Family,"Indira Nagar, Mumbai",3 BHK Flat,Sq-ft,0,NA,1,NA,1,1,1,1,1,1,1,1,1,1,1,1,1,1,1,1,1,1,1,1,1,1,1,1,1,1,1,1,1,1,1,1,1,1,1,1,1,1,1,1,1,1,1,1,1,1,1,1,1,1,1,1,1,1,1,1,1,1,1,1,1,1,1,1,1,1,1,1,1,1,0,1,1,1,1,1,1,1,1,1,1,1,1,1,1,1,1,1,1,1,NA,NA,NA,NA,NA
12116,Under Construction,Jun '26,15,Y,Kalpataru Ltd.,ABAMNC,2,23800000,2.38 Cr,Ceramic Tiles,No/Rare Powercut,Monthly,0,500000,Jvlr.,1020,Kalpataru Vivant,23333,758,Jogeshwari Vikhroli Link Road,NA,Sq-ft,Y,Freehold,Unfurnished,2,1 Covered,West,Main Road,New Property,15 of 22 Floor,Apartment,Mumbai,2,Agent,22,Water Availability 24 Hours Available,F,1020,Sq-ft,Y,Bachelors/Family,"Jogeshwari Vikhroli Link Road, Mumbai",2 BHK Flat,Sq-ft,0,NA,NA,NA,1,1,1,1,1,1,1,1,1,1,1,1,1,1,1,1,1,1,1,1,1,1,1,1,1,1,1,1,1,1,1,1,1,1,1,1,1,1,1,1,1,1,1,1,1,1,1,1,1,1,1,1,1,1,1,1,1,1,1,1,1,1,1,1,1,1,1,1,1,1,1,1,1,1,1,1,1,1,1,1,1,1,1,1,1,1,1,1,1,1,NA,NA,NA,NA,NA
12115,Under Construction,Jun '26,13,Y,Kalpataru Ltd.,ABAMNC,2,28200000,2.82 Cr,Ceramic Tiles,No/Rare Powercut,Monthly,0,500000,Jvlr.,1230,Kalpataru Vivant,22926,913,Jogeshwari Vikhroli Link Road,NA,Sq-ft,Y,Freehold,Unfurnished,3,1 Covered,North - East,Garden/Park,New Property,13 of 22 Floor,Apartment,Mumbai,3,Agent,22,Water Availability 24 Hours Available,F,1230,Sq-ft,Y,Bachelors/Family,"Jogeshwari Vikhroli Link Road, Mumbai",3 BHK Flat,Sq-ft,0,NA,NA,NA,1,1,1,1,1,1,1,1,1,1,1,1,1,1,1,1,1,1,1,1,1,1,1,1,1,1,1,1,1,1,1,1,1,1,1,1,1,1,1,1,1,1,1,1,1,1,1,1,1,1,1,1,1,1,1,1,1,1,1,1,1,1,1,1,1,1,1,1,1,1,1,1,1,1,1,1,1,1,1,1,1,1,1,1,1,1,1,1,1,1,NA,NA,NA,NA,NA
12114,Ready to Move,NA,16,Y,Arkade Group,MCGM,1,18500000,1.85 Cr,Vitrified,No/Rare Powercut,Monthly,8000,1000000,Arkade earth seth govind ram jolly marg kanjur village rd indira nagar kanjurmarg east.,1000,Arkade Earth,18500,650,Indira Nagar,East Facing Property,Sq-ft,Y,Freehold,Unfurnished,2,"1 Covered, 1 Open",East,Main Road,Resale,16 of 22 Floor,Apartment,Mumbai,2,Agent,22,Water Availability 24 Hours Available,F,1000,Sq-ft,Y,Bachelors/Family,"Indira Nagar, Mumbai",2 BHK Flat,Sq-ft,0,Less than 5 years,1,Y,1,1,1,1,1,1,1,1,1,1,1,1,1,1,1,1,1,1,1,1,1,1,1,1,1,1,1,1,1,1,1,1,1,1,1,1,1,1,1,1,1,1,1,1,1,1,1,1,1,1,1,1,1,1,1,1,1,1,1,1,1,1,1,1,1,1,1,1,1,1,0,1,1,1,1,1,1,1,1,1,1,1,1,1,1,1,1,1,1,1,NA,NA,NA,NA,NA
12113,Under Construction,Dec '25,7,N,NA,MCGM,12,14500000,1.45 Cr,"Ceramic Tiles,Granite",No/Rare Powercut,Monthly,7500,300000,NA,687,NA,21106,604,Jogeshwari East,East Facing Property,Sq-ft,Y,Freehold,Unfurnished,2,1 Covered,East,"Garden/Park, Pool, Main Road",New Property,7 of 22 Floor,Apartment,Mumbai,2,Agent,22,Water Availability 24 Hours Available,F,687,Sq-ft,Y,Bachelors/Family,"Jogeshwari East, Mumbai",2 BHK Flat,Sq-ft,0,NA,1,NA,1,1,1,1,1,1,1,1,1,1,1,1,1,1,1,1,1,1,1,1,1,1,1,1,1,1,1,1,1,1,1,1,1,1,1,1,1,1,1,1,1,1,1,1,1,1,1,1,1,1,1,1,1,1,1,1,1,1,1,1,1,1,1,1,1,1,1,1,1,1,1,1,1,1,1,1,1,1,1,1,1,1,1,1,1,1,1,1,1,1,NA,NA,NA,NA,NA
12112,Ready to Move,NA,25,Y,Oberoi Realty Ltd.,MCGM,2,90000000,9 Cr,Vitrified,No/Rare Powercut,Monthly,0,1000000,"Comprising spacious 4 BHK apartments with balconies, you can enjoy the expansive views of the greens as well as the cityscape. Prisma also offers lush landscaping throughout the development. Located on the arterial Jogeshwari Vikhroli Link Road JVLR, it facilitates quick connectivity to the Western Express Highway, the domestic  international terminals and the leading CBDs. With every detail planned keeping you in mind, this development encapsulates contemporary aesthetics and indulgent amenities and fulfils the promise of an elevated lifestyle.",4000,Oberoi Prisma,22500,2100,Jogeshwari Vikhroli Link Road,East Facing Property,Sq-ft,Y,Freehold,Unfurnished,5,2 Covered,East,Garden/Park,Resale,25 of 30 Floor,Apartment,Mumbai,5,Agent,30,Water Availability 24 Hours Available,F,4000,Sq-ft,Y,Bachelors/Family,"Jogeshwari Vikhroli Link Road, Mumbai",5 BHK Flat,Sq-ft,0,Less than 5 years,1,NA,1,1,1,1,1,1,1,1,1,1,1,1,1,1,1,1,1,1,1,1,1,1,1,1,1,1,1,1,1,1,1,1,1,1,1,1,1,1,1,1,1,1,1,1,1,1,1,1,1,1,1,1,1,1,1,1,1,1,1,1,1,1,1,1,1,1,1,1,1,1,1,1,1,1,1,1,1,1,1,1,1,1,1,1,1,1,1,1,1,1,NA,NA,NA,NA,NA
12111,Under Construction,Dec '23,12,Y,Avant Group,MCGM,0,16100000,1.61 Cr,Vitrified,No/Rare Powercut,Monthly,4500,200000,"Avant Hillway, Swapnalok Towers, GMLR, Mulund  Link Road",880,Avant Heritage 3,18295,767,Jogeshwari East,East Facing Property,Sq-ft,Y,Freehold,Unfurnished,2,1 Covered,East,"Garden/Park, Pool, Main Road",New Property,12 of 23 Floor,Apartment,Mumbai,2,Agent,23,Water Availability 24 Hours Available,F,880,Sq-ft,Y,Bachelors/Family,"Jogeshwari East, Mumbai",2 BHK Flat,Sq-ft,0,NA,NA,Y,1,1,1,1,1,1,1,1,1,1,1,1,1,1,1,1,1,1,1,1,1,1,1,1,1,1,1,1,1,1,1,1,1,1,1,1,1,1,1,1,1,1,1,1,1,1,1,1,1,1,1,1,1,1,1,1,1,1,1,1,1,1,1,1,1,1,1,1,1,1,1,1,1,1,1,1,1,1,1,1,1,1,1,1,1,1,1,1,1,1,NA,NA,NA,NA,NA
12110,Ready to Move,NA,NA,N,NA,MCGM,NA,31000000,3.10 Cr,Vitrified,No/Rare Powercut,Monthly,NA,500000,Near Ganesh Bhavan,NA,NA,NA,1269,Jogeshwari East,East Facing Property,NA,Y,Co-operative Society,Furnished,2,NA,East,Garden/Park,Resale,NA,Apartment,Mumbai,3,Agent,NA,Water Availability 24 Hours Available,F,NA,Sq-ft,Y,Bachelors/Family,"Jogeshwari East, Mumbai",3 BHK Flat,NA,0,10 to 15 years,1,NA,1,1,1,1,1,1,1,1,1,1,1,1,1,1,1,1,1,1,1,1,1,1,1,1,1,1,1,1,1,1,1,1,1,1,1,1,1,1,1,1,1,1,1,1,1,1,1,1,1,1,1,1,1,1,1,1,1,1,1,1,1,1,1,1,1,1,1,1,1,0,1,1,1,1,1,1,1,1,1,1,1,1,1,1,1,1,1,1,1,1,NA,NA,NA,NA,NA
12109,Under Construction,Dec '27,10,Y,Kalpataru Ltd.,ABAMNC,1,29500000,2.95 Cr,"Ceramic Tiles,Granite,Marble,Vitrified,Wooden",No/Rare Powercut,Monthly,11892,750000,Near Ganesh temple,1486,Kalpataru Vivant,19851,991,Jogeshwari Vikhroli Link Road,East Facing Property,Sq-ft,Y,Freehold,Unfurnished,3,1 Covered,East,"Garden/Park, Pool, Main Road",New Property,10 of 22 Floor,Apartment,Mumbai,3,Agent,22,Water Availability 24 Hours Available,F,1486,Sq-ft,Y,Bachelors/Family,"Jogeshwari Vikhroli Link Road, Mumbai",3 BHK Flat,Sq-ft,0,NA,1,Y,1,1,1,1,1,1,1,1,1,1,1,1,1,1,1,1,1,1,1,1,1,1,1,1,1,1,1,1,1,1,1,1,1,1,1,1,1,1,1,1,1,1,1,1,1,1,1,1,1,1,1,1,1,1,1,1,1,1,1,1,1,1,1,1,1,1,1,1,1,1,1,1,1,1,1,1,1,1,1,1,1,1,1,1,1,1,1,1,1,1,NA,NA,NA,NA,NA
12108,Ready to Move,NA,5,N,Avant Group,MCGM,0,16000000,1.60 Cr,Vitrified,No/Rare Powercut,Monthly,6000,100000,"shops, commercial, metro, railway station",1100,Avant Heritage 2,14545,720,Jogeshwari East,East Facing Property,Sq-ft,Y,Freehold,Unfurnished,2,NA,East,"Garden/Park, Main Road",Resale,5 of 22 Floor,Apartment,Mumbai,2,Agent,22,Water Availability 24 Hours Available,F,1100,Sq-ft,Y,Bachelors/Family,"Jogeshwari East, Mumbai",2 BHK Flat,Sq-ft,0,New Construction,1,NA,1,1,1,1,1,1,1,1,1,1,1,1,1,1,1,1,1,1,1,1,1,1,1,1,1,1,1,1,1,1,1,1,1,1,1,1,1,1,1,1,1,1,1,1,1,1,1,1,1,1,1,1,1,1,1,1,1,1,1,1,1,1,1,1,1,1,1,1,1,1,1,1,1,1,1,1,1,1,1,1,1,1,1,1,1,1,1,1,1,1,NA,NA,NA,NA,NA
12107,Ready to Move,NA,16,Y,Oberoi Realty Ltd.,MCGM,0,85000000,8.50 Cr,Vitrified,No/Rare Powercut,Monthly,10000,1000000,"Jogeshwari-Vikhroli Link Road on the south and the vast expanse of the Aarey greens on the north, the views from this development are nothing short of spectacular. Its location gives it good accessibility to the Western Express Highway and the commercial area of SEEPZ.",2754,Oberoi Splendor,30864,1976,Jogeshwari Vikhroli Link Road,East Facing Property,Sq-ft,Y,Freehold,Semi-Furnished,4,3 Covered,East,Garden/Park,Resale,16 of 27 Floor,Apartment,Mumbai,6,Agent,27,Water Availability 24 Hours Available,F,2754,Sq-ft,Y,Bachelors/Family,"Jogeshwari Vikhroli Link Road, Mumbai",6 BHK Flat,Sq-ft,0,10 to 15 years,4,NA,1,1,1,1,1,1,1,1,1,1,1,1,1,1,1,1,1,1,1,1,1,1,1,1,1,1,1,1,1,1,1,1,1,1,1,1,1,1,1,1,1,1,1,1,1,1,1,1,1,1,1,1,1,1,1,1,1,1,1,1,1,1,1,1,1,1,1,1,1,1,1,1,1,1,1,1,1,1,1,1,1,1,1,1,1,1,1,1,1,1,NA,NA,NA,NA,NA
12106,Under Construction,Oct '25,16,N,Kalpataru Ltd.,NA,NA,29000000,2.90 Cr,NA,NA,NA,NA,NA,Jvlr.,1200,Kalpataru Vivant,24167,991,Jogeshwari Vikhroli Link Road,East Facing Property,Sq-ft,N,Freehold,Semi-Furnished,3,NA,East,Garden/Park,New Property,16 of 21 Floor,Apartment,Mumbai,3,Agent,21,NA,F,1200,Sq-ft,Y,Bachelors/Family,"Jogeshwari Vikhroli Link Road, Mumbai",3 BHK Flat,Sq-ft,0,NA,1,NA,1,1,1,1,1,1,1,1,1,1,1,1,1,1,1,1,1,1,1,1,1,1,1,1,1,1,1,1,1,1,1,1,1,1,1,1,1,1,1,1,1,1,1,1,1,1,1,1,1,1,1,1,1,1,1,1,1,1,1,1,1,1,1,1,1,1,1,1,1,1,1,1,1,1,1,1,1,1,1,1,1,1,1,1,1,1,1,1,1,1,NA,NA,NA,NA,NA
12105,Under Construction,Dec '26,12,N,Kalpataru Ltd.,MCGM,15,22400000,2.24 Cr,Marble,No/Rare Powercut,Monthly,8000,500000,oberoi international school,1120,Kalpataru Vivant,20000,756,Jogeshwari Vikhroli Link Road,East Facing Property,Sq-ft,Y,Co-operative Society,Semi-Furnished,2,1 Covered,East,"Garden/Park, Main Road",New Property,12 of 22 Floor,Apartment,Mumbai,2,Agent,22,Water Availability 24 Hours Available,F,1120,Sq-ft,Y,Bachelors/Family,"Jogeshwari Vikhroli Link Road, Mumbai",2 BHK Flat,Sq-ft,0,NA,1,NA,1,1,1,1,1,1,1,1,1,1,1,1,1,1,1,1,1,1,1,1,1,1,1,1,1,1,1,1,1,1,1,1,1,1,1,1,1,1,1,1,1,1,1,1,1,1,1,1,1,1,1,1,1,1,1,1,1,1,1,1,1,1,1,1,1,1,1,1,1,1,1,1,1,1,1,1,1,1,1,1,1,1,1,1,1,1,1,1,1,1,NA,NA,NA,NA,NA
12104,Under Construction,Jun '25,13,N,Kalpataru Ltd.,MCGM,0,32800000,3.28 Cr,Vitrified,No/Rare Powercut,Monthly,10000,500000,Jvlr jogeshwari eat w. E. Highway,1400,Kalpataru Vivant,23428,992,Jogeshwari Vikhroli Link Road,East Facing Property,Sq-ft,Y,Freehold,Unfurnished,3,2 Covered,East,"Garden/Park, Main Road",New Property,13 of 22 Floor,Apartment,Mumbai,3,Agent,22,Water Availability 24 Hours Available,F,1400,Sq-ft,Y,Bachelors/Family,"Jogeshwari Vikhroli Link Road, Mumbai",3 BHK Flat,Sq-ft,0,NA,1,NA,1,1,1,1,1,1,1,1,1,1,1,1,1,1,1,1,1,1,1,1,1,1,1,1,1,1,1,1,1,1,1,1,1,1,1,1,1,1,1,1,1,1,1,1,1,1,1,1,1,1,1,1,1,1,1,1,1,1,1,1,1,1,1,1,1,1,1,1,1,1,1,1,1,1,1,1,1,1,1,1,1,1,1,1,1,1,1,1,1,1,NA,NA,NA,NA,NA
12103,Under Construction,Dec '25,15,N,Kalpataru Ltd.,MCGM,100,35401628,3.54 Cr,"Granite,Mosaic,Vitrified",No/Rare Powercut,Monthly,10000,500000,"The Property is close to WEH, JVLR, upcoming Metro, Hospital.",1500,Kalpataru Vivant,23601,1076,Jogeshwari Vikhroli Link Road,East Facing Property,Sq-ft,N,Freehold,Unfurnished,3,1 Covered,East,"Garden/Park, Pool, Main Road",New Property,15 of 25 Floor,Apartment,Mumbai,3,Agent,25,Water Availability 24 Hours Available,F,1500,Sq-ft,Y,Bachelors/Family,"Jogeshwari Vikhroli Link Road, Mumbai",3 BHK Flat,Sq-ft,0,NA,1,Y,1,1,1,1,1,1,1,1,1,1,1,1,1,1,1,1,1,1,1,1,1,1,1,1,1,1,1,1,1,1,1,1,1,1,1,1,1,1,1,1,1,1,1,1,1,1,1,1,1,1,1,1,1,1,1,1,1,1,1,1,1,1,1,1,1,1,1,1,1,1,1,1,1,1,1,1,1,1,1,1,1,1,1,1,1,1,1,1,1,1,NA,NA,NA,NA,NA
12102,Under Construction,Dec '26,7,N,Kalpataru Ltd.,MCGM,42,20796000,2.07 Cr,"Ceramic Tiles,Vitrified",No/Rare Powercut,Per sq. Unit Monthly,7,200000,Jvlr.,616,Kalpataru Vivant,33759,616,Jogeshwari Vikhroli Link Road,NA,Sq-ft,N,Freehold,Unfurnished,2,1 Covered,North - East,"Garden/Park, Main Road",New Property,7 of 22 Floor,Apartment,Mumbai,2,Agent,22,Water Availability 24 Hours Available,F,616,Sq-ft,Y,Bachelors/Family,"Jogeshwari Vikhroli Link Road, Mumbai",2 BHK Flat,Sq-ft,0,NA,NA,Y,1,1,1,1,1,1,1,1,1,1,1,1,1,1,1,1,1,1,1,1,1,1,1,1,1,1,1,1,1,1,1,1,1,1,1,1,1,1,1,1,1,1,1,1,1,1,1,1,1,1,1,1,1,1,1,1,1,1,1,1,1,1,1,1,1,1,1,1,1,1,1,1,1,1,1,1,1,1,1,1,1,1,1,1,1,1,1,1,1,1,NA,NA,NA,NA,NA
12101,Ready to Move,NA,19,N,Avant Group,MCGM,20,14469000,1.44 Cr,Vitrified,No/Rare Powercut,Monthly,6000,200000,"near western express highway,jvlr bridge majas wadi",873,Avant Heritage 2,16573,546,Majas Wadi,East Facing Property,Sq-ft,Y,Freehold,Unfurnished,2,1 Covered,East,Garden/Park,New Property,19 of 23 Floor,Apartment,Mumbai,2,Agent,23,Water Availability 24 Hours Available,F,873,Sq-ft,Y,Bachelors/Family,"Majas Wadi, Mumbai",2 BHK Flat,Sq-ft,0,New Construction,2,NA,1,1,1,1,1,1,1,1,1,1,1,1,1,1,1,1,1,1,1,1,1,1,1,1,1,1,1,1,1,1,1,1,1,1,1,1,1,1,1,1,1,1,1,1,1,1,1,1,1,1,1,1,1,1,1,1,1,1,1,1,1,1,1,1,1,1,1,1,1,0,1,1,1,1,1,1,1,1,1,1,1,1,1,1,1,1,1,1,1,1,NA,NA,NA,NA,NA
12100,Ready to Move,NA,2,Y,Oberoi Realty Ltd.,MCGM,10,35000000,3.50 Cr,"Vitrified,Wooden",No/Rare Powercut,Monthly,12000,1000000,This housing complex is a landmark in itself.,1377,Oberoi Splendor,25417,987,Jogeshwari Vikhroli Link Road,NA,Sq-ft,Y,Co-operative Society,Semi-Furnished,2,1 Covered,North - West,Garden/Park,Resale,2 of 27 Floor,Apartment,Mumbai,3,Agent,27,Water Availability 24 Hours Available,F,1377,Sq-ft,Y,Bachelors/Family,"Jogeshwari Vikhroli Link Road, Mumbai",3 BHK Flat,Sq-ft,0,10 to 15 years,2,NA,1,1,1,1,1,1,1,1,1,1,1,1,1,1,1,1,1,1,1,1,1,1,1,1,1,1,1,1,1,1,1,1,1,1,1,1,1,1,1,1,1,1,1,1,1,1,1,1,1,1,1,1,1,1,1,1,1,1,1,1,1,1,1,1,1,1,1,1,1,1,1,1,1,1,1,1,1,1,1,1,1,1,1,1,1,1,1,1,1,1,NA,NA,NA,NA,NA
12099,Ready to Move,Dec '22,9,N,NA,MCGM,0,17208000,1.72 Cr,Vitrified,NA,Monthly,5300,500000,near paras nagar jain mandir jvlr,956,NA,18000,598,Jogeshwari Vikhroli Link Road,East Facing Property,Sq-ft,Y,Freehold,Unfurnished,2,NA,East,Main Road,New Property,9 of 22 Floor,Apartment,Mumbai,2,Agent,22,NA,F,956,Sq-ft,Y,Bachelors/Family,"Jogeshwari Vikhroli Link Road, Mumbai",2 BHK Flat,Sq-ft,0,New Construction,1,NA,1,1,1,1,1,1,1,1,1,1,1,1,1,1,1,1,1,1,1,1,1,1,1,1,1,1,1,1,1,1,1,1,1,1,1,1,1,1,1,1,1,1,1,1,1,1,1,1,1,1,1,1,1,1,1,1,1,1,1,1,1,1,1,1,1,1,1,0,1,1,1,1,1,1,1,1,1,1,1,1,1,1,1,1,1,1,1,1,1,1,NA,Y,NA,NA,NA
12098,Ready to Move,NA,27,N,Oberoi Realty Ltd.,MMRDA,0,91500000,9.15 Cr,Vitrified,No/Rare Powercut,Monthly,25000,1500000,"Oberoi prisma, nr. Oberoi international school, jvlr, andheri east",3193,Oberoi Prisma,28656,2065,Jogeshwari Vikhroli Link Road,East Facing Property,Sq-ft,Y,Co-operative Society,Unfurnished,6,3 Covered,East,"Garden/Park, Pool, Main Road",Resale,27 of 32 Floor,Apartment,Mumbai,4,Agent,32,Water Availability 24 Hours Available,F,3193,Sq-ft,Y,Bachelors/Family,"Jogeshwari Vikhroli Link Road, Mumbai",4 BHK Flat,Sq-ft,0,Less than 5 years,2,NA,1,1,1,1,1,1,1,1,1,1,1,1,1,1,1,1,1,1,1,1,1,1,1,1,1,1,1,1,1,1,1,1,1,1,1,1,1,1,1,1,1,1,1,1,1,1,1,1,1,1,1,1,1,1,1,1,1,1,1,1,1,1,1,1,1,1,1,1,1,1,1,1,1,1,1,1,1,1,1,1,1,1,1,1,1,1,1,1,1,1,NA,NA,NA,NA,NA
12097,Under Construction,Dec '26,9,Y,Kalpataru Ltd.,MCGM,3,22200000,2.22 Cr,Vitrified,No/Rare Powercut,Monthly,7000,1100000,Opp Oberoi Splendor,1137,Kalpataru Vivant,19525,758,Jogeshwari Vikhroli Link Road,NA,Sq-ft,Y,Freehold,Unfurnished,2,1 Covered,East,Main Road,New Property,9 of 19 Floor,Apartment,Mumbai,2,Agent,19,Water Availability 24 Hours Available,F,1137,Sq-ft,Y,Bachelors/Family,"Jogeshwari Vikhroli Link Road, Mumbai",2 BHK Flat,Sq-ft,0,NA,NA,Y,1,1,1,1,1,1,1,1,1,1,1,1,1,1,1,1,1,1,1,1,1,1,1,1,1,1,1,1,1,1,1,1,1,1,1,1,1,1,1,1,1,1,1,1,1,1,1,1,1,1,1,1,1,1,1,1,1,1,1,1,1,1,1,1,1,1,1,1,1,1,1,1,1,1,1,1,1,1,1,1,1,1,1,1,1,1,1,1,1,1,NA,NA,NA,NA,NA
12096,Under Construction,Dec '25,11,Y,Nexus Builders,ABADev,4,14200000,1.42 Cr,Vitrified,No/Rare Powercut,Per sq. Unit Monthly,5,500000,"Subhash Nagar, Jogeshwari East, Mumbai, Maharashtra 400060",890,Ratan Heritage,15955,653,Jogeshwari East,NA,Sq-ft,Y,Freehold,Unfurnished,2,"1 Covered, 1 Open",East,"Garden/Park, Pool, Main Road",New Property,11 of 18 Floor,Apartment,Mumbai,2,Agent,18,Water Availability 24 Hours Available,F,890,Sq-ft,Y,Bachelors/Family,"Jogeshwari East, Mumbai",2 BHK Flat,Sq-ft,0,NA,NA,NA,1,1,1,1,1,1,1,1,1,1,1,1,1,1,1,1,1,1,1,1,1,1,1,1,1,1,1,1,1,1,1,1,1,1,1,1,1,1,1,1,1,1,1,1,1,1,1,1,1,1,1,1,1,1,1,1,1,1,1,1,1,1,1,1,1,1,1,1,1,1,1,1,1,1,1,1,1,1,1,1,1,1,1,1,1,1,1,1,1,1,NA,NA,NA,NA,NA
12095,Under Construction,Dec '26,17,N,Kalpataru Ltd.,ABADev,4,20800000,2.08 Cr,Vitrified,No/Rare Powercut,Per sq. Unit Monthly,5,500000,"Off, Ashok Nagar Main Rd, near BLOCK-1A, Kandivali E, Mumbai, Maharashtra 400101",970,Kalpataru Vivant,21443,709,Jogeshwari Vikhroli Link Road,NA,Sq-ft,Y,Freehold,Unfurnished,2,"1 Covered, 1 Open",East,"Garden/Park, Pool, Main Road",New Property,17 of 21 Floor,Apartment,Mumbai,2,Agent,21,Water Availability 24 Hours Available,F,970,Sq-ft,Y,Bachelors/Family,"Jogeshwari Vikhroli Link Road, Mumbai",2 BHK Flat,Sq-ft,0,NA,NA,NA,1,1,1,1,1,1,1,1,1,1,1,1,1,1,1,1,1,1,1,1,1,1,1,1,1,1,1,1,1,1,1,1,1,1,1,1,1,1,1,1,1,1,1,1,1,1,1,1,1,1,1,1,1,1,1,1,1,1,1,1,1,1,1,1,1,1,1,1,1,1,1,1,1,1,1,1,1,1,1,1,1,1,1,1,1,1,1,1,1,1,NA,NA,NA,NA,NA
12094,Under Construction,Dec '26,12,Y,Kalpataru Ltd.,MCGM,20,23900000,2.39 Cr,"Vitrified,Ceramic Tiles,Granite",No/Rare Powercut,Monthly,8400,500000,Opposite To Oberoi International School,NA,Kalpataru Vivant,NA,758,Jogeshwari Vikhroli Link Road,East Facing Property,NA,N,Freehold,Unfurnished,2,1 Covered,East,"Garden/Park, Pool",New Property,12 of 20 Floor,Apartment,Mumbai,2,Agent,20,Water Availability 24 Hours Available,F,NA,Sq-ft,Y,Bachelors/Family,"Jogeshwari Vikhroli Link Road, Mumbai",2 BHK Flat,NA,0,NA,1,Y,1,1,1,1,1,1,1,1,1,1,1,1,1,1,1,1,1,1,1,1,1,1,1,1,1,1,1,1,1,1,1,1,1,1,1,1,1,1,1,1,1,1,1,1,1,1,1,1,1,1,1,1,1,1,1,1,1,1,1,1,1,1,1,1,1,1,1,1,1,1,1,1,1,1,1,1,1,1,1,1,1,1,1,1,1,1,1,1,1,1,NA,NA,NA,NA,NA
12093,Dec '26,Dec '26,NA,Y,Kalpataru Ltd.,NA,NA,46000000,4.60 Cr,Vitrified,No/Rare Powercut,NA,NA,NA,NA,NA,Kalpataru Vivant,NA,1450,Jogeshwari Vikhroli Link Road,NA,NA,N,NA,Unfurnished,3,1 Covered,NA,NA,New Property,NA,Apartment,Mumbai,4,Builder,NA,Water Availability 24 Hours Available,F,NA,Sq-ft,Y,Bachelors/Family,"Jogeshwari Vikhroli Link Road, Mumbai",4 BHK Flat,NA,0,NA,NA,NA,0,0,0,0,0,0,0,0,0,0,0,0,0,0,0,0,0,0,0,0,0,0,0,0,0,0,0,0,0,0,0,0,0,0,0,0,0,0,0,0,0,0,0,0,0,0,0,0,0,0,0,0,0,0,0,0,0,0,0,0,0,0,0,0,0,0,0,0,0,0,0,0,0,0,0,0,0,0,0,0,0,0,0,0,0,0,0,0,0,0,Dec '26,NA,NA,NA,NA
12092,Dec '26,Dec '26,NA,Y,Kalpataru Ltd.,NA,NA,21890000,2.18 Cr,Vitrified,No/Rare Powercut,NA,NA,NA,NA,NA,Kalpataru Vivant,NA,618,Jogeshwari Vikhroli Link Road,NA,NA,N,NA,Unfurnished,2,1 Covered,NA,NA,New Property,NA,Apartment,Mumbai,2,Builder,NA,Water Availability 24 Hours Available,F,NA,Sq-ft,Y,Bachelors/Family,"Jogeshwari Vikhroli Link Road, Mumbai",2 BHK Flat,NA,0,NA,NA,NA,0,0,0,0,0,0,0,0,0,0,0,0,0,0,0,0,0,0,0,0,0,0,0,0,0,0,0,0,0,0,0,0,0,0,0,0,0,0,0,0,0,0,0,0,0,0,0,0,0,0,0,0,0,0,0,0,0,0,0,0,0,0,0,0,0,0,0,0,0,0,0,0,0,0,0,0,0,0,0,0,0,0,0,0,0,0,0,0,0,0,Dec '26,NA,NA,NA,NA
12091,Mar '25,Mar '25,NA,Y,Avant Group,NA,NA,9405000,94.1 Lac,Vitrified,No/Rare Powercut,NA,NA,NA,NA,NA,Avant Heritage 3,NA,380,Jogeshwari East,NA,NA,N,NA,Unfurnished,1,NA,NA,NA,New Property,NA,Apartment,Mumbai,1,Builder,NA,Water Availability 24 Hours Available,F,NA,Sq-ft,Y,Bachelors/Family,"Jogeshwari East, Mumbai",1 BHK Flat,NA,0,NA,NA,Y,0,0,0,0,0,0,0,0,0,0,0,0,0,0,0,0,0,0,0,0,0,0,0,0,0,0,0,0,0,0,0,0,0,0,0,0,0,0,0,0,0,0,0,0,0,0,0,0,0,0,0,0,0,0,0,0,0,0,0,0,0,0,0,0,0,0,0,0,0,0,0,0,0,0,0,0,0,0,0,0,0,0,0,0,0,0,0,0,0,0,Mar '25,NA,NA,NA,NA
12090,Dec '28,Dec '28,NA,Y,JP Infra Realty Pvt Ltd,NA,NA,14000000,1.40 Cr,Ceramic Tiles,No/Rare Powercut,NA,NA,NA,NA,NA,Codename Highway Touch,NA,528,Jogeshwari East,NA,NA,N,NA,Unfurnished,2,1 Covered,NA,NA,New Property,NA,Apartment,Mumbai,2,Builder,NA,Water Availability 24 Hours Available,F,NA,Sq-ft,Y,Bachelors/Family,"Jogeshwari East, Mumbai",2 BHK Flat,NA,0,NA,NA,Y,0,0,0,0,0,0,0,0,0,0,0,0,0,0,0,0,0,0,0,0,0,0,0,0,0,0,0,0,0,0,0,0,0,0,0,0,0,0,0,0,0,0,0,0,0,0,0,0,0,0,0,0,0,0,0,0,0,0,0,0,0,0,0,0,0,0,0,0,0,0,0,0,0,0,0,0,0,0,0,0,0,0,0,0,0,0,0,0,0,0,Dec '28,NA,NA,NA,NA
12089,Dec '28,Dec '28,NA,Y,JP Infra Realty Pvt Ltd,NA,NA,9500000,95 Lac,Ceramic Tiles,No/Rare Powercut,NA,NA,NA,NA,NA,Codename Highway Touch,NA,398,Jogeshwari East,NA,NA,N,NA,Unfurnished,2,1 Covered,NA,NA,New Property,NA,Apartment,Mumbai,1,Builder,NA,Water Availability 24 Hours Available,F,NA,Sq-ft,Y,Bachelors/Family,"Jogeshwari East, Mumbai",1 BHK Flat,NA,0,NA,NA,Y,0,0,0,0,0,0,0,0,0,0,0,0,0,0,0,0,0,0,0,0,0,0,0,0,0,0,0,0,0,0,0,0,0,0,0,0,0,0,0,0,0,0,0,0,0,0,0,0,0,0,0,0,0,0,0,0,0,0,0,0,0,0,0,0,0,0,0,0,0,0,0,0,0,0,0,0,0,0,0,0,0,0,0,0,0,0,0,0,0,0,Dec '28,NA,NA,NA,NA
12088,Under Construction,Mar '26,10,N,Kalpataru Ltd.,MCGM,20,23000000,2.30 Cr,"Ceramic Tiles,Marble,Marbonite",No/Rare Powercut,Per sq. Unit Monthly,12,700000,Located in JVLR,950,Kalpataru Vivant,24210,740,Jogeshwari Vikhroli Link Road,East Facing Property,Sq-ft,Y,Freehold,Unfurnished,3,1 Covered,East,"Garden/Park, Pool, Main Road",New Property,10 of 22 Floor,Apartment,Mumbai,2,Agent,22,Water Availability 24 Hours Available,F,950,Sq-ft,Y,Bachelors/Family,"Jogeshwari Vikhroli Link Road, Mumbai",2 BHK Flat,Sq-ft,0,NA,1,Y,1,1,1,1,1,1,1,1,1,1,1,1,1,1,1,1,1,1,1,1,1,1,1,1,1,1,1,1,1,1,1,1,1,1,1,1,1,1,1,1,1,1,1,1,1,1,1,1,1,1,1,1,1,1,1,1,1,1,1,1,1,1,1,1,1,1,1,1,1,1,1,1,1,1,1,1,1,1,1,1,1,1,1,1,1,1,1,1,1,1,NA,NA,NA,NA,NA
12087,Under Construction,Dec '26,12,Y,Kalpataru Ltd.,MCGM,20,23900000,2.39 Cr,"Vitrified,Ceramic Tiles,Granite",No/Rare Powercut,Monthly,8400,500000,Opposite To Oberoi International School,NA,Kalpataru Vivant,NA,758,Jogeshwari Vikhroli Link Road,East Facing Property,NA,N,Freehold,Unfurnished,2,1 Covered,East,"Garden/Park, Pool",New Property,12 of 20 Floor,Apartment,Mumbai,2,Agent,20,Water Availability 24 Hours Available,F,NA,Sq-ft,Y,Bachelors/Family,"Jogeshwari Vikhroli Link Road, Mumbai",2 BHK Flat,NA,0,NA,1,Y,1,1,1,1,1,1,1,1,1,1,1,1,1,1,1,1,1,1,1,1,1,1,1,1,1,1,1,1,1,1,1,1,1,1,1,1,1,1,1,1,1,1,1,1,1,1,1,1,1,1,1,1,1,1,1,1,1,1,1,1,1,1,1,1,1,1,1,1,1,1,1,1,1,1,1,1,1,1,1,1,1,1,1,1,1,1,1,1,1,1,NA,NA,NA,NA,NA
12086,Dec '26,Dec '26,NA,Y,Kalpataru Ltd.,NA,NA,46000000,4.60 Cr,Vitrified,No/Rare Powercut,NA,NA,NA,NA,NA,Kalpataru Vivant,NA,1450,Jogeshwari Vikhroli Link Road,NA,NA,N,NA,Unfurnished,3,1 Covered,NA,NA,New Property,NA,Apartment,Mumbai,4,Builder,NA,Water Availability 24 Hours Available,F,NA,Sq-ft,Y,Bachelors/Family,"Jogeshwari Vikhroli Link Road, Mumbai",4 BHK Flat,NA,0,NA,NA,NA,0,0,0,0,0,0,0,0,0,0,0,0,0,0,0,0,0,0,0,0,0,0,0,0,0,0,0,0,0,0,0,0,0,0,0,0,0,0,0,0,0,0,0,0,0,0,0,0,0,0,0,0,0,0,0,0,0,0,0,0,0,0,0,0,0,0,0,0,0,0,0,0,0,0,0,0,0,0,0,0,0,0,0,0,0,0,0,0,0,0,Dec '26,NA,NA,NA,NA
12085,Dec '26,Dec '26,NA,Y,Kalpataru Ltd.,NA,NA,21890000,2.18 Cr,Vitrified,No/Rare Powercut,NA,NA,NA,NA,NA,Kalpataru Vivant,NA,618,Jogeshwari Vikhroli Link Road,NA,NA,N,NA,Unfurnished,2,1 Covered,NA,NA,New Property,NA,Apartment,Mumbai,2,Builder,NA,Water Availability 24 Hours Available,F,NA,Sq-ft,Y,Bachelors/Family,"Jogeshwari Vikhroli Link Road, Mumbai",2 BHK Flat,NA,0,NA,NA,NA,0,0,0,0,0,0,0,0,0,0,0,0,0,0,0,0,0,0,0,0,0,0,0,0,0,0,0,0,0,0,0,0,0,0,0,0,0,0,0,0,0,0,0,0,0,0,0,0,0,0,0,0,0,0,0,0,0,0,0,0,0,0,0,0,0,0,0,0,0,0,0,0,0,0,0,0,0,0,0,0,0,0,0,0,0,0,0,0,0,0,Dec '26,NA,NA,NA,NA
12084,Mar '25,Mar '25,NA,Y,Avant Group,NA,NA,9405000,94.1 Lac,Vitrified,No/Rare Powercut,NA,NA,NA,NA,NA,Avant Heritage 3,NA,380,Jogeshwari East,NA,NA,N,NA,Unfurnished,1,NA,NA,NA,New Property,NA,Apartment,Mumbai,1,Builder,NA,Water Availability 24 Hours Available,F,NA,Sq-ft,Y,Bachelors/Family,"Jogeshwari East, Mumbai",1 BHK Flat,NA,0,NA,NA,Y,0,0,0,0,0,0,0,0,0,0,0,0,0,0,0,0,0,0,0,0,0,0,0,0,0,0,0,0,0,0,0,0,0,0,0,0,0,0,0,0,0,0,0,0,0,0,0,0,0,0,0,0,0,0,0,0,0,0,0,0,0,0,0,0,0,0,0,0,0,0,0,0,0,0,0,0,0,0,0,0,0,0,0,0,0,0,0,0,0,0,Mar '25,NA,NA,NA,NA
12083,Dec '28,Dec '28,NA,Y,JP Infra Realty Pvt Ltd,NA,NA,14000000,1.40 Cr,Ceramic Tiles,No/Rare Powercut,NA,NA,NA,NA,NA,Codename Highway Touch,NA,528,Jogeshwari East,NA,NA,N,NA,Unfurnished,2,1 Covered,NA,NA,New Property,NA,Apartment,Mumbai,2,Builder,NA,Water Availability 24 Hours Available,F,NA,Sq-ft,Y,Bachelors/Family,"Jogeshwari East, Mumbai",2 BHK Flat,NA,0,NA,NA,Y,0,0,0,0,0,0,0,0,0,0,0,0,0,0,0,0,0,0,0,0,0,0,0,0,0,0,0,0,0,0,0,0,0,0,0,0,0,0,0,0,0,0,0,0,0,0,0,0,0,0,0,0,0,0,0,0,0,0,0,0,0,0,0,0,0,0,0,0,0,0,0,0,0,0,0,0,0,0,0,0,0,0,0,0,0,0,0,0,0,0,Dec '28,NA,NA,NA,NA
12082,Dec '28,Dec '28,NA,Y,JP Infra Realty Pvt Ltd,NA,NA,9500000,95 Lac,Ceramic Tiles,No/Rare Powercut,NA,NA,NA,NA,NA,Codename Highway Touch,NA,398,Jogeshwari East,NA,NA,N,NA,Unfurnished,2,1 Covered,NA,NA,New Property,NA,Apartment,Mumbai,1,Builder,NA,Water Availability 24 Hours Available,F,NA,Sq-ft,Y,Bachelors/Family,"Jogeshwari East, Mumbai",1 BHK Flat,NA,0,NA,NA,Y,0,0,0,0,0,0,0,0,0,0,0,0,0,0,0,0,0,0,0,0,0,0,0,0,0,0,0,0,0,0,0,0,0,0,0,0,0,0,0,0,0,0,0,0,0,0,0,0,0,0,0,0,0,0,0,0,0,0,0,0,0,0,0,0,0,0,0,0,0,0,0,0,0,0,0,0,0,0,0,0,0,0,0,0,0,0,0,0,0,0,Dec '28,NA,NA,NA,NA
12081,Under Construction,Mar '26,10,N,Kalpataru Ltd.,MCGM,20,23000000,2.30 Cr,"Ceramic Tiles,Marble,Marbonite",No/Rare Powercut,Per sq. Unit Monthly,12,700000,Located in JVLR,950,Kalpataru Vivant,24210,740,Jogeshwari Vikhroli Link Road,East Facing Property,Sq-ft,Y,Freehold,Unfurnished,3,1 Covered,East,"Garden/Park, Pool, Main Road",New Property,10 of 22 Floor,Apartment,Mumbai,2,Agent,22,Water Availability 24 Hours Available,F,950,Sq-ft,Y,Bachelors/Family,"Jogeshwari Vikhroli Link Road, Mumbai",2 BHK Flat,Sq-ft,0,NA,1,Y,1,1,1,1,1,1,1,1,1,1,1,1,1,1,1,1,1,1,1,1,1,1,1,1,1,1,1,1,1,1,1,1,1,1,1,1,1,1,1,1,1,1,1,1,1,1,1,1,1,1,1,1,1,1,1,1,1,1,1,1,1,1,1,1,1,1,1,1,1,1,1,1,1,1,1,1,1,1,1,1,1,1,1,1,1,1,1,1,1,1,NA,NA,NA,NA,NA
12080,Ready to Move,NA,1,Y,Satellite Builders Pvt. Ltd.,NA,NA,13500000,1.35 Cr,NA,NA,NA,NA,500000,NA,560,Satellite Classic,1,415,Jogeshwari East,NA,Bigha,Y,Freehold,Unfurnished,2,NA,South,Garden/Park,Resale,1 of 7 Floor,Apartment,Mumbai,1,Owner,7,NA,F,560,Sq-ft,N,Bachelors/Family,"Jogeshwari East, Mumbai",1 BHK Flat,Bigha,0,15 to 20 years,NA,NA,0,1,0,0,0,0,1,0,1,0,0,0,0,0,0,0,0,0,0,0,0,0,0,0,0,0,0,0,0,0,0,0,0,0,0,0,0,0,0,0,0,0,0,0,0,0,0,0,0,0,0,0,0,0,0,0,0,0,0,0,0,0,0,0,0,0,0,0,0,0,0,0,0,0,0,0,0,0,0,0,0,0,0,0,0,0,0,0,0,0,NA,NA,NA,NA,NA
12079,Under Construction,Jan '25,11,Y,Kalpataru Ltd.,MCGM,NA,18500000,1.85 Cr,"Marble,Granite",No/Rare Powercut,Monthly,7000,1100000,near by oberoi splendour,900,Kalpataru Vivant,20555,618,Jogeshwari Vikhroli Link Road,NA,Sq-ft,Y,Freehold,Unfurnished,2,1 Covered,East,"Pool, Main Road",New Property,11 of 35 Floor,Apartment,Mumbai,2,Agent,35,Water Availability 24 Hours Available,F,900,Sq-ft,Y,Bachelors/Family,"Jogeshwari Vikhroli Link Road, Mumbai",2 BHK Flat,Sq-ft,0,NA,1,NA,1,1,1,1,1,1,1,1,1,1,1,1,1,1,1,1,1,1,1,1,1,1,1,1,1,1,1,1,1,1,1,1,1,1,1,1,1,1,1,1,1,1,1,1,1,1,1,1,1,1,1,1,1,1,1,1,1,1,1,1,1,1,1,1,1,1,1,1,1,1,0,1,1,1,1,1,1,1,1,1,1,1,1,1,1,1,1,1,1,1,NA,NA,NA,NA,NA
12078,Under Construction,Dec '26,17,N,Kalpataru Ltd.,MCGM,50,18500000,1.85 Cr,"Vitrified,Normal Tiles/Kotah Stone",No/Rare Powercut,Per sq. Unit Monthly,9,500000,"Kalpataru Vivant, Jogeshwari  Vikhroli Link Road, Andheri East, Mumbai",700,Kalpataru Vivant,23125,616,Jogeshwari Vikhroli Link Road,NA,Sq-ft,Y,Freehold,Unfurnished,2,1 Covered,East,Garden/Park,New Property,17 of 22 Floor,Apartment,Mumbai,2,Agent,22,Water Availability 24 Hours Available,F,700,Sq-ft,Y,Bachelors/Family,"Jogeshwari Vikhroli Link Road, Mumbai",2 BHK Flat,Sq-ft,0,NA,NA,NA,1,1,1,1,1,1,1,1,1,1,1,1,1,1,1,1,1,1,1,1,1,1,1,1,1,1,1,1,1,1,1,1,1,1,1,1,1,1,1,1,1,1,1,1,1,1,1,1,1,1,1,1,1,1,1,1,1,1,1,1,1,1,1,1,1,1,1,1,1,1,1,1,1,1,1,1,1,1,1,1,1,1,1,1,1,1,1,1,1,1,NA,NA,NA,NA,NA
12077,Under Construction,Dec '26,12,Y,Kalpataru Ltd.,MCGM,10,19500000,1.95 Cr,"Ceramic Tiles,Granite,Vitrified",No/Rare Powercut,Monthly,6500,500000,Opp To Oberoi International School,1200,Kalpataru Vivant,16250,618,Jogeshwari Vikhroli Link Road,East Facing Property,Sq-ft,Y,Freehold,Unfurnished,2,1 Covered,East,"Garden/Park, Pool",New Property,12 of 20 Floor,Apartment,Mumbai,2,Agent,20,Water Availability 24 Hours Available,F,1200,Sq-ft,Y,Bachelors/Family,"Jogeshwari Vikhroli Link Road, Mumbai",2 BHK Flat,Sq-ft,0,NA,NA,Y,1,1,1,1,1,1,1,1,1,1,1,1,1,1,1,1,1,1,1,1,1,1,1,1,1,1,1,1,1,1,1,1,1,1,1,1,1,1,1,1,1,1,1,1,1,1,1,1,1,1,1,1,1,1,1,1,1,1,1,1,1,1,1,1,1,1,1,1,1,1,1,1,1,1,1,1,1,1,1,1,1,1,1,1,1,1,1,1,1,1,NA,NA,NA,NA,NA
12076,Ready to Move,NA,16,N,Avant Group,NA,NA,11000000,1.10 Cr,NA,NA,NA,NA,NA,NA,458,Avant Heritage 2,24017,NA,Jogeshwari East,NA,Sq-ft,N,NA,Unfurnished,2,NA,NA,NA,Resale,16 of 22 Floor,Apartment,Mumbai,1,Owner,22,NA,F,458,NA,N,Bachelors/Family,"Jogeshwari East, Mumbai",1 BHK Flat,Sq-ft,0,NA,NA,NA,0,0,0,0,0,0,0,0,0,0,0,0,0,0,0,0,0,0,0,0,0,0,0,0,0,0,0,0,0,0,0,0,0,0,0,0,0,0,0,0,0,0,0,0,0,0,0,0,0,0,0,0,0,0,0,0,0,0,0,0,0,0,0,0,0,0,0,0,0,0,0,0,0,0,0,0,0,0,0,0,0,0,0,0,0,0,0,0,0,0,NA,NA,NA,NA,NA
12075,Ready to Move,NA,4,N,NA,NA,NA,4500000,45 Lac,NA,NA,NA,NA,NA,ambewadi,225,NA,20000,225,Jogeshwari East,NA,Sq-ft,Y,Co-operative Society,Unfurnished,1,NA,North,Main Road,Resale,4 of 7 Floor,Apartment,Mumbai,1,Owner,7,NA,F,225,Sq-ft,N,Bachelors/Family,"Jogeshwari East, Mumbai",1 BHK Flat,Sq-ft,0,10 to 15 years,NA,NA,0,1,0,0,0,0,0,0,0,0,0,0,0,0,0,0,0,0,0,0,0,0,0,0,0,0,1,0,0,0,0,0,0,0,0,0,0,0,0,0,0,0,0,0,0,0,0,0,0,0,0,0,0,0,0,0,0,0,0,0,0,0,0,0,0,0,0,0,0,0,0,0,0,0,0,0,0,0,0,0,0,0,0,0,0,0,0,0,0,0,NA,NA,NA,NA,NA
12074,Ready to Move,NA,4,N,Dipti Builder,NA,NA,13500000,1.35 Cr,NA,NA,NA,NA,500000,NA,NA,Dipti Sweta CHS,NA,452,Natwar Nagar,NA,NA,N,NA,Furnished,2,NA,NA,NA,Resale,4 of 7 Floor,Apartment,Mumbai,1,Owner,7,NA,F,NA,Sq-ft,Y,Bachelors/Family,"Natwar Nagar, Mumbai",1 BHK Flat,NA,0,5 to 10 years,NA,NA,0,0,0,0,0,0,0,0,0,0,0,0,0,0,0,0,0,0,0,0,0,0,0,0,0,0,0,0,0,0,0,0,0,0,0,0,0,0,0,0,0,0,0,0,0,0,0,0,0,0,0,0,0,0,0,0,0,0,0,0,0,0,0,0,0,0,0,0,0,0,0,0,0,0,0,0,0,0,0,0,0,0,0,0,0,0,0,0,0,0,NA,NA,NA,NA,NA
12073,Ready to Move,NA,4,N,NA,NA,NA,5500000,55 Lac,NA,NA,NA,NA,NA,NA,275,NA,20000,NA,Jogeshwari East,NA,Sq-ft,N,NA,Semi-Furnished,1,NA,NA,NA,Resale,4 of 7 Floor,Apartment,Mumbai,1,Owner,7,NA,F,275,NA,Y,Bachelors/Family,"Jogeshwari East, Mumbai",1 BHK Flat,Sq-ft,0,NA,NA,NA,0,0,0,0,0,0,0,0,0,0,0,0,0,0,0,0,0,0,0,0,0,0,0,0,0,0,0,0,0,0,0,0,0,0,0,0,0,0,0,0,0,0,0,0,0,0,0,0,0,0,0,0,0,0,0,0,0,0,0,0,0,0,0,0,0,0,0,0,0,0,0,0,0,0,0,0,0,0,0,0,0,0,0,0,0,0,0,0,0,0,NA,NA,NA,NA,NA
12072,Ready to Move,Nov '17,9,N,BBJ Worldwide,NA,NA,6500000,65 Lac,NA,NA,Monthly,NA,NA,NA,590,BBJ Siena,11017,NA,Indira Nagar,NA,Sq-ft,N,NA,Unfurnished,1,NA,NA,NA,Resale,9 of 21 Floor,Apartment,Mumbai,1,Owner,21,NA,F,590,NA,Y,Bachelors/Family,"Indira Nagar, Mumbai",1 BHK Flat,Sq-ft,0,NA,1,NA,0,0,0,0,0,0,0,0,0,0,0,0,0,0,0,0,0,0,0,0,0,0,0,0,0,0,0,0,0,0,0,0,0,0,0,0,0,0,0,0,0,0,0,0,0,0,0,0,0,0,0,0,0,0,0,0,0,0,0,0,0,0,0,0,0,0,0,0,0,0,0,0,0,0,0,0,0,0,0,0,0,0,0,0,0,0,0,0,0,0,NA,NA,NA,NA,NA
12071,Ready to Move,NA,5,N,Atul Projects,NA,1,16100000,1.61 Cr,NA,No/Rare Powercut,NA,NA,NA,"Accessibility from WEH, EEH, Andheri  GHK Road",NA,Hillcrest,NA,769,Jogeshwari Vikhroli Link Road,NA,NA,N,Freehold,Unfurnished,1,NA,North,"Garden/Park, Main Road",Resale,5 of 14 Floor,Apartment,Mumbai,1,Owner,14,Water Availability 24 Hours Available,F,NA,Sq-ft,Y,Bachelors/Family,"Jogeshwari Vikhroli Link Road, Mumbai",1 BHK Flat,NA,0,Less than 5 years,1,NA,0,1,0,0,0,0,1,0,0,0,0,0,0,0,0,0,0,0,0,0,0,0,0,0,0,0,0,0,0,0,0,0,0,0,0,0,0,0,0,0,0,0,0,0,0,0,0,0,0,0,0,0,0,0,0,0,0,0,0,0,0,0,0,0,0,0,0,0,0,0,0,0,0,0,0,0,0,0,0,0,0,0,0,0,0,0,0,0,0,0,NA,NA,NA,NA,NA
12070,Ready to Move,NA,23,Y,Oberoi Realty Ltd.,NA,NA,69000000,6.90 Cr,Marble,NA,NA,NA,NA,NA,1820,Oberoi Splendor Grande,37912,NA,Jogeshwari East,East Facing Property,Sq-ft,N,Freehold,Semi-Furnished,3,2 Covered,East,"Garden/Park, Pool",Resale,23 of 27 Floor,Apartment,Mumbai,3,Owner,27,NA,F,1820,NA,Y,Bachelors/Family,"Jogeshwari East, Mumbai",3 BHK Flat,Sq-ft,0,5 to 10 years,NA,NA,1,1,1,1,1,1,1,1,1,1,1,1,1,1,1,1,1,1,1,1,1,1,1,1,1,1,1,1,1,1,1,1,1,1,1,1,1,1,1,1,1,1,1,1,1,1,1,1,1,1,1,1,1,1,1,1,1,1,1,1,1,1,1,1,1,1,1,1,1,1,1,1,1,1,1,1,1,1,1,1,1,1,1,1,1,1,1,1,1,1,NA,NA,NA,NA,NA
12069,Ready to Move,NA,6,Y,Oberoi Realty Ltd.,MCGM,5,35000000,3.50 Cr,Vitrified,No/Rare Powercut,Monthly,15000,500000,"jvlr near ganesh temple ,majas depot",1377,Oberoi Splendor,25417,863,Jogeshwari Vikhroli Link Road,NA,Sq-ft,N,Co-operative Society,Semi-Furnished,2,1 Covered,North,Garden/Park,Resale,6 of 27 Floor,Apartment,Mumbai,3,Agent,27,Water Availability 24 Hours Available,F,1377,Sq-ft,Y,Bachelors/Family,"Jogeshwari Vikhroli Link Road, Mumbai",3 BHK Flat,Sq-ft,0,10 to 15 years,2,NA,1,1,1,1,1,1,1,1,1,1,1,1,1,1,1,1,1,1,1,1,1,1,1,1,1,1,1,1,1,1,1,1,1,1,1,1,1,1,1,1,1,1,1,1,1,1,1,1,1,1,1,1,1,1,1,1,1,1,1,1,1,1,1,1,1,1,1,0,1,1,1,1,1,1,1,1,1,1,1,1,1,1,1,1,1,1,1,1,1,1,NA,NA,NA,NA,NA
12068,Under Construction,Dec '25,5,Y,JP Infra Realty Pvt Ltd,NA,NA,9500000,95 Lac,NA,NA,NA,NA,100000,At Western express Highway in between Andheri and jogeshwari,NA,Codename Highway Touch,NA,440,Jogeshwari East,NA,NA,Y,Co-operative Society,Unfurnished,2,NA,East,"Garden/Park, Pool, Main Road",New Property,5 of 21 Floor,Apartment,Mumbai,1,Agent,21,NA,F,NA,Sq-ft,Y,Bachelors/Family,"Jogeshwari East, Mumbai",1 BHK Flat,NA,0,NA,NA,NA,1,1,1,1,1,1,1,1,1,1,1,1,1,1,1,1,1,1,1,1,1,1,1,1,1,1,1,1,1,1,1,1,1,1,1,1,1,1,1,1,1,1,1,1,1,1,1,1,1,1,1,1,1,1,1,1,1,1,1,1,1,1,1,1,1,1,1,1,0,1,1,1,1,1,1,1,1,1,1,1,1,1,1,1,1,1,1,1,1,1,NA,NA,NA,NA,NA
12067,Under Construction,Dec '26,17,Y,Kalpataru Ltd.,MCGM,7,33600000,3.36 Cr,Ceramic Tiles,No/Rare Powercut,Monthly,16140,1100000,"its is best connected with Highway, Railway, Garden, Metro.",1775,Kalpataru Vivant,18929,1076,Jogeshwari Vikhroli Link Road,NA,Sq-ft,Y,Freehold,Unfurnished,3,2 Covered,East,"Garden/Park, Pool, Main Road",New Property,17 of 22 Floor,Apartment,Mumbai,3,Agent,22,Water Availability 24 Hours Available,F,1775,Sq-ft,Y,Bachelors/Family,"Jogeshwari Vikhroli Link Road, Mumbai",3 BHK Flat,Sq-ft,0,NA,1,Y,1,1,1,1,1,1,1,1,1,1,1,1,1,1,1,1,1,1,1,1,1,1,1,1,1,1,1,1,1,1,1,1,1,1,1,1,1,1,1,1,1,1,1,1,1,1,1,1,1,1,1,1,1,1,1,1,1,1,1,1,1,1,1,1,1,1,1,1,1,0,1,1,1,1,1,1,1,1,1,1,1,1,1,1,1,1,1,1,1,1,NA,NA,NA,NA,NA
12066,Ready to Move,Dec '22,1,Y,NA,ABAMNC,2,5117000,51.2 Lac,Vitrified,No/Rare Powercut,Yearly,23112,500000,"Bananalipur, Agartala",963,NA,5313,NA,Banamalipur,NA,Sq-ft,Y,Freehold,Semi-Furnished,2,1 Covered,North,Main Road,New Property,1 of 4 Floor,Apartment,Agartala,2,Agent,4,Water Availability 24 Hours Available,F,963,NA,Y,Bachelors/Family,"Banamalipur, Agartala",2 BHK Flat,Sq-ft,0,NA,2,NA,1,1,1,1,1,1,1,1,1,1,1,1,1,1,1,1,1,1,1,1,1,1,1,1,1,1,1,1,1,1,1,1,1,1,1,1,1,1,1,1,1,1,1,1,1,1,1,1,1,1,1,1,1,1,1,1,1,1,1,1,1,1,1,1,1,1,1,1,1,1,1,1,1,1,1,1,1,1,1,1,1,1,1,1,1,1,1,1,1,1,NA,NA,NA,NA,NA
12065,Ready to Move,NA,11,N,Atul Projects,MCGM,10,17500000,1.75 Cr,Vitrified,No/Rare Powercut,Monthly,4500,1000000,Opp Speez Gate no 3,1424,Hillcrest,12289,890,Jogeshwari Vikhroli Link Road,NA,Sq-ft,Y,Leasehold,Unfurnished,2,1 Covered,East,Main Road,New Property,11 of 21 Floor,Apartment,Mumbai,2,Agent,21,Water Availability 24 Hours Available,F,1424,Sq-ft,Y,Bachelors/Family,"Jogeshwari Vikhroli Link Road, Mumbai",2 BHK Flat,Sq-ft,0,New Construction,3,Y,1,1,1,1,1,1,1,1,1,1,1,1,1,1,1,1,1,1,1,1,1,1,1,1,1,1,1,1,1,1,1,1,1,1,1,1,1,1,1,1,1,1,1,1,1,1,1,1,1,1,1,1,1,1,1,1,1,1,1,1,1,1,1,1,1,1,1,1,1,1,1,1,1,1,1,1,1,1,1,1,1,1,1,1,1,1,1,1,1,1,NA,NA,NA,NA,NA
12064,Under Construction,Dec '26,16,N,Kalpataru Ltd.,MCGM,7,33600000,3.36 Cr,Ceramic Tiles,No/Rare Powercut,Monthly,10760,1100000,"its is best connected with Highway, Railway, Metro, Mall, Garden Park.",1775,Kalpataru Vivant,18929,1076,Jogeshwari Vikhroli Link Road,NA,Sq-ft,Y,Freehold,Unfurnished,3,2 Covered,East,"Garden/Park, Pool, Main Road",New Property,16 of 20 Floor,Apartment,Mumbai,3,Agent,20,Water Availability 24 Hours Available,F,1775,Sq-ft,Y,Bachelors/Family,"Jogeshwari Vikhroli Link Road, Mumbai",3 BHK Flat,Sq-ft,0,NA,2,Y,1,1,1,1,1,1,1,1,1,1,1,1,1,1,1,1,1,1,1,1,1,1,1,1,1,1,1,1,1,1,1,1,1,1,1,1,1,1,1,1,1,1,1,1,1,1,1,1,1,1,1,1,1,1,1,1,1,1,1,1,1,1,1,1,1,1,1,1,1,1,1,1,1,1,1,1,1,1,1,1,1,1,1,1,1,1,1,1,1,1,NA,NA,NA,NA,NA
12063,Under Construction,Dec '25,9,Y,JP Infra Realty Pvt Ltd,MCGM,5,14999000,1.49 Cr,Vitrified,No/Rare Powercut,Monthly,6000,100000,"Near Kenorita Garment Hub, JVLR, Andheri East.",1109,Codename Highway Touch,13524,638,Jogeshwari Vikhroli Link Road,"Near Kenorita Garment Hub, JVLR, Andheri East.",Sq-ft,Y,Freehold,Semi-Furnished,2,1 Covered,North - East,"Garden/Park, Main Road",New Property,9 of 21 Floor,Apartment,Mumbai,2,Agent,21,Water Availability 24 Hours Available,F,1109,Sq-ft,Y,Bachelors/Family,"Jogeshwari Vikhroli Link Road, Mumbai",2 BHK Flat,Sq-ft,0,NA,NA,NA,1,1,1,1,1,1,1,1,1,1,1,1,1,1,1,1,1,1,1,1,1,1,1,1,1,1,1,1,1,1,1,1,1,1,1,1,1,1,1,1,1,1,1,1,1,1,1,1,1,1,1,1,1,1,1,1,1,1,1,1,1,1,1,1,1,1,1,1,1,1,1,1,1,1,1,1,1,1,1,1,1,1,1,1,1,1,1,1,1,1,NA,NA,NA,NA,NA
12062,Ready to Move,NA,5,N,NA,NA,NA,12000000,1.20 Cr,NA,NA,NA,NA,NA,NA,710,NA,16901,NA,Jogeshwari East,NA,Sq-ft,N,NA,Semi-Furnished,1,NA,NA,NA,Resale,5 of 7 Floor,Apartment,Mumbai,1,Owner,7,NA,F,710,NA,Y,Bachelors/Family,"Jogeshwari East, Mumbai",1 BHK Flat,Sq-ft,0,NA,NA,NA,0,0,0,0,0,0,0,0,0,0,0,0,0,0,0,0,0,0,0,0,0,0,0,0,0,0,0,0,0,0,0,0,0,0,0,0,0,0,0,0,0,0,0,0,0,0,0,0,0,0,0,0,0,0,0,0,0,0,0,0,0,0,0,0,0,0,0,0,0,0,0,0,0,0,0,0,0,0,0,0,0,0,0,0,0,0,0,0,0,0,NA,NA,NA,NA,NA
12061,Ready to Move,NA,5,N,NA,NA,1,15300000,1.53 Cr,Marble,No/Rare Powercut,NA,NA,NA,NA,675,NA,22667,500,Natwar Nagar,NA,Sq-ft,N,NA,Furnished,2,NA,NA,Main Road,Resale,5 of 6 Floor,Apartment,Mumbai,1,Owner,6,Water Availability 24 Hours Available,F,675,Sq-ft,Y,Bachelors/Family,"Natwar Nagar, Mumbai",1 BHK Flat,Sq-ft,0,10 to 15 years,NA,NA,1,1,1,1,1,1,1,1,1,1,1,1,1,1,1,1,1,1,1,1,1,1,1,1,1,1,1,1,1,1,1,1,1,1,1,1,1,1,1,1,1,1,1,1,1,1,1,1,1,1,1,1,1,1,1,1,1,1,1,1,1,1,1,1,1,1,1,1,1,1,1,1,1,1,1,1,1,1,1,1,1,1,1,1,1,1,1,1,1,1,NA,NA,NA,NA,NA
12060,Ready to Move,NA,2,N,NA,NA,NA,5500000,55 Lac,NA,NA,NA,NA,100000,NA,NA,NA,NA,225,Jogeshwari East,NA,NA,Y,NA,Unfurnished,1,NA,NA,Main Road,Resale,2 of 2 Floor,Apartment,Mumbai,1,Owner,2,NA,F,NA,Sq-ft,Y,Bachelors/Family,"Jogeshwari East, Mumbai",1 BHK Flat,NA,0,5 to 10 years,NA,NA,1,1,0,0,0,0,0,0,0,0,0,0,0,0,0,0,0,0,0,0,0,0,0,0,0,0,0,0,0,0,0,0,0,0,0,0,0,0,0,0,0,0,0,0,0,0,0,0,0,0,0,0,0,0,0,0,0,0,0,0,0,0,0,0,0,0,0,0,0,0,0,0,0,0,0,0,0,0,0,0,0,0,0,0,0,0,0,0,0,0,NA,NA,NA,NA,NA
12059,Ready to Move,NA,4,N,NA,NA,NA,11500000,1.15 Cr,NA,NA,NA,NA,NA,NA,NA,Hindu Friends Society,NA,370,Natwar Nagar,NA,NA,N,NA,Semi-Furnished,1,NA,NA,NA,Resale,4 of 6 Floor,Apartment,Mumbai,1,Owner,6,NA,F,NA,Sq-ft,Y,Bachelors/Family,"Natwar Nagar, Mumbai",1 BHK Flat,NA,0,15 to 20 years,NA,NA,0,0,0,0,0,0,0,0,0,0,0,0,0,0,0,0,0,0,0,0,0,0,0,0,0,0,0,0,0,0,0,0,0,0,0,0,0,0,0,0,0,0,0,0,0,0,0,0,0,0,0,0,0,0,0,0,0,0,0,0,0,0,0,0,0,0,0,0,0,0,0,0,0,0,0,0,0,0,0,0,0,0,0,0,0,0,0,0,0,0,NA,NA,NA,NA,NA
12058,Ready to Move,NA,NA,N,NA,NA,NA,3800000,38 Lac,NA,NA,NA,NA,3800000,NA,180,NA,21111,180,Indira Nagar,NA,Sq-ft,Y,NA,Semi-Furnished,1,NA,NA,NA,Resale,NA,Residential House,Mumbai,1,Owner,NA,NA,F,180,Sq-ft,Y,Bachelors/Family,NA,NA,Sq-ft,0,Above 20 years,1,NA,0,0,0,0,0,0,0,0,0,0,0,0,0,0,0,0,0,0,0,0,0,0,0,0,0,0,0,0,0,0,0,0,0,0,0,0,0,0,0,0,0,0,0,0,0,0,0,0,0,0,0,0,0,0,0,0,0,0,0,0,0,0,0,0,0,0,0,0,0,0,0,0,0,0,0,0,0,0,0,0,0,0,0,0,0,0,0,0,0,0,NA,NA,NA,NA,NA
12057,Ready to Move,NA,4,N,NA,NA,NA,8200000,82 Lac,NA,NA,NA,NA,NA,NA,320,NA,25625,NA,Jogeshwari East,NA,Sq-ft,N,NA,Semi-Furnished,1,NA,NA,NA,Resale,4 of 8 Floor,Apartment,Mumbai,1,Owner,8,NA,F,320,NA,N,Bachelors/Family,"Jogeshwari East, Mumbai",1 BHK Flat,Sq-ft,0,NA,NA,NA,0,0,0,0,0,0,0,0,0,0,0,0,0,0,0,0,0,0,0,0,0,0,0,0,0,0,0,0,0,0,0,0,0,0,0,0,0,0,0,0,0,0,0,0,0,0,0,0,0,0,0,0,0,0,0,0,0,0,0,0,0,0,0,0,0,0,0,0,0,0,0,0,0,0,0,0,0,0,0,0,0,0,0,0,0,0,0,0,0,0,NA,NA,NA,NA,NA
12056,Ready to Move,NA,8,N,NA,NA,NA,24500000,2.45 Cr,NA,NA,NA,NA,NA,NA,779,NA,31451,NA,Jogeshwari East,NA,Sq-ft,N,NA,Furnished,2,NA,NA,NA,Resale,8 of 10 Floor,Apartment,Mumbai,2,Owner,10,NA,F,779,NA,N,Bachelors/Family,"Jogeshwari East, Mumbai",2 BHK Flat,Sq-ft,0,NA,NA,NA,0,0,0,0,0,0,0,0,0,0,0,0,0,0,0,0,0,0,0,0,0,0,0,0,0,0,0,0,0,0,0,0,0,0,0,0,0,0,0,0,0,0,0,0,0,0,0,0,0,0,0,0,0,0,0,0,0,0,0,0,0,0,0,0,0,0,0,0,0,0,0,0,0,0,0,0,0,0,0,0,0,0,0,0,0,0,0,0,0,0,NA,NA,NA,NA,NA
12055,Ready to Move,NA,1,N,NA,NA,NA,7500000,75 Lac,NA,NA,NA,NA,NA,NA,269,NA,27881,NA,Jogeshwari East,NA,Sq-ft,N,NA,Unfurnished,1,NA,NA,NA,Resale,1 of 7 Floor,Apartment,Mumbai,1,Owner,7,NA,F,269,NA,N,Bachelors/Family,"Jogeshwari East, Mumbai",1 BHK Flat,Sq-ft,0,10 to 15 years,3,NA,0,0,0,0,0,0,0,0,0,0,0,0,0,0,0,0,0,0,0,0,0,0,0,0,0,0,0,0,0,0,0,0,0,0,0,0,0,0,0,0,0,0,0,0,0,0,0,0,0,0,0,0,0,0,0,0,0,0,0,0,0,0,0,0,0,0,0,0,0,0,0,0,0,0,0,0,0,0,0,0,0,0,0,0,0,0,0,0,0,0,NA,NA,NA,NA,NA
12054,Ready to Move,NA,7,N,Satellite Builders Pvt. Ltd.,NA,NA,18500000,1.85 Cr,NA,NA,Monthly,2500,NA,NA,NA,Satellite Classic,NA,600,Jogeshwari East,NA,NA,Y,NA,Furnished,2,NA,NA,NA,Resale,7 of 7 Floor,Apartment,Mumbai,2,Owner,7,NA,F,NA,Sq-ft,N,Bachelors/Family,"Jogeshwari East, Mumbai",2 BHK Flat,NA,0,10 to 15 years,NA,NA,0,0,0,0,0,0,0,0,0,0,0,0,0,0,0,0,0,0,0,0,0,0,0,0,0,0,0,0,0,0,0,0,0,0,0,0,0,0,0,0,0,0,0,0,0,0,0,0,0,0,0,0,0,0,0,0,0,0,0,0,0,0,0,0,0,0,0,0,0,0,0,0,0,0,0,0,0,0,0,0,0,0,0,0,0,0,0,0,0,0,NA,NA,NA,NA,NA
12053,Ready to Move,NA,1,N,NA,NA,NA,4000000,40 Lac,NA,NA,NA,NA,1000000,NA,NA,NA,NA,230,Jogeshwari East,NA,NA,Y,NA,Unfurnished,1,NA,NA,NA,Resale,1 of 1 Floor,Residential House,Mumbai,1,Owner,1,NA,F,NA,Sq-ft,N,Bachelors/Family,NA,NA,NA,0,10 to 15 years,1,NA,0,0,0,0,0,0,0,0,0,0,0,0,0,0,0,0,0,0,0,0,0,0,0,0,0,0,0,0,0,0,0,0,0,0,0,0,0,0,0,0,0,0,0,0,0,0,0,0,0,0,0,0,0,0,0,0,0,0,0,0,0,0,0,0,0,0,0,0,0,0,0,0,0,0,0,0,0,0,0,0,0,0,0,0,0,0,0,0,0,0,NA,NA,NA,NA,NA
12052,Ready to Move,NA,NA,N,NA,NA,NA,3500000,35 Lac,NA,NA,NA,NA,25000,NA,300,NA,11667,280,Jogeshwari Vikhroli Link Road,NA,Sq-ft,Y,NA,Unfurnished,1,NA,NA,NA,Resale,NA,Residential House,Mumbai,1,Owner,NA,NA,F,300,Sq-ft,N,Bachelors/Family,NA,NA,Sq-ft,0,Above 20 years,1,NA,0,0,0,0,0,0,0,0,0,0,0,0,0,0,0,0,0,0,0,0,0,0,0,0,0,0,0,0,0,0,0,0,0,0,0,0,0,0,0,0,0,0,0,0,0,0,0,0,0,0,0,0,0,0,0,0,0,0,0,0,0,0,0,0,0,0,0,0,0,0,0,0,0,0,0,0,0,0,0,0,0,0,0,0,0,0,0,0,0,0,NA,NA,NA,NA,NA
12051,Ready to Move,NA,NA,N,Atul Projects,MCGM,0,23300000,2.33 Cr,Vitrified,No/Rare Powercut,Monthly,8000,1000000,off Jogeshwari Vikhroli link road,1315,Blue Meadows,17718,950,Jogeshwari Vikhroli Link Road,NA,Sq-ft,Y,Freehold,Semi-Furnished,3,1 Covered,East,Main Road,Resale,NA,Apartment,Mumbai,3,Agent,NA,Water Availability 24 Hours Available,F,1315,Sq-ft,Y,Bachelors/Family,"Jogeshwari Vikhroli Link Road, Mumbai",3 BHK Flat,Sq-ft,0,10 to 15 years,3,NA,1,1,1,1,1,1,1,1,1,1,1,1,1,1,1,1,1,1,1,1,1,1,1,1,1,1,1,1,1,1,1,1,1,1,1,1,1,1,1,1,1,1,1,1,1,1,1,1,1,1,1,1,1,1,1,1,1,1,1,1,1,1,1,1,1,1,1,1,1,1,1,1,1,1,1,1,1,1,1,1,1,1,1,1,1,1,1,1,1,1,NA,Y,NA,NA,NA
12050,Ready to Move,NA,NA,N,Atul Projects,MCGM,0,23600000,2.36 Cr,Vitrified,No/Rare Powercut,Monthly,11000,1000000,off Jogeshwari Vikhroli link road,1315,Blue Meadows,17946,950,Jogeshwari Vikhroli Link Road,East Facing Property,Sq-ft,Y,Freehold,Semi-Furnished,3,1 Covered,East,Main Road,Resale,NA,Apartment,Mumbai,3,Agent,NA,Water Availability 24 Hours Available,F,1315,Sq-ft,Y,Bachelors/Family,"Jogeshwari Vikhroli Link Road, Mumbai",3 BHK Flat,Sq-ft,0,10 to 15 years,3,NA,1,1,1,1,1,1,1,1,1,1,1,1,1,1,1,1,1,1,1,1,1,1,1,1,1,1,1,1,1,1,1,1,1,1,1,1,1,1,1,1,1,1,1,1,1,1,1,1,1,1,1,1,1,1,1,1,1,1,1,1,1,1,1,1,1,1,1,1,1,1,1,1,1,1,1,1,1,1,1,1,1,1,1,1,1,1,1,1,1,1,NA,Y,NA,NA,NA
12049,Ready to Move,NA,8,N,NA,NA,NA,30000000,3 Cr,NA,NA,NA,NA,NA,NA,NA,NA,NA,885,Jogeshwari East,NA,NA,Y,NA,Furnished,3,NA,NA,NA,Resale,8 of 12 Floor,Apartment,Mumbai,3,Owner,12,NA,F,NA,Sq-ft,N,Bachelors/Family,"Jogeshwari East, Mumbai",3 BHK Flat,NA,0,5 to 10 years,3,NA,0,0,0,0,0,0,0,0,0,0,0,0,0,0,0,0,0,0,0,0,0,0,0,0,0,0,0,0,0,0,0,0,0,0,0,0,0,0,0,0,0,0,0,0,0,0,0,0,0,0,0,0,0,0,0,0,0,0,0,0,0,0,0,0,0,0,0,0,0,0,0,0,0,0,0,0,0,0,0,0,0,0,0,0,0,0,0,0,0,0,NA,NA,NA,NA,NA
12048,Ready to Move,NA,3,N,Cooperative Group Housing Society,MCGM,NA,7950000,79.5 Lac,Vitrified,No/Rare Powercut,Monthly,1200,100000,Near Meghwadi Police station,550,Rajesh Sarvodaya Chs,15588,400,Jogeshwari East,Near Meghwadi Police station,Sq-ft,Y,Co-operative Society,Semi-Furnished,1,NA,North,Main Road,Resale,3 of 7 Floor,Apartment,Mumbai,1,Owner,7,Water Availability 24 Hours Available,F,550,Sq-ft,N,Bachelors/Family,"Jogeshwari East, Mumbai",1 BHK Flat,Sq-ft,0,10 to 15 years,NA,NA,0,1,0,0,0,0,0,0,1,0,0,1,0,0,0,0,0,0,0,0,0,0,0,0,0,0,0,0,0,0,0,0,0,0,0,0,0,0,0,0,0,0,0,0,0,0,0,0,0,0,0,0,0,0,0,0,0,0,0,0,0,0,0,0,0,0,0,0,0,0,0,0,0,0,0,0,0,0,0,0,0,0,0,0,0,0,0,0,0,0,NA,Y,NA,NA,NA
12047,Ready to Move,NA,6,N,NA,NA,NA,13500000,1.35 Cr,NA,NA,NA,NA,NA,NA,750,NA,18000,NA,Jogeshwari East,NA,Sq-ft,N,NA,Furnished,2,NA,NA,NA,Resale,6 of 7 Floor,Apartment,Mumbai,2,Owner,7,NA,F,750,NA,N,Bachelors/Family,"Jogeshwari East, Mumbai",2 BHK Flat,Sq-ft,0,NA,NA,NA,0,0,0,0,0,0,0,0,0,0,0,0,0,0,0,0,0,0,0,0,0,0,0,0,0,0,0,0,0,0,0,0,0,0,0,0,0,0,0,0,0,0,0,0,0,0,0,0,0,0,0,0,0,0,0,0,0,0,0,0,0,0,0,0,0,0,0,0,0,0,0,0,0,0,0,0,0,0,0,0,0,0,0,0,0,0,0,0,0,0,NA,NA,NA,NA,NA
12046,Ready to Move,NA,7,N,NA,NA,NA,8500000,85 Lac,NA,NA,NA,NA,500000,Near Saraswat bank,330,NA,25758,330,Majas Wadi,East Facing Property,Sq-ft,Y,Co-operative Society,Unfurnished,1,NA,East,NA,Resale,7 of 7 Floor,Apartment,Mumbai,1,Owner,7,NA,F,330,Sq-ft,N,Bachelors/Family,"Majas Wadi, Mumbai",1 BHK Flat,Sq-ft,0,10 to 15 years,NA,NA,0,1,0,0,0,0,0,0,1,1,0,0,0,0,0,0,0,1,0,0,0,0,0,0,0,0,0,0,0,0,0,0,0,0,0,0,0,0,0,0,0,0,0,0,0,0,0,0,0,0,0,0,0,0,0,0,0,0,0,0,0,0,0,0,0,0,0,0,0,0,0,0,0,0,0,0,0,0,0,0,0,0,0,0,0,0,0,0,0,0,NA,NA,NA,NA,NA
12045,Under Construction,Dec '25,10,Y,Kalpataru Ltd.,MCGM,50,12500000,1.25 Cr,"Granite,Vitrified",No/Rare Powercut,Monthly,5500,500000,Jvlr.,650,Kalpataru Vivant,19230,424,Jogeshwari Vikhroli Link Road,NA,Sq-ft,Y,Freehold,Unfurnished,2,1 Covered,North,Main Road,New Property,10 of 22 Floor,Apartment,Mumbai,1,Agent,22,Water Availability 24 Hours Available,F,650,Sq-ft,Y,Bachelors/Family,"Jogeshwari Vikhroli Link Road, Mumbai",1 BHK Flat,Sq-ft,0,NA,NA,NA,1,1,1,1,1,1,1,1,1,1,1,1,1,1,1,1,1,1,1,1,1,1,1,1,1,1,1,1,1,1,1,1,1,1,1,1,1,1,1,1,1,1,1,1,1,1,1,1,1,1,1,1,1,1,1,1,1,1,1,1,1,1,1,1,1,1,1,1,1,1,1,1,1,1,1,1,1,1,1,1,1,1,1,1,1,1,1,1,1,1,NA,NA,NA,NA,NA
12044,Ready to Move,NA,7,N,NA,NA,NA,5100000,51 Lac,Ceramic Tiles,NA,NA,NA,NA,"Near western express Highway, metro station, railway station",225,Sai Siddhi Sankul ,22667,NA,Jogeshwari East,"Near western express Highway, metro station, railway station",Sq-ft,N,Co-operative Society,Unfurnished,1,"1 Covered, 1 Open",West,NA,Resale,7 of 7 Floor,Apartment,Mumbai,1,Owner,7,NA,F,225,NA,N,Bachelors/Family,"Jogeshwari East, Mumbai",1 BHK Flat,Sq-ft,0,10 to 15 years,NA,NA,1,1,1,1,1,1,1,1,1,1,1,1,1,1,1,1,1,1,1,1,1,1,1,1,1,1,1,1,1,1,1,1,1,1,1,1,1,1,1,1,1,1,1,1,1,1,1,1,1,1,1,1,1,1,1,1,1,1,1,1,1,1,1,1,1,1,1,1,1,1,1,1,1,1,1,1,1,1,1,1,1,1,1,1,1,1,1,1,1,1,NA,NA,NA,NA,NA
12043,Under Construction,NA,5,N,NA,NA,NA,15000000,1.50 Cr,NA,NA,NA,NA,NA,NA,548,NA,27372,NA,Jogeshwari East,NA,Sq-ft,N,NA,Unfurnished,1,NA,NA,NA,Resale,5 of 11 Floor,Apartment,Mumbai,1,Owner,11,NA,F,548,NA,Y,Bachelors/Family,"Jogeshwari East, Mumbai",1 BHK Flat,Sq-ft,0,NA,1,NA,1,1,0,0,0,0,0,0,1,0,0,1,1,0,0,0,0,1,0,0,0,0,0,0,0,0,0,0,0,0,0,0,0,0,0,0,0,0,0,0,0,0,0,0,0,0,0,0,0,0,0,0,0,0,0,0,0,0,0,0,0,0,0,0,0,0,0,0,0,0,0,0,0,0,0,0,0,0,0,0,0,0,0,0,0,0,0,0,0,0,NA,NA,NA,NA,NA
12042,Ready to Move,NA,6,N,Divine Space,MCGM,0,25555555,2.55 Cr,Vitrified,No/Rare Powercut,Monthly,4500,200000,"Lily white Building, JVLR, Mumbai",1115,Lily White,22919,797,Jogeshwari Vikhroli Link Road,NA,Sq-ft,Y,Freehold,Semi-Furnished,2,1 Open,East,"Garden/Park, Main Road",Resale,6 of 11 Floor,Apartment,Mumbai,2,Agent,11,Water Availability 24 Hours Available,F,1115,Sq-ft,Y,Bachelors/Family,"Jogeshwari Vikhroli Link Road, Mumbai",2 BHK Flat,Sq-ft,0,5 to 10 years,NA,Y,1,1,1,1,1,1,1,1,1,1,1,1,1,1,1,1,1,1,1,1,1,1,1,1,1,1,1,1,1,1,1,1,1,1,1,1,1,1,1,1,1,1,1,1,1,1,1,1,1,1,1,1,1,1,1,1,1,1,1,1,1,1,1,1,1,1,1,1,1,1,1,1,1,1,1,1,1,1,1,1,1,1,1,1,1,1,1,1,1,1,NA,NA,NA,NA,NA
12041,Under Construction,Dec '25,9,Y,JP Infra Realty Pvt Ltd,MCGM,25,14000000,1.40 Cr,Vitrified,No/Rare Powercut,Monthly,3500,1000000,Nr Hubtown Viva,848,Codename Highway Touch,16509,530,Jogeshwari East,East Facing Property,Sq-ft,Y,Leasehold,Unfurnished,2,1 Covered,East,Main Road,New Property,9 of 21 Floor,Apartment,Mumbai,2,Agent,21,Water Availability 24 Hours Available,F,848,Sq-ft,Y,Bachelors/Family,"Jogeshwari East, Mumbai",2 BHK Flat,Sq-ft,0,NA,NA,Y,1,1,1,1,1,1,1,1,1,1,1,1,1,1,1,1,1,1,1,1,1,1,1,1,1,1,1,1,1,1,1,1,1,1,1,1,1,1,1,1,1,1,1,1,1,1,1,1,1,1,1,1,1,1,1,1,1,1,1,1,1,1,1,1,1,1,1,1,0,1,1,1,1,1,1,1,1,1,1,1,1,1,1,1,1,1,1,1,1,1,NA,NA,NA,NA,NA
12040,Under Construction,Dec '25,5,Y,JP Infra Realty Pvt Ltd,MCGM,50,9900000,99 Lac,Vitrified,No/Rare Powercut,Monthly,2500,1000000,Nr Hubtown Viva,596,Codename Highway Touch,16610,373,Jogeshwari East,East Facing Property,Sq-ft,Y,Leasehold,Unfurnished,2,1 Covered,East,Main Road,New Property,5 of 21 Floor,Apartment,Mumbai,1,Agent,21,Water Availability 24 Hours Available,F,596,Sq-ft,Y,Bachelors/Family,"Jogeshwari East, Mumbai",1 BHK Flat,Sq-ft,0,NA,NA,Y,1,1,1,1,1,1,1,1,1,1,1,1,1,1,1,1,1,1,1,1,1,1,1,1,1,1,1,1,1,1,1,1,1,1,1,1,1,1,1,1,1,1,1,1,1,1,1,1,1,1,1,1,1,1,1,1,1,1,1,1,1,1,1,1,1,1,1,1,1,1,1,1,1,1,1,1,1,1,1,1,1,1,1,1,1,1,1,1,1,1,NA,NA,NA,NA,NA
12039,Under Construction,Dec '24,12,N,NA,MCGM,1,14200000,1.42 Cr,Vitrified,No/Rare Powercut,Monthly,7500,500000,Railway Station,1125,NA,12622,682,Jogeshwari East,East Facing Property,Sq-ft,Y,Freehold,Unfurnished,2,1 Covered,East,Garden/Park,New Property,12 of 18 Floor,Apartment,Mumbai,2,Agent,18,Water Availability 24 Hours Available,F,1125,Sq-ft,Y,Bachelors/Family,"Jogeshwari East, Mumbai",2 BHK Flat,Sq-ft,0,NA,NA,Y,1,1,1,1,1,1,1,1,1,1,1,1,1,1,1,1,1,1,1,1,1,1,1,1,1,1,1,1,1,1,1,1,1,1,1,1,1,1,1,1,1,1,1,1,1,1,1,1,1,1,1,1,1,1,1,1,1,1,1,1,1,1,1,1,1,1,1,1,1,1,1,1,1,1,1,1,1,1,1,1,1,1,1,1,1,1,1,1,1,1,NA,NA,NA,NA,NA
12038,Ready to Move,NA,2,N,NA,NA,NA,10500000,1.05 Cr,NA,NA,NA,NA,NA,NA,553,Hindu Friends Society,18987,410,Natwar Nagar,NA,Sq-ft,N,Co-operative Society,Semi-Furnished,3,NA,NA,NA,Resale,2 of 7 Floor,Apartment,Mumbai,1,Owner,7,NA,F,553,Sq-ft,Y,Bachelors/Family,"Natwar Nagar, Mumbai",1 BHK Flat,Sq-ft,0,10 to 15 years,NA,NA,0,1,0,0,0,0,0,0,1,1,0,0,0,1,0,0,0,1,0,1,0,0,0,0,0,1,0,0,0,0,0,0,0,0,0,0,0,0,0,0,0,0,0,0,0,0,0,0,0,0,0,0,0,0,0,0,0,0,0,0,0,0,0,0,0,0,0,0,0,0,0,0,0,0,0,0,0,0,0,0,0,0,0,0,0,0,0,0,0,0,NA,NA,NA,NA,NA
12037,Ready to Move,NA,15,N,Avant Group,MCGM,0,15000000,1.50 Cr,"Vitrified,Ceramic Tiles",No/Rare Powercut,Monthly,NA,1000000,"Property is located close to JVLR, Jogeshwari Station  Metro line 7.",396,Avant Heritage,37878,NA,Jogeshwari Vikhroli Link Road,NA,Sq-ft,Y,Freehold,Furnished,2,1 Covered,South -West,Main Road,Resale,15 of 23 Floor,Apartment,Mumbai,1,Owner,23,Water Availability 24 Hours Available,F,396,NA,Y,Bachelors/Family,"Jogeshwari Vikhroli Link Road, Mumbai",1 BHK Flat,Sq-ft,0,Less than 5 years,NA,NA,1,1,1,1,1,1,1,1,1,1,1,1,1,1,1,1,1,1,1,1,1,1,1,1,1,1,1,1,1,1,1,1,1,1,1,1,1,1,1,1,1,1,1,1,1,1,1,1,1,1,1,1,1,1,1,1,1,1,1,1,1,1,1,1,1,1,1,1,1,1,1,1,1,1,1,1,1,1,1,1,1,1,1,1,1,1,1,1,1,1,NA,NA,NA,NA,NA
12036,Ready to Move,NA,2,N,NA,NA,NA,12500000,1.25 Cr,NA,NA,NA,NA,NA,NA,610,NA,20492,450,Jogeshwari Vikhroli Link Road,NA,Sq-ft,Y,Freehold,Unfurnished,1,NA,West,Garden/Park,Resale,2 of 7 Floor,Apartment,Mumbai,1,Owner,7,NA,F,610,Sq-ft,Y,Bachelors/Family,"Jogeshwari Vikhroli Link Road, Mumbai",1 BHK Flat,Sq-ft,0,10 to 15 years,NA,NA,0,1,0,0,0,0,1,0,1,0,0,0,0,0,1,0,1,1,1,0,0,0,0,0,0,0,0,0,0,0,0,0,0,0,0,0,0,0,0,0,0,0,0,0,0,0,0,0,0,0,0,0,0,0,0,0,0,0,0,0,0,0,0,0,0,0,0,0,0,0,0,0,0,0,0,0,0,0,0,0,0,0,0,0,0,0,0,0,0,0,NA,NA,NA,NA,NA
12035,Ready to Move,NA,6,N,NA,MCGM,1,15000000,1.50 Cr,Vitrified,No/Rare Powercut,NA,NA,NA,"Very near to Jogeshwari station, western highway  metro. Market near",800,NA,18750,524,Natwar Nagar,NA,Sq-ft,N,Co-operative Society,Unfurnished,2,NA,North - East,NA,Resale,6 of 9 Floor,Apartment,Mumbai,2,Owner,9,Water Availability 24 Hours Available,F,800,Sq-ft,Y,Bachelors/Family,"Natwar Nagar, Mumbai",2 BHK Flat,Sq-ft,0,5 to 10 years,2,NA,1,1,1,1,1,1,1,1,1,1,1,1,1,1,1,1,1,1,1,1,1,1,1,1,1,1,1,1,1,1,1,1,1,1,1,1,1,1,1,1,1,1,1,1,1,1,1,1,1,1,1,1,1,1,1,1,1,1,1,1,1,1,1,1,1,1,1,1,1,1,1,1,1,1,1,1,1,1,1,1,1,1,1,1,1,1,1,1,1,1,NA,Y,NA,NA,NA
12034,Ready to Move,NA,12,N,Oberoi Realty Ltd.,MCGM,2,37000000,3.70 Cr,Vitrified,No/Rare Powercut,Monthly,12500,1100000,Opposite Majas Bus Depot,1377,Oberoi Splendor,26870,987,Jogeshwari Vikhroli Link Road,Opposite Majas Bus Depot,Sq-ft,Y,Freehold,Semi-Furnished,2,1 Covered,South - East,"Garden/Park, Pool",Resale,12 of 27 Floor,Apartment,Mumbai,3,Agent,27,Water Availability 24 Hours Available,F,1377,Sq-ft,Y,Bachelors/Family,"Jogeshwari Vikhroli Link Road, Mumbai",3 BHK Flat,Sq-ft,0,5 to 10 years,2,NA,1,1,1,1,1,1,1,1,1,1,1,1,1,1,1,1,1,1,1,1,1,1,1,1,1,1,1,1,1,1,1,1,1,1,1,1,1,1,1,1,1,1,1,1,1,1,1,1,1,1,1,1,1,1,1,1,1,1,1,1,1,1,1,1,1,1,1,1,1,1,1,1,1,1,1,1,1,1,1,1,1,1,1,1,1,1,1,1,1,1,NA,Y,NA,NA,NA
12033,Under Construction,Jun '23,7,N,NA,NA,NA,36000000,3.60 Cr,NA,NA,NA,NA,3600000,near to railway station and college ground,2000,NA,18000,1230,Jogeshwari East,NA,Sq-ft,Y,Freehold,Unfurnished,4,NA,North,Main Road,Resale,7 of 8 Floor,Apartment,Mumbai,4,Agent,8,NA,F,2000,Sq-ft,Y,Bachelors/Family,"Jogeshwari East, Mumbai",4 BHK Flat,Sq-ft,0,NA,NA,NA,0,1,1,0,0,1,0,1,1,0,0,1,0,0,1,1,1,0,1,0,0,0,0,0,0,0,1,1,0,0,0,0,0,0,0,0,0,0,0,0,0,0,0,0,0,0,0,0,0,0,0,0,0,0,0,0,0,0,0,0,0,0,0,0,0,0,0,0,0,0,0,0,0,0,0,0,0,0,0,0,0,0,0,0,0,0,0,0,0,0,NA,NA,NA,NA,NA
12032,Ready to Move,NA,2,N,NA,NA,1,125000000,12.50 Cr,"Ceramic Tiles,Marble",No/Rare Powercut,NA,NA,15000000,"Near Cricket Club of India, Brabourne Stadium",2000,NA,62500,1740,Jogeshwari East,"Near Cricket Club of India, Brabourne Stadium",Sq-ft,N,Freehold,Furnished,4,1 Covered,North,"Garden/Park, Main Road",Resale,2 of 7 Floor,Apartment,Mumbai,3,Owner,7,Water Availability 24 Hours Available,F,2000,Sq-ft,Y,Bachelors/Family,"Jogeshwari East, Mumbai",3 BHK Flat,Sq-ft,0,Above 20 years,3,NA,0,1,0,0,0,0,0,1,1,0,0,0,0,1,0,0,1,1,0,0,0,0,0,0,0,0,0,0,0,0,0,0,0,0,0,0,0,0,0,0,0,0,0,0,0,0,0,0,0,0,0,0,0,0,0,0,0,0,0,0,0,0,0,0,0,0,0,0,0,0,0,0,0,0,0,0,0,0,0,0,0,0,0,0,0,0,0,0,0,0,NA,Y,NA,NA,NA
12031,Ready to Move,NA,1,N,Satellite Builders Pvt. Ltd.,ABAMNC,1,14600000,1.46 Cr,Marble,NA,Monthly,2000,500000,Near Jogeshwari East Railway Station,560,Satellite Classic,26071,415,Jogeshwari East,Near Jogeshwari East Railway Station,Sq-ft,N,Freehold,Unfurnished,2,NA,South,Garden/Park,Resale,1 of 7 Floor,Apartment,Mumbai,1,Owner,7,NA,F,560,Sq-ft,Y,Bachelors/Family,"Jogeshwari East, Mumbai",1 BHK Flat,Sq-ft,0,15 to 20 years,NA,NA,1,1,1,1,1,1,1,1,1,1,1,1,1,1,1,1,1,1,1,1,1,1,1,1,1,1,1,1,1,1,1,1,1,1,1,1,1,1,1,1,1,1,1,1,1,1,1,1,1,1,1,1,1,1,1,1,1,1,1,1,1,1,1,1,1,1,1,0,1,1,1,1,1,1,1,1,1,1,1,1,1,1,1,1,1,1,1,1,1,1,NA,Y,NA,NA,NA
12030,Ready to Move,NA,21,N,Avant Group,NA,NA,12500000,1.25 Cr,NA,NA,NA,NA,NA,NA,675,Avant Heritage,18519,410,Jogeshwari East,NA,Sq-ft,Y,Co-operative Society,Unfurnished,2,NA,North,NA,Resale,21 of 23 Floor,Apartment,Mumbai,1,Owner,23,NA,F,675,Sq-ft,Y,Bachelors/Family,"Jogeshwari East, Mumbai",1 BHK Flat,Sq-ft,0,New Construction,NA,NA,1,0,1,0,0,0,0,0,1,0,1,1,1,1,0,1,0,0,0,0,0,0,0,0,0,0,0,0,0,0,0,0,0,0,0,0,0,0,0,0,0,0,0,0,0,0,0,0,0,0,0,0,0,0,0,0,0,0,0,0,0,0,0,0,0,0,0,0,0,0,0,0,0,0,0,0,0,0,0,0,0,0,0,0,0,0,0,0,0,0,NA,NA,NA,NA,NA
12029,Ready to Move,NA,11,N,Divine Space,ABARWA,NA,37500000,3.75 Cr,Vitrified,No/Rare Powercut,NA,0,0,Near Majas Bus Depot,1685,Lily White,22255,1055,Jogeshwari East,NA,Sq-ft,Y,Co-operative Society,Furnished,3,"1 Covered, 1 Open",North - East,"Garden/Park, Main Road",Resale,11 of 11 Floor,Apartment,Mumbai,3,Owner,11,Water Availability 24 Hours Available,F,1685,Sq-ft,Y,Bachelors/Family,"Jogeshwari East, Mumbai",3 BHK Flat,Sq-ft,0,Less than 5 years,2,NA,1,1,0,1,1,1,1,1,1,0,1,1,1,1,1,1,1,1,1,1,1,1,1,0,0,0,0,1,1,0,0,0,0,0,0,0,0,0,0,0,0,0,0,0,0,0,0,0,0,0,0,0,0,0,0,0,0,0,0,0,0,0,0,0,0,0,0,0,0,0,0,0,0,0,0,0,0,0,0,0,0,0,0,0,0,0,0,0,0,0,NA,Y,NA,NA,NA
12028,Ready to Move,NA,5,N,Metro Associates,ABARWA,1,14000000,1.40 Cr,Vitrified,NA,NA,0,0,Near Western Express Highway,580,Govardhan Complex,24138,479,Jogeshwari East,East Facing Property,Sq-ft,N,Freehold,Unfurnished,2,NA,East,Main Road,Resale,5 of 7 Floor,Apartment,Mumbai,1,Owner,7,NA,F,580,Sq-ft,Y,Bachelors/Family,"Jogeshwari East, Mumbai",1 BHK Flat,Sq-ft,0,5 to 10 years,2,NA,1,1,1,1,1,1,1,1,1,1,1,1,1,1,1,1,1,1,1,1,1,1,1,1,1,1,1,1,1,1,1,1,1,1,1,1,1,1,1,1,1,1,1,1,1,1,1,1,1,1,1,1,1,1,1,1,1,1,1,1,1,1,1,1,1,1,1,1,1,1,0,1,1,1,1,1,1,1,1,1,1,1,1,1,1,1,1,1,1,1,NA,Y,NA,NA,NA
12027,Ready to Move,NA,5,N,NA,NA,NA,10200000,1.02 Cr,NA,NA,NA,NA,200000,NA,487,Hindu Friends Society,20945,348,Natwar Nagar,NA,Sq-ft,Y,NA,Unfurnished,2,NA,NA,NA,Resale,5 of 18 Floor,Apartment,Mumbai,1,Owner,18,NA,F,487,Sq-ft,Y,Bachelors/Family,"Natwar Nagar, Mumbai",1 BHK Flat,Sq-ft,0,New Construction,NA,NA,0,0,0,0,0,0,0,0,0,0,0,0,0,0,0,0,0,0,0,0,0,0,0,0,0,0,0,0,0,0,0,0,0,0,0,0,0,0,0,0,0,0,0,0,0,0,0,0,0,0,0,0,0,0,0,0,0,0,0,0,0,0,0,0,0,0,0,0,0,0,0,0,0,0,0,0,0,0,0,0,0,0,0,0,0,0,0,0,0,0,NA,NA,NA,NA,NA
12026,Ready to Move,NA,13,N,Oberoi Realty Ltd.,MCGM,0,70000000,7 Cr,NA,No/Rare Powercut,Monthly,NA,2500000,"jvlr, near oberoi international school",2600,Oberoi Prisma,26923,1691,Jogeshwari Vikhroli Link Road,NA,Sq-ft,Y,Co-operative Society,Semi-Furnished,4,4 Covered,East,Main Road,Resale,13 of 32 Floor,Apartment,Mumbai,4,Agent,32,Water Availability 24 Hours Available,F,2600,Sq-ft,Y,Bachelors/Family,"Jogeshwari Vikhroli Link Road, Mumbai",4 BHK Flat,Sq-ft,0,10 to 15 years,1,NA,1,1,1,1,1,1,1,1,1,1,1,1,1,1,1,1,1,1,1,1,1,1,1,1,1,1,1,1,1,1,1,1,1,1,1,1,1,1,1,1,1,1,1,1,1,1,1,1,1,1,1,1,1,1,1,1,1,1,1,1,1,1,1,1,1,1,1,1,1,0,1,1,1,1,1,1,1,1,1,1,1,1,1,1,1,1,1,1,1,1,NA,NA,NA,NA,NA
12025,Under Construction,Nov '25,10,N,Kalpataru Ltd.,MCGM,1,20800000,2.08 Cr,"Mosaic,Vitrified,Ceramic Tiles,Marble,Granite,Marbonite",No/Rare Powercut,Monthly,6500,250000,"The address of Kalpataru Vivant is JVLR, Andheri East,",890,Kalpataru Vivant,23370,618,Jogeshwari Vikhroli Link Road,NA,Sq-ft,N,Freehold,Unfurnished,2,1 Covered,East,"Garden/Park, Pool, Main Road",New Property,10 of 21 Floor,Apartment,Mumbai,2,Agent,21,Water Availability 24 Hours Available,F,890,Sq-ft,Y,Bachelors/Family,"Jogeshwari Vikhroli Link Road, Mumbai",2 BHK Flat,Sq-ft,0,NA,1,Y,1,1,1,1,1,1,1,1,1,1,1,1,1,1,1,1,1,1,1,1,1,1,1,1,1,1,1,1,1,1,1,1,1,1,1,1,1,1,1,1,1,1,1,1,1,1,1,1,1,1,1,1,1,1,1,1,1,1,1,1,1,1,1,1,1,1,1,1,1,1,1,1,1,1,1,1,1,1,1,1,1,1,1,1,1,1,1,1,1,1,NA,NA,NA,NA,NA
12024,Ready to Move,NA,4,N,Divine Space,MCGM,NA,26000000,2.60 Cr,Vitrified,No/Rare Powercut,Monthly,NA,1000000,Opposite Oberoi Splendor,1250,Lily White,20800,800,Jogeshwari East,Opposite Oberoi Splendor,Sq-ft,Y,Co-operative Society,Semi-Furnished,2,1 Covered,North,Garden/Park,Resale,4 of 11 Floor,Apartment,Mumbai,2,Agent,11,Water Availability 24 Hours Available,F,1250,Sq-ft,Y,Bachelors/Family,"Jogeshwari East, Mumbai",2 BHK Flat,Sq-ft,0,Less than 5 years,1,NA,1,1,1,1,1,1,1,1,1,1,1,1,1,1,1,1,1,1,1,1,1,1,1,1,1,1,1,1,1,1,1,1,1,1,1,1,1,1,1,1,1,1,1,1,1,1,1,1,1,1,1,1,1,1,1,1,1,1,1,1,1,1,1,1,1,1,1,1,1,0,1,1,1,1,1,1,1,1,1,1,1,1,1,1,1,1,1,1,1,1,NA,NA,NA,NA,NA
12023,Under Construction,Mar '28,9,Y,Kalpataru Ltd.,MCGM,2,17500000,1.75 Cr,Vitrified,No/Rare Powercut,Monthly,6000,2100000,The property is at JVLR.,NA,Kalpataru Vivant,NA,618,Jogeshwari Vikhroli Link Road,NA,NA,Y,Freehold,Unfurnished,2,1 Covered,East,Main Road,New Property,9 of 22 Floor,Apartment,Mumbai,2,Agent,22,Water Availability 24 Hours Available,F,NA,Sq-ft,Y,Bachelors/Family,"Jogeshwari Vikhroli Link Road, Mumbai",2 BHK Flat,NA,0,NA,NA,Y,1,1,1,1,1,1,1,1,1,1,1,1,1,1,1,1,1,1,1,1,1,1,1,1,1,1,1,1,1,1,1,1,1,1,1,1,1,1,1,1,1,1,1,1,1,1,1,1,1,1,1,1,1,1,1,1,1,1,1,1,1,1,1,1,1,1,1,1,1,1,1,1,1,1,1,1,1,1,1,1,1,1,1,1,1,1,1,1,1,1,NA,NA,NA,NA,NA
12022,Under Construction,Dec '25,14,N,NA,MCGM,10,32004000,3.20 Cr,"Ceramic Tiles,Marble,Marbonite,Vitrified",No/Rare Powercut,Monthly,NA,3000000,Diagonally Opp to Oberoi Splendor,NA,NA,NA,1076,Jogeshwari Vikhroli Link Road,Diagonally Opp to Oberoi Splendor,NA,Y,Freehold,Semi-Furnished,3,1 Covered,East,"Garden/Park, Pool",New Property,14 of 22 Floor,Apartment,Mumbai,3,Agent,22,Water Availability 24 Hours Available,F,NA,Sq-ft,Y,Bachelors/Family,"Jogeshwari Vikhroli Link Road, Mumbai",3 BHK Flat,NA,0,NA,1,NA,1,1,1,1,1,1,1,1,1,1,1,1,1,1,1,1,1,1,1,1,1,1,1,1,1,1,1,1,1,1,1,1,1,1,1,1,1,1,1,1,1,1,1,1,1,1,1,1,1,1,1,1,1,1,1,1,1,1,1,1,1,1,1,1,1,1,1,1,1,1,1,1,1,1,1,1,1,1,1,1,1,1,1,1,1,1,1,1,1,1,NA,NA,NA,NA,NA
12021,Under Construction,Mar '28,8,Y,Kalpataru Ltd.,MCGM,2,28500000,2.85 Cr,Vitrified,No/Rare Powercut,Monthly,11000,2500000,NA,NA,Kalpataru Vivant,NA,991,Jogeshwari Vikhroli Link Road,NA,NA,Y,Freehold,Unfurnished,3,2 Covered,East,Garden/Park,New Property,8 of 22 Floor,Apartment,Mumbai,3,Agent,22,Water Availability 24 Hours Available,F,NA,Sq-ft,Y,Bachelors/Family,"Jogeshwari Vikhroli Link Road, Mumbai",3 BHK Flat,NA,0,NA,1,Y,1,1,1,1,1,1,1,1,1,1,1,1,1,1,1,1,1,1,1,1,1,1,1,1,1,1,1,1,1,1,1,1,1,1,1,1,1,1,1,1,1,1,1,1,1,1,1,1,1,1,1,1,1,1,1,1,1,1,1,1,1,1,1,1,1,1,1,1,1,1,1,1,1,1,1,1,1,1,1,1,1,1,1,1,1,1,1,1,1,1,NA,NA,NA,NA,NA
12020,Under Construction,Dec '25,11,N,Avant Group,MHADA,7,9600000,96 Lac,Vitrified,No/Rare Powercut,Monthly,2000,100000,"Near by w. E. H , metro , railway station, r. R thukur rd , link rd",445,Avant Heritage,21573,427,Jogeshwari East,"Near by w. E. H , metro , railway station, r. R thukur rd , link rd",Sq-ft,Y,Freehold,Semi-Furnished,2,1 Covered,North - East,Garden/Park,New Property,11 of 22 Floor,Apartment,Mumbai,1,Agent,22,Water Availability 24 Hours Available,F,445,Sq-ft,Y,Bachelors/Family,"Jogeshwari East, Mumbai",1 BHK Flat,Sq-ft,0,NA,3,Y,1,1,1,1,1,1,1,1,1,1,1,1,1,1,1,1,1,1,1,1,1,1,1,1,1,1,1,1,1,1,1,1,1,1,1,1,1,1,1,1,1,1,1,1,1,1,1,1,1,1,1,1,1,1,1,1,1,1,1,1,1,1,1,1,1,1,1,1,1,1,1,1,1,1,1,1,1,1,1,1,1,1,1,1,1,1,1,1,1,1,NA,NA,NA,NA,NA
12019,Under Construction,Dec '25,12,N,Avant Group,MHADA,8,13200000,1.32 Cr,Vitrified,No/Rare Powercut,Monthly,4000,300000,"Near by w. E. H , merto ,railway station , link rd ,jvlr rd , temple",600,Avant Heritage,22000,587,Jogeshwari East,"Near by w. E. H , merto ,railway station , link rd ,jvlr rd , temple",Sq-ft,Y,Freehold,Semi-Furnished,2,1 Covered,North - West,Garden/Park,New Property,12 of 22 Floor,Apartment,Mumbai,2,Agent,22,Water Availability 24 Hours Available,F,600,Sq-ft,Y,Bachelors/Family,"Jogeshwari East, Mumbai",2 BHK Flat,Sq-ft,0,NA,3,Y,1,1,1,1,1,1,1,1,1,1,1,1,1,1,1,1,1,1,1,1,1,1,1,1,1,1,1,1,1,1,1,1,1,1,1,1,1,1,1,1,1,1,1,1,1,1,1,1,1,1,1,1,1,1,1,1,1,1,1,1,1,1,1,1,1,1,1,1,1,1,1,1,1,1,1,1,1,1,1,1,1,1,1,1,1,1,1,1,1,1,NA,NA,NA,NA,NA
12018,Under Construction,Dec '26,Upper Basement,Y,Kalpataru Ltd.,NA,NA,13500000,1.35 Cr,NA,No/Rare Powercut,Monthly,NA,NA,JVLR Jogeshwari East,424,Kalpataru Vivant,31839,NA,Jogeshwari Vikhroli Link Road,NA,Sq-ft,Y,NA,Unfurnished,1,1 Open,NA,NA,New Property,Upper Basement of 22 Floor,Apartment,Mumbai,1,Agent,22,Water Availability 24 Hours Available,F,424,NA,Y,Bachelors/Family,"Jogeshwari Vikhroli Link Road, Mumbai",1 BHK Flat,Sq-ft,0,NA,NA,Y,1,1,1,1,1,1,1,1,1,1,1,1,1,1,1,1,1,1,1,1,1,1,1,1,1,1,1,1,1,1,1,1,1,1,1,1,1,1,1,1,1,1,1,1,1,1,1,1,1,1,1,1,1,1,1,1,1,1,1,1,1,1,1,1,1,1,1,1,1,1,1,1,1,1,1,1,1,1,1,1,1,1,1,1,1,1,1,1,1,1,NA,NA,NA,NA,NA
12017,Under Construction,Dec '26,Upper Basement,Y,Kalpataru Ltd.,MCGM,30,13000000,1.30 Cr,"Ceramic Tiles,Marble,Granite",No/Rare Powercut,Monthly,NA,500000,NA,750,Kalpataru Vivant,20344,439,Jogeshwari Vikhroli Link Road,NA,Sq-ft,Y,Freehold,Unfurnished,2,1 Covered,North - East,Garden/Park,New Property,Upper Basement of 22 Floor,Apartment,Mumbai,1,Agent,22,Water Availability 24 Hours Available,F,750,Sq-ft,Y,Bachelors/Family,"Jogeshwari Vikhroli Link Road, Mumbai",1 BHK Flat,Sq-ft,0,NA,NA,NA,1,1,1,1,1,1,1,1,1,1,1,1,1,1,1,1,1,1,1,1,1,1,1,1,1,1,1,1,1,1,1,1,1,1,1,1,1,1,1,1,1,1,1,1,1,1,1,1,1,1,1,1,1,1,1,1,1,1,1,1,1,1,1,1,1,1,1,1,1,1,1,1,1,1,1,1,1,1,1,1,1,1,1,1,1,1,1,1,1,1,NA,NA,NA,NA,NA
12016,Ready to Move,NA,13,N,Oberoi Realty Ltd.,MCGM,1,71000000,7.10 Cr,"Vitrified,Wooden",No/Rare Powercut,Monthly,25000,1100000,Majas Depo,2600,Oberoi Prisma,27307,1691,Jogeshwari Vikhroli Link Road,NA,Sq-ft,Y,Freehold,Semi-Furnished,6,3 Covered,North,"Garden/Park, Main Road",Resale,13 of 27 Floor,Apartment,Mumbai,4,Agent,27,Water Availability 24 Hours Available,F,2600,Sq-ft,Y,Bachelors/Family,"Jogeshwari Vikhroli Link Road, Mumbai",4 BHK Flat,Sq-ft,0,Less than 5 years,1,NA,1,1,1,1,1,1,1,1,1,1,1,1,1,1,1,1,1,1,1,1,1,1,1,1,1,1,1,1,1,1,1,1,1,1,1,1,1,1,1,1,1,1,1,1,1,1,1,1,1,1,1,1,1,1,1,1,1,1,1,1,1,1,1,1,1,1,1,1,1,0,1,1,1,1,1,1,1,1,1,1,1,1,1,1,1,1,1,1,1,1,NA,NA,NA,NA,NA
12015,Ready to Move,NA,6,Y,Atul Projects,NA,2,22000000,2.20 Cr,Granite,No/Rare Powercut,Monthly,0,500000,Seepz,1405,Hillcrest,15658,1040,Jogeshwari Vikhroli Link Road,NA,Sq-ft,N,Freehold,Semi-Furnished,3,1 Covered,South - East,"Garden/Park, Pool, Main Road",Resale,6 of 16 Floor,Apartment,Mumbai,3,Agent,16,Water Availability 24 Hours Available,F,1405,Sq-ft,Y,Bachelors/Family,"Jogeshwari Vikhroli Link Road, Mumbai",3 BHK Flat,Sq-ft,0,5 to 10 years,3,NA,1,1,1,1,1,1,1,1,1,1,1,1,1,1,1,1,1,1,1,1,1,1,1,1,1,1,1,1,1,1,1,1,1,1,1,1,1,1,1,1,1,1,1,1,1,1,1,1,1,1,1,1,1,1,1,1,1,1,1,1,1,1,1,1,1,1,1,1,0,1,1,1,1,1,1,1,1,1,1,1,1,1,1,1,1,1,1,1,1,1,NA,NA,NA,NA,NA
12014,Under Construction,Jul '25,9,Y,JP Infra Realty Pvt Ltd,ABAMNC,2,13300000,1.33 Cr,Vitrified,No/Rare Powercut,Per sq. Unit Monthly,3,100000,"Near WEH Metro Station, Western Express Hwy,",960,Codename Highway Touch,13854,600,Jogeshwari East,"Near WEH Metro Station, Western Express Hwy,",Sq-ft,Y,Freehold,Unfurnished,2,1 Open,East,Main Road,New Property,9 of 20 Floor,Apartment,Mumbai,2,Agent,20,Water Availability 24 Hours Available,F,960,Sq-ft,Y,Bachelors/Family,"Jogeshwari East, Mumbai",2 BHK Flat,Sq-ft,0,NA,4,Y,1,1,1,1,1,1,1,1,1,1,1,1,1,1,1,1,1,1,1,1,1,1,1,1,1,1,1,1,1,1,1,1,1,1,1,1,1,1,1,1,1,1,1,1,1,1,1,1,1,1,1,1,1,1,1,1,1,1,1,1,1,1,1,1,1,1,1,1,1,1,1,1,1,1,1,1,1,1,1,1,1,1,1,1,1,1,1,1,1,1,NA,NA,NA,NA,NA
12013,Under Construction,Dec '25,15,N,Nexus Builders,MCGM,NA,14600000,1.46 Cr,"Ceramic Tiles,Marble,Granite",No/Rare Powercut,Monthly,NA,100000,"Near Railway Station, Subhash Nagar",653,Ratan Heritage,22358,653,Jogeshwari East,"Near Railway Station, Subhash Nagar",Sq-ft,Y,Freehold,Unfurnished,2,NA,North - East,Garden/Park,New Property,15 of 18 Floor,Apartment,Mumbai,2,Agent,18,Water Availability 24 Hours Available,F,653,Sq-ft,Y,Bachelors/Family,"Jogeshwari East, Mumbai",2 BHK Flat,Sq-ft,0,NA,NA,NA,1,1,1,1,1,1,1,1,1,1,1,1,1,1,1,1,1,1,1,1,1,1,1,1,1,1,1,1,1,1,1,1,1,1,1,1,1,1,1,1,1,1,1,1,1,1,1,1,1,1,1,1,1,1,1,1,1,1,1,1,1,1,1,1,1,1,1,1,0,1,1,1,1,1,1,1,1,1,1,1,1,1,1,1,1,1,1,1,1,1,NA,NA,NA,NA,NA
12012,Under Construction,Dec '27,12,Y,JP Infra Realty Pvt Ltd,NA,NA,9500000,95 Lac,NA,NA,NA,NA,NA,NA,NA,Codename Highway Touch,NA,405,Jogeshwari East,NA,NA,Y,Freehold,Unfurnished,1,NA,West,"Garden/Park, Main Road",New Property,12 of 21 Floor,Apartment,Mumbai,1,Agent,21,NA,F,NA,Sq-ft,Y,Bachelors/Family,"Jogeshwari East, Mumbai",1 BHK Flat,NA,0,NA,NA,NA,1,1,0,1,1,1,1,0,1,0,0,0,0,0,0,1,1,0,0,0,0,0,0,0,0,0,0,0,0,0,0,0,0,0,0,0,0,0,0,0,0,0,0,0,0,0,0,0,0,0,0,0,0,0,0,0,0,0,0,0,0,0,0,0,0,0,0,0,0,0,0,0,0,0,0,0,0,0,0,0,0,0,0,0,0,0,0,0,0,0,NA,NA,NA,NA,NA
12011,Under Construction,Mar '25,10,N,Nexus Builders,MCGM,5,9900000,99 Lac,"Granite,Vitrified",No/Rare Powercut,Monthly,NA,NA,"2 min walking distance from station,20 meters from WEH",700,Ratan Heritage,14142,463,Jogeshwari East,NA,Sq-ft,Y,Freehold,Unfurnished,2,1 Covered,East,"Garden/Park, Main Road",New Property,10 of 12 Floor,Apartment,Mumbai,1,Agent,12,Water Availability 24 Hours Available,F,700,Sq-ft,Y,Bachelors/Family,"Jogeshwari East, Mumbai",1 BHK Flat,Sq-ft,0,NA,NA,NA,1,1,1,1,1,1,1,1,1,1,1,1,1,1,1,1,1,1,1,1,1,1,1,1,1,1,1,1,1,1,1,1,1,1,1,1,1,1,1,1,1,1,1,1,1,1,1,1,1,1,1,1,1,1,1,1,1,1,1,1,1,1,1,1,1,1,1,1,1,1,1,1,1,1,1,1,1,1,1,1,1,1,1,1,1,1,1,1,1,1,NA,NA,NA,NA,NA
12010,Ready to Move,NA,6,Y,Dipti Group,MCGM,4,9400000,94 Lac,"Ceramic Tiles,Marble,Granite",No/Rare Powercut,Monthly,NA,50000,"walking distances from Near Rly Station, on 10 minutes WEH anf Metro",754,Dipti Square,12466,354,Hind Nagar,NA,Sq-ft,Y,Freehold,Furnished,1,1 Covered,North - East,Main Road,New Property,6 of 7 Floor,Apartment,Mumbai,1,Agent,7,Water Availability 24 Hours Available,F,754,Sq-ft,Y,Bachelors/Family,"Hind Nagar, Mumbai",1 BHK Flat,Sq-ft,0,New Construction,NA,NA,1,1,1,1,1,1,1,1,1,1,1,1,1,1,1,1,1,1,1,1,1,1,1,1,1,1,1,1,1,1,1,1,1,1,1,1,1,1,1,1,1,1,1,1,1,1,1,1,1,1,1,1,1,1,1,1,1,1,1,1,1,1,1,1,1,1,1,1,1,1,1,1,1,1,1,1,1,1,1,1,1,1,1,1,1,1,1,1,1,1,NA,NA,NA,NA,NA
12009,Under Construction,Dec '24,10,N,Nexus Builders,MCGM,0,14000000,1.40 Cr,Vitrified,No/Rare Powercut,Monthly,3000,100000,Near station.,750,Ratan Heritage,18666,650,Jogeshwari East,NA,Sq-ft,N,Freehold,Semi-Furnished,2,1 Covered,East,Main Road,New Property,10 of 18 Floor,Apartment,Mumbai,2,Agent,18,Water Availability 24 Hours Available,F,750,Sq-ft,Y,Bachelors/Family,"Jogeshwari East, Mumbai",2 BHK Flat,Sq-ft,0,NA,NA,NA,1,1,1,1,1,1,1,1,1,1,1,1,1,1,1,1,1,1,1,1,1,1,1,1,1,1,1,1,1,1,1,1,1,1,1,1,1,1,1,1,1,1,1,1,1,1,1,1,1,1,1,1,1,1,1,1,1,1,1,1,1,1,1,1,1,1,1,1,0,1,1,1,1,1,1,1,1,1,1,1,1,1,1,1,1,1,1,1,1,1,NA,NA,NA,NA,NA
12008,Ready to Move,NA,Lower Basement,N,Oberoi Realty Ltd.,MCGM,0,56500000,5.65 Cr,Marble,No/Rare Powercut,Monthly,7500,2000000,Jvlr.,1820,Oberoi Splendor Grande,31043,1320,Jogeshwari Vikhroli Link Road,NA,Sq-ft,Y,Freehold,Unfurnished,3,2 Covered,NA,NA,Resale,Lower Basement of 28 Floor,Apartment,Mumbai,3,Agent,28,Water Availability 24 Hours Available,F,1820,Sq-ft,Y,Bachelors/Family,"Jogeshwari Vikhroli Link Road, Mumbai",3 BHK Flat,Sq-ft,0,5 to 10 years,NA,NA,1,1,0,1,1,1,1,1,1,1,0,0,0,0,1,1,1,0,0,1,1,0,0,0,0,0,0,1,1,0,0,0,0,0,0,0,0,0,0,0,0,0,0,0,0,0,0,0,0,0,0,0,0,0,0,0,0,0,0,0,0,0,0,0,0,0,0,0,0,0,0,0,0,0,0,0,0,0,0,0,0,0,0,0,0,0,0,0,0,0,NA,NA,NA,NA,NA
12007,Under Construction,Dec '26,10,N,Kalpataru Ltd.,MCGM,10,19900000,1.99 Cr,Vitrified,No/Rare Powercut,Monthly,4000,1000000,"Closer to JVLR road, Highway  oberoi splendour",900,Kalpataru Vivant,22111,618,Jogeshwari Vikhroli Link Road,NA,Sq-ft,Y,Freehold,Unfurnished,2,1 Covered,East,"Garden/Park, Pool",New Property,10 of 27 Floor,Apartment,Mumbai,2,Agent,27,Water Availability 24 Hours Available,F,900,Sq-ft,Y,Bachelors/Family,"Jogeshwari Vikhroli Link Road, Mumbai",2 BHK Flat,Sq-ft,0,NA,1,NA,1,1,1,1,1,1,1,1,1,1,1,1,1,1,1,1,1,1,1,1,1,1,1,1,1,1,1,1,1,1,1,1,1,1,1,1,1,1,1,1,1,1,1,1,1,1,1,1,1,1,1,1,1,1,1,1,1,1,1,1,1,1,1,1,1,1,1,1,1,1,0,1,1,1,1,1,1,1,1,1,1,1,1,1,1,1,1,1,1,1,NA,NA,NA,NA,NA
12006,Under Construction,Dec '25,10,N,NA,MCGM,4,12500000,1.25 Cr,Vitrified,No/Rare Powercut,Monthly,4000,100000,Its on WEH,667,NA,18740,402,Jogeshwari East,NA,Sq-ft,Y,Freehold,Unfurnished,2,1 Open,East,NA,New Property,10 of 22 Floor,Apartment,Mumbai,2,Agent,22,Water Availability 24 Hours Available,F,667,Sq-ft,Y,Bachelors/Family,"Jogeshwari East, Mumbai",2 BHK Flat,Sq-ft,0,NA,NA,Y,1,1,1,1,1,1,1,1,1,1,1,1,1,1,1,1,1,1,1,1,1,1,1,1,1,1,1,1,1,1,1,1,1,1,1,1,1,1,1,1,1,1,1,1,1,1,1,1,1,1,1,1,1,1,1,1,1,1,1,1,1,1,1,1,1,1,1,1,1,1,1,1,1,1,1,1,1,1,1,1,1,1,1,1,1,1,1,1,1,1,NA,NA,NA,NA,NA
12005,Under Construction,Dec '25,3,N,Kalpataru Ltd.,MCGM,5,13000000,1.30 Cr,Vitrified,No/Rare Powercut,Monthly,0,500000,Our project is a landmark on it own.,600,Kalpataru Vivant,21666,424,Jogeshwari Vikhroli Link Road,NA,Sq-ft,N,Freehold,Unfurnished,2,1 Open,East,Garden/Park,New Property,3 of 22 Floor,Apartment,Mumbai,1,Agent,22,Water Availability 24 Hours Available,F,600,Sq-ft,Y,Bachelors/Family,"Jogeshwari Vikhroli Link Road, Mumbai",1 BHK Flat,Sq-ft,0,NA,NA,Y,1,1,1,1,1,1,1,1,1,1,1,1,1,1,1,1,1,1,1,1,1,1,1,1,1,1,1,1,1,1,1,1,1,1,1,1,1,1,1,1,1,1,1,1,1,1,1,1,1,1,1,1,1,1,1,1,1,1,1,1,1,1,1,1,1,1,1,1,1,1,1,1,1,1,1,1,1,1,1,1,1,1,1,1,1,1,1,1,1,1,NA,NA,NA,NA,NA
12004,Under Construction,Mar '25,18,N,Avant Group,MCGM,21,8750000,87.5 Lac,Vitrified,No/Rare Powercut,Monthly,4000,500000,Kashinath Goankar Road,650,Avant Heritage,13461,427,Jogeshwari Vikhroli Link Road,NA,Sq-ft,Y,Freehold,Unfurnished,2,1 Covered,East,"Garden/Park, Pool",New Property,18 of 23 Floor,Apartment,Mumbai,1,Agent,23,Water Availability 24 Hours Available,F,650,Sq-ft,Y,Bachelors/Family,"Jogeshwari Vikhroli Link Road, Mumbai",1 BHK Flat,Sq-ft,0,NA,1,Y,1,1,1,1,1,1,1,1,1,1,1,1,1,1,1,1,1,1,1,1,1,1,1,1,1,1,1,1,1,1,1,1,1,1,1,1,1,1,1,1,1,1,1,1,1,1,1,1,1,1,1,1,1,1,1,1,1,1,1,1,1,1,1,1,1,1,1,1,1,1,1,1,1,1,1,1,1,1,1,1,1,1,1,1,1,1,1,1,1,1,NA,NA,NA,NA,NA
12003,Under Construction,Jun '27,9,N,NA,NA,NA,18000000,1.80 Cr,NA,NA,NA,NA,2000000,HDFC bank,900,NA,20000,620,Jogeshwari East,NA,Sq-ft,Y,Freehold,Unfurnished,2,NA,East,"Garden/Park, Main Road",New Property,9 of 26 Floor,Apartment,Mumbai,2,Agent,26,NA,F,900,Sq-ft,Y,Bachelors/Family,"Jogeshwari East, Mumbai",2 BHK Flat,Sq-ft,0,NA,NA,NA,1,1,1,1,1,1,1,1,1,1,1,1,1,1,1,1,1,1,1,1,1,1,1,1,1,1,1,1,1,1,1,1,1,1,1,1,1,1,1,1,1,1,1,1,1,1,1,1,1,1,1,1,1,1,1,1,1,1,1,1,1,1,1,1,1,1,1,1,1,1,1,1,1,1,1,1,1,1,1,1,1,1,1,1,1,1,1,1,1,1,NA,NA,NA,NA,NA
12002,Under Construction,Mar '25,15,N,Avant Group,MCGM,31,12400000,1.24 Cr,Vitrified,No/Rare Powercut,Monthly,6000,500000,Sham Nagar metro station,750,Avant Heritage,16533,605,Sham Nagar,NA,Sq-ft,Y,Leasehold,Unfurnished,2,1 Covered,East,"Garden/Park, Pool",New Property,15 of 23 Floor,Apartment,Mumbai,2,Agent,23,Water Availability 24 Hours Available,F,750,Sq-ft,Y,Bachelors/Family,"Sham Nagar, Mumbai",2 BHK Flat,Sq-ft,0,NA,2,Y,1,1,1,1,1,1,1,1,1,1,1,1,1,1,1,1,1,1,1,1,1,1,1,1,1,1,1,1,1,1,1,1,1,1,1,1,1,1,1,1,1,1,1,1,1,1,1,1,1,1,1,1,1,1,1,1,1,1,1,1,1,1,1,1,1,1,1,1,1,1,1,1,1,1,1,1,1,1,1,1,1,1,1,1,1,1,1,1,1,1,NA,NA,NA,NA,NA
12001,Under Construction,Mar '23,23,N,Oberoi Realty Ltd.,MCGM,0,60000000,6 Cr,Marble,No/Rare Powercut,Monthly,15000,1100000,the Flat is Close to Schools and Market.,NA,Oberoi Maxima,22222,1800,Jogeshwari Vikhroli Link Road,NA,NA,Y,Co-operative Society,Semi-Furnished,5,2 Covered,East,"Garden/Park, Pool, Main Road",New Property,23 of 31 Floor,Penthouse,Mumbai,5,Agent,31,Water Availability 24 Hours Available,F,NA,Sq-ft,Y,Bachelors/Family,"Jogeshwari Vikhroli Link Road, Mumbai",5 BHK Flat,NA,0,NA,1,Y,1,1,1,1,1,1,1,1,1,1,1,1,1,1,1,1,1,1,1,1,1,1,1,1,1,1,1,1,1,1,1,1,1,1,1,1,1,1,1,1,1,1,1,1,1,1,1,1,1,1,1,1,1,1,1,1,1,1,1,1,1,1,1,1,1,1,1,1,1,1,1,1,1,1,1,1,1,1,1,1,1,1,1,1,1,1,1,1,1,1,NA,Y,2700,12850,NA
12000,Under Construction,Jan '26,4,Y,Kalpataru Ltd.,NA,NA,20000000,2 Cr,NA,NA,NA,NA,2000000,HDFC bank,1400,Kalpataru Vivant,14286,709,Jogeshwari Vikhroli Link Road,NA,Sq-ft,Y,Freehold,Unfurnished,2,NA,East,"Garden/Park, Main Road",New Property,4 of 22 Floor,Apartment,Mumbai,2,Agent,22,NA,F,1400,Sq-ft,Y,Bachelors/Family,"Jogeshwari Vikhroli Link Road, Mumbai",2 BHK Flat,Sq-ft,0,NA,NA,Y,1,1,1,1,1,1,1,1,1,1,1,1,1,1,1,1,1,1,1,1,1,1,1,1,1,1,1,1,1,1,1,1,1,1,1,1,1,1,1,1,1,1,1,1,1,1,1,1,1,1,1,1,1,1,1,1,1,1,1,1,1,1,1,1,1,1,1,1,1,1,1,1,1,1,1,1,1,1,1,1,1,1,1,1,1,1,1,1,1,1,NA,NA,NA,NA,NA
11999,Ready to Move,NA,6,N,Avant Group,MCGM,1,15500000,1.55 Cr,Vitrified,No/Rare Powercut,Monthly,4700,500000,near nahur station east,1050,Avant Heritage 2,14761,600,Jogeshwari East,Newly Constructed Property,Sq-ft,Y,Freehold,Semi-Furnished,2,1 Covered,West,"Pool, Garden/Park",New Property,6 of 23 Floor,Apartment,Mumbai,2,Agent,23,Water Availability 24 Hours Available,F,1050,Sq-ft,Y,Bachelors/Family,"Jogeshwari East, Mumbai",2 BHK Flat,Sq-ft,0,New Construction,3,Y,1,1,1,1,1,1,1,1,1,1,1,1,1,1,1,1,1,1,1,1,1,1,1,1,1,1,1,1,1,1,1,1,1,1,1,1,1,1,1,1,1,1,1,1,1,1,1,1,1,1,1,1,1,1,1,1,1,1,1,1,1,1,1,1,1,1,1,1,0,1,1,1,1,1,1,1,1,1,1,1,1,1,1,1,1,1,1,1,1,1,NA,Y,NA,NA,NA
11998,Under Construction,Dec '25,2,N,Avant Group,ABADev,5,13261155,1.32 Cr,Vitrified,No/Rare Powercut,Monthly,5000,500000,Railway station 10 minMetro 5 minAirport 10 min,723,Avant Heritage 3,18341,517,Jogeshwari East,NA,Sq-ft,N,Freehold,Unfurnished,2,1 Covered,West,"Garden/Park, Pool, Main Road",New Property,2 of 23 Floor,Apartment,Mumbai,2,Agent,23,Water Availability 24 Hours Available,F,723,Sq-ft,Y,Bachelors/Family,"Jogeshwari East, Mumbai",2 BHK Flat,Sq-ft,0,NA,NA,Y,1,1,1,1,1,1,1,1,1,1,1,1,1,1,1,1,1,1,1,1,1,1,1,1,1,1,1,1,1,1,1,1,1,1,1,1,1,1,1,1,1,1,1,1,1,1,1,1,1,1,1,1,1,1,1,1,1,1,1,1,1,1,1,1,1,1,1,1,1,1,1,1,1,1,1,1,1,1,1,1,1,1,1,1,1,1,1,1,1,1,NA,NA,NA,NA,NA
11997,Under Construction,Mar '26,17,N,Siddha Group,MCGM,10,16500000,1.65 Cr,Vitrified,No/Rare Powercut,Monthly,5000,100000,near gtb nagar monorail station,1030,Siddha Sky,16019,644,Indira Nagar,NA,Sq-ft,Y,Freehold,Unfurnished,2,1 Covered,East,"Garden/Park, Main Road",New Property,17 of 39 Floor,Apartment,Mumbai,2,Agent,39,Water Availability 24 Hours Available,F,1030,Sq-ft,Y,Bachelors/Family,"Indira Nagar, Mumbai",2 BHK Flat,Sq-ft,0,NA,1,NA,1,1,1,1,1,1,1,1,1,1,1,1,1,1,1,1,1,1,1,1,1,1,1,1,1,1,1,1,1,1,1,1,1,1,1,1,1,1,1,1,1,1,1,1,1,1,1,1,1,1,1,1,1,1,1,1,1,1,1,1,1,1,1,1,1,1,1,1,1,1,0,1,1,1,1,1,1,1,1,1,1,1,1,1,1,1,1,1,1,1,NA,NA,NA,NA,NA
11996,Ready to Move,NA,4,N,NA,NA,0,13000000,1.30 Cr,Vitrified,No/Rare Powercut,Monthly,4200,200000,Near Sadbakhti Temple,650,Hindu Friends Society,20000,452,Natwar Nagar,Near Sadbakhti Temple,Sq-ft,N,Co-operative Society,Furnished,2,NA,North,NA,Resale,4 